-- phpMyAdmin SQL Dump
-- version 4.9.2
-- https://www.phpmyadmin.net/
--
-- Hôte : 127.0.0.1:3306
-- Généré le :  sam. 17 déc. 2022 à 16:15
-- Version du serveur :  10.4.10-MariaDB
-- Version de PHP :  7.4.0

SET SQL_MODE = "NO_AUTO_VALUE_ON_ZERO";
SET AUTOCOMMIT = 0;
START TRANSACTION;
SET time_zone = "+00:00";


/*!40101 SET @OLD_CHARACTER_SET_CLIENT=@@CHARACTER_SET_CLIENT */;
/*!40101 SET @OLD_CHARACTER_SET_RESULTS=@@CHARACTER_SET_RESULTS */;
/*!40101 SET @OLD_COLLATION_CONNECTION=@@COLLATION_CONNECTION */;
/*!40101 SET NAMES utf8mb4 */;

--
-- Base de données :  `chusei`
--

-- --------------------------------------------------------

--
-- Structure de la table `action`
--

DROP TABLE IF EXISTS `action`;
CREATE TABLE IF NOT EXISTS `action` (
  `id` int(11) NOT NULL AUTO_INCREMENT,
  `name` varchar(255) COLLATE utf8mb4_unicode_ci NOT NULL,
  `api_link` varchar(255) COLLATE utf8mb4_unicode_ci NOT NULL,
  `params` varchar(255) COLLATE utf8mb4_unicode_ci DEFAULT NULL,
  PRIMARY KEY (`id`)
) ENGINE=InnoDB AUTO_INCREMENT=8 DEFAULT CHARSET=utf8mb4 COLLATE=utf8mb4_unicode_ci;

--
-- Déchargement des données de la table `action`
--

INSERT INTO `action` (`id`, `name`, `api_link`, `params`) VALUES
(1, 'Devenir Archer', 'user/choice/classe', '{\"classe\": \"archer\"}'),
(2, 'Devenir Guerrier', 'user/choice/classe', '{\"classe\": \"guerrier\"}'),
(3, 'Devenir Sorcier', 'user/choice/classe', '{\"classe\": \"sorcier\"}'),
(4, 'Devenir Moine', 'user/choice/classe', '{\"classe\": \"moine\"}'),
(5, 'Prendre une chambre en auberge', 'auberge/entrer', NULL),
(6, 'Consulter le registre des guildes', 'guildes/consulter', NULL),
(7, 'Récompense de Grimbald', 'user/recompense/boss', '{\"bossId\": 1}');

-- --------------------------------------------------------

--
-- Structure de la table `alignement`
--

DROP TABLE IF EXISTS `alignement`;
CREATE TABLE IF NOT EXISTS `alignement` (
  `id` int(11) NOT NULL AUTO_INCREMENT,
  `carte_id` int(11) DEFAULT NULL,
  `nom` varchar(255) COLLATE utf8mb4_unicode_ci NOT NULL,
  `description` longtext COLLATE utf8mb4_unicode_ci DEFAULT NULL,
  `couleur` varchar(255) COLLATE utf8mb4_unicode_ci NOT NULL,
  `caracteristique_principale` int(11) DEFAULT NULL,
  `caracteristique_secondaire` int(11) DEFAULT NULL,
  `icone` varchar(255) COLLATE utf8mb4_unicode_ci NOT NULL,
  PRIMARY KEY (`id`),
  UNIQUE KEY `UNIQ_AE27FF7DC9C7CEB6` (`carte_id`)
) ENGINE=InnoDB AUTO_INCREMENT=4 DEFAULT CHARSET=utf8mb4 COLLATE=utf8mb4_unicode_ci;

--
-- Déchargement des données de la table `alignement`
--

INSERT INTO `alignement` (`id`, `carte_id`, `nom`, `description`, `couleur`, `caracteristique_principale`, `caracteristique_secondaire`, `icone`) VALUES
(1, 2, 'Les Exilés', NULL, '#0000FF', 1, 2, 'exile.png'),
(2, 3, 'Le cartel de Brumebois', 'on verra.', '#80ed99', 1, 2, 'cartel.png'),
(3, 4, 'Les royalistes', 'on verra.', '#ef233c', 1, 2, 'royaliste.png');

-- --------------------------------------------------------

--
-- Structure de la table `boss`
--

DROP TABLE IF EXISTS `boss`;
CREATE TABLE IF NOT EXISTS `boss` (
  `id` int(11) NOT NULL AUTO_INCREMENT,
  `name` varchar(255) COLLATE utf8mb4_unicode_ci NOT NULL,
  `max_life` int(11) NOT NULL,
  `actual_life` int(11) NOT NULL,
  `puissance` int(11) NOT NULL,
  `icone` varchar(255) COLLATE utf8mb4_unicode_ci NOT NULL,
  PRIMARY KEY (`id`)
) ENGINE=InnoDB AUTO_INCREMENT=2 DEFAULT CHARSET=utf8mb4 COLLATE=utf8mb4_unicode_ci;

--
-- Déchargement des données de la table `boss`
--

INSERT INTO `boss` (`id`, `name`, `max_life`, `actual_life`, `puissance`, `icone`) VALUES
(1, 'Grimbald l\'assoiffé', 5000, 1, 120, 'grimbaldAssoiffe');

-- --------------------------------------------------------

--
-- Structure de la table `boss_equipement`
--

DROP TABLE IF EXISTS `boss_equipement`;
CREATE TABLE IF NOT EXISTS `boss_equipement` (
  `id` int(11) NOT NULL AUTO_INCREMENT,
  `boss_id` int(11) DEFAULT NULL,
  `equipement_id` int(11) DEFAULT NULL,
  `taux_drop` int(11) NOT NULL,
  PRIMARY KEY (`id`),
  KEY `IDX_3B00863261FB672` (`boss_id`),
  KEY `IDX_3B00863806F0F5C` (`equipement_id`)
) ENGINE=InnoDB DEFAULT CHARSET=utf8mb4 COLLATE=utf8mb4_unicode_ci;

-- --------------------------------------------------------

--
-- Structure de la table `boss_objet`
--

DROP TABLE IF EXISTS `boss_objet`;
CREATE TABLE IF NOT EXISTS `boss_objet` (
  `id` int(11) NOT NULL AUTO_INCREMENT,
  `boss_id` int(11) DEFAULT NULL,
  `objet_id` int(11) DEFAULT NULL,
  `taux_drop` int(11) NOT NULL,
  PRIMARY KEY (`id`),
  KEY `IDX_372AAF8C261FB672` (`boss_id`),
  KEY `IDX_372AAF8CF520CF5A` (`objet_id`)
) ENGINE=InnoDB DEFAULT CHARSET=utf8mb4 COLLATE=utf8mb4_unicode_ci;

-- --------------------------------------------------------

--
-- Structure de la table `boss_recompense`
--

DROP TABLE IF EXISTS `boss_recompense`;
CREATE TABLE IF NOT EXISTS `boss_recompense` (
  `id` int(11) NOT NULL AUTO_INCREMENT,
  `boss_id` int(11) NOT NULL,
  `recompense_id` int(11) NOT NULL,
  `taux` int(11) NOT NULL,
  PRIMARY KEY (`id`),
  KEY `IDX_A59F0E4E261FB672` (`boss_id`),
  KEY `IDX_A59F0E4E4D714096` (`recompense_id`)
) ENGINE=InnoDB AUTO_INCREMENT=3 DEFAULT CHARSET=utf8mb4 COLLATE=utf8mb4_unicode_ci;

--
-- Déchargement des données de la table `boss_recompense`
--

INSERT INTO `boss_recompense` (`id`, `boss_id`, `recompense_id`, `taux`) VALUES
(1, 1, 2, 70),
(2, 1, 3, 30);

-- --------------------------------------------------------

--
-- Structure de la table `boss_sortilege`
--

DROP TABLE IF EXISTS `boss_sortilege`;
CREATE TABLE IF NOT EXISTS `boss_sortilege` (
  `id` int(11) NOT NULL AUTO_INCREMENT,
  `boss_id` int(11) DEFAULT NULL,
  `non_player_sortilege_id` int(11) DEFAULT NULL,
  `life_percent` int(11) NOT NULL,
  `life_percent_min` int(11) NOT NULL,
  PRIMARY KEY (`id`),
  KEY `IDX_7E8B7832261FB672` (`boss_id`),
  KEY `IDX_7E8B7832947AAC7D` (`non_player_sortilege_id`)
) ENGINE=InnoDB AUTO_INCREMENT=3 DEFAULT CHARSET=utf8mb4 COLLATE=utf8mb4_unicode_ci;

--
-- Déchargement des données de la table `boss_sortilege`
--

INSERT INTO `boss_sortilege` (`id`, `boss_id`, `non_player_sortilege_id`, `life_percent`, `life_percent_min`) VALUES
(1, 1, 1, 100, 51),
(2, 1, 2, 50, 0);

-- --------------------------------------------------------

--
-- Structure de la table `buff`
--

DROP TABLE IF EXISTS `buff`;
CREATE TABLE IF NOT EXISTS `buff` (
  `id` int(11) NOT NULL AUTO_INCREMENT,
  `name` varchar(255) COLLATE utf8mb4_unicode_ci NOT NULL,
  `icone` varchar(255) COLLATE utf8mb4_unicode_ci DEFAULT NULL,
  `is_carac` tinyint(1) NOT NULL,
  `is_dispell` tinyint(1) NOT NULL,
  `is_blocage` tinyint(1) NOT NULL,
  `value` int(11) DEFAULT NULL,
  `duree` int(11) DEFAULT NULL,
  PRIMARY KEY (`id`)
) ENGINE=InnoDB AUTO_INCREMENT=6 DEFAULT CHARSET=utf8mb4 COLLATE=utf8mb4_unicode_ci;

--
-- Déchargement des données de la table `buff`
--

INSERT INTO `buff` (`id`, `name`, `icone`, `is_carac`, `is_dispell`, `is_blocage`, `value`, `duree`) VALUES
(1, 'Bénédiction des dieux', 'moine/benediction-dieu.png', 1, 0, 0, 50, 300),
(2, 'Engelure ', 'sorcier/souffle-borghem.png', 0, 1, 0, 3, 8),
(3, 'Corruption', 'sorcier/projectile-demoniaque.png', 0, 0, 0, 100, 4),
(4, 'Equilibre des sages', 'sorcier/equilibre-sages.png', 1, 0, 0, 50, 360),
(5, 'Maîtrise de l\'arc', 'archer/maitrise-arc.png', 1, 0, 0, 40, 300);

-- --------------------------------------------------------

--
-- Structure de la table `buff_caracteristique`
--

DROP TABLE IF EXISTS `buff_caracteristique`;
CREATE TABLE IF NOT EXISTS `buff_caracteristique` (
  `id` int(11) NOT NULL AUTO_INCREMENT,
  `buff_id` int(11) NOT NULL,
  `caracteristique_id` int(11) NOT NULL,
  `value` int(11) NOT NULL,
  PRIMARY KEY (`id`),
  KEY `IDX_D112B7714B9528D0` (`buff_id`),
  KEY `IDX_D112B7711704EEB7` (`caracteristique_id`)
) ENGINE=InnoDB AUTO_INCREMENT=7 DEFAULT CHARSET=utf8mb4 COLLATE=utf8mb4_unicode_ci;

--
-- Déchargement des données de la table `buff_caracteristique`
--

INSERT INTO `buff_caracteristique` (`id`, `buff_id`, `caracteristique_id`, `value`) VALUES
(1, 1, 3, 50),
(2, 1, 2, 50),
(3, 1, 4, 50),
(4, 1, 5, 50),
(5, 4, 5, 50),
(6, 5, 3, 40);

-- --------------------------------------------------------

--
-- Structure de la table `caracteristique`
--

DROP TABLE IF EXISTS `caracteristique`;
CREATE TABLE IF NOT EXISTS `caracteristique` (
  `id` int(11) NOT NULL AUTO_INCREMENT,
  `nom` varchar(255) COLLATE utf8mb4_unicode_ci NOT NULL,
  PRIMARY KEY (`id`)
) ENGINE=InnoDB AUTO_INCREMENT=10 DEFAULT CHARSET=utf8mb4 COLLATE=utf8mb4_unicode_ci;

--
-- Déchargement des données de la table `caracteristique`
--

INSERT INTO `caracteristique` (`id`, `nom`) VALUES
(1, 'constitution'),
(2, 'force'),
(3, 'dexterite'),
(4, 'intelligence'),
(5, 'concentration'),
(6, 'chance'),
(7, 'armure'),
(8, 'critique'),
(9, 'Vol de vie');

-- --------------------------------------------------------

--
-- Structure de la table `carreau`
--

DROP TABLE IF EXISTS `carreau`;
CREATE TABLE IF NOT EXISTS `carreau` (
  `id` int(11) NOT NULL AUTO_INCREMENT,
  `type` varchar(255) COLLATE utf8mb4_unicode_ci NOT NULL,
  `is_wrap` tinyint(1) NOT NULL,
  `is_usable` tinyint(1) NOT NULL,
  PRIMARY KEY (`id`)
) ENGINE=InnoDB AUTO_INCREMENT=4 DEFAULT CHARSET=utf8mb4 COLLATE=utf8mb4_unicode_ci;

--
-- Déchargement des données de la table `carreau`
--

INSERT INTO `carreau` (`id`, `type`, `is_wrap`, `is_usable`) VALUES
(1, 'normal', 0, 1),
(2, 'Collision', 0, 0),
(3, 'wrap', 1, 0);

-- --------------------------------------------------------

--
-- Structure de la table `carte`
--

DROP TABLE IF EXISTS `carte`;
CREATE TABLE IF NOT EXISTS `carte` (
  `id` int(11) NOT NULL AUTO_INCREMENT,
  `nom` varchar(255) COLLATE utf8mb4_unicode_ci NOT NULL,
  `position` varchar(255) COLLATE utf8mb4_unicode_ci NOT NULL,
  `abscisse` int(11) NOT NULL,
  `ordonnee` int(11) NOT NULL,
  `is_instance` tinyint(1) NOT NULL,
  `is_cimetiere` tinyint(1) NOT NULL,
  `is_auberge` tinyint(1) NOT NULL,
  PRIMARY KEY (`id`)
) ENGINE=InnoDB AUTO_INCREMENT=16 DEFAULT CHARSET=utf8mb4 COLLATE=utf8mb4_unicode_ci;

--
-- Déchargement des données de la table `carte`
--

INSERT INTO `carte` (`id`, `nom`, `position`, `abscisse`, `ordonnee`, `is_instance`, `is_cimetiere`, `is_auberge`) VALUES
(1, 'Le bois de Hal', '{\"a\":0,\"o\":0}', 0, 0, 0, 0, 0),
(2, 'Tutorial', '{\"a\":0,\"o\":-1}', 0, -1, 0, 0, 0),
(3, 'Noobycité - centre', '', 0, 0, 0, 0, 0),
(4, 'Noobycité - Armurerie & Auberge', '', 0, 0, 0, 0, 0),
(5, 'Noobycité - Armoire d\'Armoise', '', 0, 0, 0, 0, 0),
(6, 'Province de Noobycité - Ouest', '', 0, 0, 0, 0, 0),
(7, 'Province de Noobycité - Sud Ouest', '', 0, 0, 0, 0, 0),
(8, 'Donjon Scintillant - Salle 1', '', 0, 0, 0, 0, 0),
(9, 'Donjon Scintillant - Salle 2', '', 0, 0, 0, 0, 0),
(10, 'Donjon Scintillant - Salle 3', '', 0, 0, 0, 0, 0),
(11, 'Donjon Scintillant - Salle 4', '', 0, 0, 0, 0, 0),
(12, 'Cimetière - Province de Noobycité', '', 0, 0, 1, 1, 0),
(13, 'Le bois de Hal - nord', '', 0, 0, 0, 0, 0),
(14, 'Auberge', '', 0, 0, 1, 0, 1),
(15, 'Donjon scintillant - cache de Grimbald', '', 0, 0, 0, 0, 0);

-- --------------------------------------------------------

--
-- Structure de la table `carte_carreau`
--

DROP TABLE IF EXISTS `carte_carreau`;
CREATE TABLE IF NOT EXISTS `carte_carreau` (
  `carte_id` int(11) DEFAULT NULL,
  `carreau_id` int(11) DEFAULT NULL,
  `id` int(11) NOT NULL AUTO_INCREMENT,
  `abscisse` int(11) NOT NULL,
  `ordonnee` int(11) NOT NULL,
  `joueur_id` int(11) DEFAULT NULL,
  `monstre_carreau_id` int(11) DEFAULT NULL,
  `target_map_id` int(11) DEFAULT NULL,
  `pnj_id` int(11) DEFAULT NULL,
  `target_wrap` int(11) DEFAULT NULL,
  `is_usable` tinyint(1) NOT NULL,
  `is_wrap` tinyint(1) NOT NULL,
  `action_id` int(11) DEFAULT NULL,
  `boss_id` int(11) DEFAULT NULL,
  `wrap_id` int(11) DEFAULT NULL,
  PRIMARY KEY (`id`),
  UNIQUE KEY `UNIQ_E5E3BC85A9E2D76C` (`joueur_id`),
  KEY `IDX_E5E3BC85C9C7CEB6` (`carte_id`),
  KEY `IDX_E5E3BC853E4A9995` (`carreau_id`),
  KEY `IDX_E5E3BC8567E2515C` (`monstre_carreau_id`),
  KEY `IDX_E5E3BC8551796E0B` (`pnj_id`),
  KEY `IDX_E5E3BC859D32F035` (`action_id`),
  KEY `IDX_E5E3BC85261FB672` (`boss_id`),
  KEY `IDX_E5E3BC85A4247F52` (`wrap_id`)
) ENGINE=InnoDB AUTO_INCREMENT=5761 DEFAULT CHARSET=utf8mb4 COLLATE=utf8mb4_unicode_ci;

--
-- Déchargement des données de la table `carte_carreau`
--

INSERT INTO `carte_carreau` (`carte_id`, `carreau_id`, `id`, `abscisse`, `ordonnee`, `joueur_id`, `monstre_carreau_id`, `target_map_id`, `pnj_id`, `target_wrap`, `is_usable`, `is_wrap`, `action_id`, `boss_id`, `wrap_id`) VALUES
(1, 1, 1, 0, 0, NULL, NULL, NULL, 1, NULL, 0, 0, NULL, NULL, NULL),
(1, 1, 2, 1, 0, NULL, NULL, NULL, NULL, NULL, 0, 0, NULL, NULL, NULL),
(1, 1, 3, 2, 0, NULL, NULL, NULL, NULL, NULL, 1, 0, NULL, NULL, NULL),
(1, 1, 4, 3, 0, NULL, NULL, NULL, NULL, NULL, 1, 0, NULL, NULL, NULL),
(1, 1, 5, 4, 0, NULL, NULL, NULL, NULL, NULL, 1, 0, NULL, NULL, NULL),
(1, 1, 6, 5, 0, NULL, NULL, NULL, NULL, NULL, 1, 0, NULL, NULL, NULL),
(1, 1, 7, 6, 0, NULL, NULL, NULL, NULL, NULL, 0, 0, NULL, NULL, NULL),
(1, 1, 8, 7, 0, NULL, NULL, NULL, NULL, NULL, 1, 0, NULL, NULL, NULL),
(1, 1, 9, 8, 0, NULL, NULL, NULL, NULL, NULL, 1, 0, NULL, NULL, NULL),
(1, 1, 10, 9, 0, NULL, NULL, 13, NULL, 4978, 0, 1, NULL, NULL, 1),
(1, 1, 11, 10, 0, NULL, NULL, NULL, NULL, NULL, 1, 0, NULL, NULL, NULL),
(1, 1, 12, 11, 0, NULL, NULL, NULL, NULL, NULL, 1, 0, NULL, NULL, NULL),
(1, 1, 13, 12, 0, NULL, NULL, NULL, NULL, NULL, 1, 0, NULL, NULL, NULL),
(1, 1, 14, 13, 0, NULL, NULL, NULL, NULL, NULL, 1, 0, NULL, NULL, NULL),
(1, 1, 15, 14, 0, NULL, NULL, NULL, NULL, NULL, 1, 0, NULL, NULL, NULL),
(1, 1, 16, 15, 0, NULL, NULL, NULL, NULL, NULL, 0, 0, NULL, NULL, NULL),
(1, 1, 17, 16, 0, NULL, NULL, NULL, NULL, NULL, 0, 0, NULL, NULL, NULL),
(1, 1, 18, 17, 0, NULL, NULL, NULL, NULL, NULL, 1, 0, NULL, NULL, NULL),
(1, 1, 19, 18, 0, NULL, NULL, NULL, NULL, NULL, 0, 0, NULL, NULL, NULL),
(1, 1, 20, 19, 0, NULL, NULL, NULL, NULL, NULL, 1, 0, NULL, NULL, NULL),
(1, 1, 21, 20, 0, NULL, NULL, NULL, NULL, NULL, 1, 0, NULL, NULL, NULL),
(1, 1, 22, 21, 0, NULL, NULL, NULL, NULL, NULL, 1, 0, NULL, NULL, NULL),
(1, 1, 23, 22, 0, NULL, NULL, NULL, NULL, NULL, 1, 0, NULL, NULL, NULL),
(1, 1, 24, 23, 0, NULL, NULL, NULL, NULL, NULL, 1, 0, NULL, NULL, NULL),
(1, 1, 25, 0, 1, NULL, NULL, NULL, NULL, NULL, 1, 0, NULL, NULL, NULL),
(1, 1, 26, 1, 1, NULL, NULL, NULL, NULL, NULL, 0, 0, NULL, NULL, NULL),
(1, 1, 27, 2, 1, NULL, NULL, NULL, NULL, NULL, 1, 0, NULL, NULL, NULL),
(1, 1, 28, 3, 1, NULL, NULL, NULL, NULL, NULL, 1, 0, NULL, NULL, NULL),
(1, 1, 29, 4, 1, NULL, NULL, NULL, NULL, NULL, 1, 0, NULL, NULL, NULL),
(1, 1, 30, 5, 1, NULL, NULL, NULL, NULL, NULL, 1, 0, NULL, NULL, NULL),
(1, 1, 31, 6, 1, NULL, NULL, NULL, NULL, NULL, 0, 0, NULL, NULL, NULL),
(1, 1, 32, 7, 1, NULL, NULL, NULL, NULL, NULL, 1, 0, NULL, NULL, NULL),
(1, 1, 33, 8, 1, NULL, NULL, NULL, NULL, NULL, 0, 0, NULL, NULL, NULL),
(1, 1, 34, 9, 1, NULL, NULL, NULL, NULL, NULL, 1, 0, NULL, NULL, NULL),
(1, 1, 35, 10, 1, NULL, NULL, NULL, NULL, NULL, 1, 0, NULL, NULL, NULL),
(1, 1, 36, 11, 1, NULL, NULL, NULL, NULL, NULL, 1, 0, NULL, NULL, NULL),
(1, 1, 37, 12, 1, NULL, NULL, NULL, NULL, NULL, 0, 0, NULL, NULL, NULL),
(1, 1, 38, 13, 1, NULL, NULL, NULL, NULL, NULL, 1, 0, NULL, NULL, NULL),
(1, 1, 39, 14, 1, NULL, NULL, NULL, NULL, NULL, 1, 0, NULL, NULL, NULL),
(1, 1, 40, 15, 1, NULL, NULL, NULL, NULL, NULL, 0, 0, NULL, NULL, NULL),
(1, 1, 41, 16, 1, NULL, NULL, NULL, NULL, NULL, 0, 0, NULL, NULL, NULL),
(1, 1, 42, 17, 1, NULL, NULL, NULL, NULL, NULL, 1, 0, NULL, NULL, NULL),
(1, 1, 43, 18, 1, NULL, NULL, NULL, NULL, NULL, 0, 0, NULL, NULL, NULL),
(1, 1, 44, 19, 1, NULL, NULL, NULL, NULL, NULL, 0, 0, NULL, NULL, NULL),
(1, 1, 45, 20, 1, NULL, NULL, NULL, NULL, NULL, 0, 0, NULL, NULL, NULL),
(1, 1, 46, 21, 1, NULL, NULL, NULL, NULL, NULL, 0, 0, NULL, NULL, NULL),
(1, 1, 47, 22, 1, NULL, NULL, NULL, NULL, NULL, 0, 0, NULL, NULL, NULL),
(1, 1, 48, 23, 1, NULL, NULL, NULL, NULL, NULL, 1, 0, NULL, NULL, NULL),
(1, 1, 49, 0, 2, NULL, NULL, NULL, NULL, NULL, 0, 0, NULL, NULL, NULL),
(1, 1, 50, 1, 2, NULL, NULL, NULL, NULL, NULL, 0, 0, NULL, NULL, NULL),
(1, 1, 51, 2, 2, NULL, NULL, NULL, NULL, NULL, 0, 0, NULL, NULL, NULL),
(1, 1, 52, 3, 2, NULL, NULL, NULL, NULL, NULL, 0, 0, NULL, NULL, NULL),
(1, 1, 53, 4, 2, NULL, NULL, NULL, NULL, NULL, 0, 0, NULL, NULL, NULL),
(1, 1, 54, 5, 2, NULL, NULL, NULL, NULL, NULL, 0, 0, NULL, NULL, NULL),
(1, 1, 55, 6, 2, NULL, NULL, NULL, NULL, NULL, 0, 0, NULL, NULL, NULL),
(1, 1, 56, 7, 2, NULL, NULL, NULL, NULL, NULL, 1, 0, NULL, NULL, NULL),
(1, 1, 57, 8, 2, NULL, NULL, NULL, NULL, NULL, 0, 0, NULL, NULL, NULL),
(1, 1, 58, 9, 2, NULL, NULL, NULL, NULL, NULL, 1, 0, NULL, NULL, NULL),
(1, 1, 59, 10, 2, NULL, NULL, NULL, NULL, NULL, 1, 0, NULL, NULL, NULL),
(1, 1, 60, 11, 2, NULL, NULL, NULL, NULL, NULL, 1, 0, NULL, NULL, NULL),
(1, 1, 61, 12, 2, NULL, NULL, NULL, NULL, NULL, 0, 0, NULL, NULL, NULL),
(1, 1, 62, 13, 2, NULL, NULL, NULL, NULL, NULL, 1, 0, NULL, NULL, NULL),
(1, 1, 63, 14, 2, NULL, NULL, NULL, NULL, NULL, 1, 0, NULL, NULL, NULL),
(1, 1, 64, 15, 2, NULL, NULL, NULL, NULL, NULL, 1, 0, NULL, NULL, NULL),
(1, 1, 65, 16, 2, NULL, NULL, NULL, NULL, NULL, 1, 0, NULL, NULL, NULL),
(1, 1, 66, 17, 2, NULL, NULL, NULL, NULL, NULL, 1, 0, NULL, NULL, NULL),
(1, 1, 67, 18, 2, NULL, NULL, NULL, NULL, NULL, 0, 0, NULL, NULL, NULL),
(1, 1, 68, 19, 2, NULL, NULL, NULL, NULL, NULL, 0, 0, NULL, NULL, NULL),
(1, 1, 69, 20, 2, NULL, NULL, NULL, NULL, NULL, 0, 0, NULL, NULL, NULL),
(1, 1, 70, 21, 2, NULL, NULL, NULL, NULL, NULL, 0, 0, NULL, NULL, NULL),
(1, 1, 71, 22, 2, NULL, NULL, NULL, NULL, NULL, 0, 0, NULL, NULL, NULL),
(1, 1, 72, 23, 2, NULL, NULL, NULL, NULL, NULL, 1, 0, NULL, NULL, NULL),
(1, 1, 73, 0, 3, NULL, NULL, NULL, NULL, NULL, 1, 0, NULL, NULL, NULL),
(1, 1, 74, 1, 3, NULL, NULL, NULL, NULL, NULL, 0, 0, NULL, NULL, NULL),
(1, 1, 75, 2, 3, NULL, NULL, NULL, NULL, NULL, 1, 0, NULL, NULL, NULL),
(1, 1, 76, 3, 3, NULL, NULL, NULL, NULL, NULL, 1, 0, NULL, NULL, NULL),
(1, 1, 77, 4, 3, NULL, NULL, NULL, NULL, NULL, 0, 0, NULL, NULL, NULL),
(1, 1, 78, 5, 3, NULL, NULL, NULL, NULL, NULL, 0, 0, NULL, NULL, NULL),
(1, 1, 79, 6, 3, NULL, NULL, NULL, NULL, NULL, 0, 0, NULL, NULL, NULL),
(1, 1, 80, 7, 3, NULL, NULL, NULL, NULL, NULL, 0, 0, NULL, NULL, NULL),
(1, 1, 81, 8, 3, NULL, NULL, NULL, NULL, NULL, 1, 0, NULL, NULL, NULL),
(1, 1, 82, 9, 3, NULL, NULL, NULL, NULL, NULL, 1, 0, NULL, NULL, NULL),
(1, 1, 83, 10, 3, NULL, NULL, NULL, NULL, NULL, 1, 0, NULL, NULL, NULL),
(1, 1, 84, 11, 3, NULL, NULL, NULL, NULL, NULL, 1, 0, NULL, NULL, NULL),
(1, 1, 85, 12, 3, NULL, NULL, NULL, NULL, NULL, 1, 0, NULL, NULL, NULL),
(1, 1, 86, 13, 3, NULL, NULL, NULL, NULL, NULL, 1, 0, NULL, NULL, NULL),
(1, 1, 87, 14, 3, NULL, NULL, NULL, NULL, NULL, 0, 0, NULL, NULL, NULL),
(1, 1, 88, 15, 3, NULL, NULL, NULL, NULL, NULL, 1, 0, NULL, NULL, NULL),
(1, 1, 89, 16, 3, NULL, NULL, NULL, NULL, NULL, 1, 0, NULL, NULL, NULL),
(1, 1, 90, 17, 3, NULL, NULL, NULL, NULL, NULL, 1, 0, NULL, NULL, NULL),
(1, 1, 91, 18, 3, NULL, NULL, NULL, NULL, NULL, 1, 0, NULL, NULL, NULL),
(1, 1, 92, 19, 3, NULL, NULL, NULL, NULL, NULL, 1, 0, NULL, NULL, NULL),
(1, 1, 93, 20, 3, NULL, NULL, NULL, NULL, NULL, 0, 0, NULL, NULL, NULL),
(1, 1, 94, 21, 3, NULL, NULL, NULL, NULL, NULL, 1, 0, NULL, NULL, NULL),
(1, 1, 95, 22, 3, NULL, NULL, NULL, NULL, NULL, 0, 0, NULL, NULL, NULL),
(1, 1, 96, 23, 3, NULL, NULL, NULL, NULL, NULL, 1, 0, NULL, NULL, NULL),
(1, 1, 97, 0, 4, NULL, NULL, NULL, NULL, NULL, 1, 0, NULL, NULL, NULL),
(1, 1, 98, 1, 4, NULL, NULL, NULL, NULL, NULL, 0, 0, NULL, NULL, NULL),
(1, 1, 99, 2, 4, NULL, NULL, NULL, NULL, NULL, 0, 0, NULL, NULL, NULL),
(1, 1, 100, 3, 4, NULL, NULL, NULL, NULL, NULL, 0, 0, NULL, NULL, NULL),
(1, 1, 101, 4, 4, NULL, NULL, NULL, NULL, NULL, 0, 0, NULL, NULL, NULL),
(1, 1, 102, 5, 4, NULL, NULL, NULL, NULL, NULL, 0, 0, NULL, NULL, NULL),
(1, 1, 103, 6, 4, NULL, NULL, NULL, NULL, NULL, 0, 0, NULL, NULL, NULL),
(1, 1, 104, 7, 4, NULL, NULL, NULL, NULL, NULL, 0, 0, NULL, NULL, NULL),
(1, 1, 105, 8, 4, NULL, NULL, NULL, NULL, NULL, 1, 0, NULL, NULL, NULL),
(1, 1, 106, 9, 4, NULL, NULL, NULL, NULL, NULL, 1, 0, NULL, NULL, NULL),
(1, 1, 107, 10, 4, NULL, NULL, NULL, NULL, NULL, 0, 0, NULL, NULL, NULL),
(1, 1, 108, 11, 4, NULL, NULL, NULL, NULL, NULL, 1, 0, NULL, NULL, NULL),
(1, 1, 109, 12, 4, NULL, NULL, NULL, NULL, NULL, 1, 0, NULL, NULL, NULL),
(1, 1, 110, 13, 4, NULL, NULL, NULL, NULL, NULL, 1, 0, NULL, NULL, NULL),
(1, 1, 111, 14, 4, NULL, NULL, NULL, NULL, NULL, 0, 0, NULL, NULL, NULL),
(1, 1, 112, 15, 4, NULL, NULL, NULL, NULL, NULL, 0, 0, NULL, NULL, NULL),
(1, 1, 113, 16, 4, NULL, NULL, NULL, NULL, NULL, 1, 0, NULL, NULL, NULL),
(1, 1, 114, 17, 4, NULL, NULL, NULL, NULL, NULL, 1, 0, NULL, NULL, NULL),
(1, 1, 115, 18, 4, NULL, NULL, NULL, NULL, NULL, 1, 0, NULL, NULL, NULL),
(1, 1, 116, 19, 4, NULL, NULL, NULL, NULL, NULL, 1, 0, NULL, NULL, NULL),
(1, 1, 117, 20, 4, NULL, NULL, NULL, NULL, NULL, 0, 0, NULL, NULL, NULL),
(1, 1, 118, 21, 4, NULL, NULL, NULL, NULL, NULL, 1, 0, NULL, NULL, NULL),
(1, 1, 119, 22, 4, NULL, NULL, NULL, NULL, NULL, 0, 0, NULL, NULL, NULL),
(1, 1, 120, 23, 4, NULL, NULL, NULL, NULL, NULL, 1, 0, NULL, NULL, NULL),
(1, 1, 121, 0, 5, NULL, NULL, NULL, NULL, NULL, 0, 0, NULL, NULL, NULL),
(1, 1, 122, 1, 5, NULL, NULL, NULL, NULL, NULL, 0, 0, NULL, NULL, NULL),
(1, 1, 123, 2, 5, NULL, NULL, NULL, NULL, NULL, 0, 0, NULL, NULL, NULL),
(1, 1, 124, 3, 5, NULL, NULL, NULL, NULL, NULL, 0, 0, NULL, NULL, NULL),
(1, 1, 125, 4, 5, NULL, NULL, NULL, NULL, NULL, 0, 0, NULL, NULL, NULL),
(1, 1, 126, 5, 5, NULL, NULL, NULL, NULL, NULL, 0, 0, NULL, NULL, NULL),
(1, 1, 127, 6, 5, NULL, NULL, NULL, NULL, NULL, 0, 0, NULL, NULL, NULL),
(1, 1, 128, 7, 5, NULL, NULL, NULL, NULL, NULL, 1, 0, NULL, NULL, NULL),
(1, 1, 129, 8, 5, NULL, NULL, NULL, NULL, NULL, 1, 0, NULL, NULL, NULL),
(1, 1, 130, 9, 5, NULL, NULL, NULL, NULL, NULL, 1, 0, NULL, NULL, NULL),
(1, 1, 131, 10, 5, NULL, NULL, NULL, NULL, NULL, 0, 0, NULL, NULL, NULL),
(1, 1, 132, 11, 5, NULL, NULL, NULL, NULL, NULL, 1, 0, NULL, NULL, NULL),
(1, 1, 133, 12, 5, NULL, NULL, NULL, NULL, NULL, 1, 0, NULL, NULL, NULL),
(1, 1, 134, 13, 5, NULL, NULL, NULL, NULL, NULL, 1, 0, NULL, NULL, NULL),
(1, 1, 135, 14, 5, NULL, NULL, NULL, NULL, NULL, 0, 0, NULL, NULL, NULL),
(1, 1, 136, 15, 5, NULL, NULL, NULL, NULL, NULL, 0, 0, NULL, NULL, NULL),
(1, 1, 137, 16, 5, NULL, NULL, NULL, NULL, NULL, 1, 0, NULL, NULL, NULL),
(1, 1, 138, 17, 5, NULL, NULL, NULL, NULL, NULL, 1, 0, NULL, NULL, NULL),
(1, 1, 139, 18, 5, NULL, NULL, NULL, NULL, NULL, 0, 0, NULL, NULL, NULL),
(1, 1, 140, 19, 5, NULL, NULL, NULL, NULL, NULL, 1, 0, NULL, NULL, NULL),
(1, 1, 141, 20, 5, NULL, NULL, NULL, NULL, NULL, 1, 0, NULL, NULL, NULL),
(1, 1, 142, 21, 5, NULL, NULL, NULL, NULL, NULL, 1, 0, NULL, NULL, NULL),
(1, 1, 143, 22, 5, NULL, NULL, NULL, NULL, NULL, 0, 0, NULL, NULL, NULL),
(1, 1, 144, 23, 5, NULL, NULL, NULL, NULL, NULL, 1, 0, NULL, NULL, NULL),
(1, 1, 145, 0, 6, NULL, NULL, NULL, NULL, NULL, 0, 0, NULL, NULL, NULL),
(1, 1, 146, 1, 6, NULL, NULL, NULL, NULL, NULL, 0, 0, NULL, NULL, NULL),
(1, 1, 147, 2, 6, NULL, NULL, NULL, NULL, NULL, 0, 0, NULL, NULL, NULL),
(1, 1, 148, 3, 6, NULL, NULL, NULL, NULL, NULL, 0, 0, NULL, NULL, NULL),
(1, 1, 149, 4, 6, NULL, NULL, NULL, NULL, NULL, 0, 0, NULL, NULL, NULL),
(1, 1, 150, 5, 6, NULL, NULL, NULL, NULL, NULL, 1, 0, NULL, NULL, NULL),
(1, 1, 151, 6, 6, NULL, NULL, NULL, NULL, NULL, 0, 0, NULL, NULL, NULL),
(1, 1, 152, 7, 6, NULL, NULL, NULL, NULL, NULL, 1, 0, NULL, NULL, NULL),
(1, 1, 153, 8, 6, NULL, NULL, NULL, NULL, NULL, 1, 0, NULL, NULL, NULL),
(1, 1, 154, 9, 6, NULL, NULL, NULL, NULL, NULL, 1, 0, NULL, NULL, NULL),
(1, 1, 155, 10, 6, NULL, NULL, NULL, NULL, NULL, 1, 0, NULL, NULL, NULL),
(1, 1, 156, 11, 6, NULL, NULL, NULL, NULL, NULL, 1, 0, NULL, NULL, NULL),
(1, 1, 157, 12, 6, NULL, NULL, NULL, NULL, NULL, 0, 0, NULL, NULL, NULL),
(1, 1, 158, 13, 6, NULL, NULL, NULL, NULL, NULL, 1, 0, NULL, NULL, NULL),
(1, 1, 159, 14, 6, NULL, NULL, NULL, NULL, NULL, 0, 0, NULL, NULL, NULL),
(1, 1, 160, 15, 6, NULL, NULL, NULL, NULL, NULL, 1, 0, NULL, NULL, NULL),
(1, 1, 161, 16, 6, NULL, NULL, NULL, NULL, NULL, 1, 0, NULL, NULL, NULL),
(1, 1, 162, 17, 6, NULL, NULL, NULL, NULL, NULL, 1, 0, NULL, NULL, NULL),
(1, 1, 163, 18, 6, NULL, NULL, NULL, NULL, NULL, 0, 0, NULL, NULL, NULL),
(1, 1, 164, 19, 6, NULL, NULL, NULL, NULL, NULL, 1, 0, NULL, NULL, NULL),
(1, 1, 165, 20, 6, NULL, NULL, NULL, NULL, NULL, 0, 0, NULL, NULL, NULL),
(1, 1, 166, 21, 6, NULL, NULL, NULL, NULL, NULL, 1, 0, NULL, NULL, NULL),
(1, 1, 167, 22, 6, NULL, NULL, NULL, NULL, NULL, 0, 0, NULL, NULL, NULL),
(1, 1, 168, 23, 6, NULL, NULL, NULL, NULL, NULL, 1, 0, NULL, NULL, NULL),
(1, 1, 169, 0, 7, NULL, NULL, NULL, NULL, NULL, 1, 0, NULL, NULL, NULL),
(1, 1, 170, 1, 7, NULL, NULL, NULL, NULL, NULL, 1, 0, NULL, NULL, NULL),
(1, 1, 171, 2, 7, NULL, NULL, NULL, NULL, NULL, 1, 0, NULL, NULL, NULL),
(1, 1, 172, 3, 7, NULL, NULL, NULL, NULL, NULL, 1, 0, NULL, NULL, NULL),
(1, 1, 173, 4, 7, NULL, NULL, NULL, NULL, NULL, 1, 0, NULL, NULL, NULL),
(1, 1, 174, 5, 7, NULL, NULL, NULL, NULL, NULL, 1, 0, NULL, NULL, NULL),
(1, 1, 175, 6, 7, NULL, NULL, NULL, NULL, NULL, 1, 0, NULL, NULL, NULL),
(1, 1, 176, 7, 7, NULL, NULL, NULL, NULL, NULL, 1, 0, NULL, NULL, NULL),
(1, 1, 177, 8, 7, NULL, NULL, NULL, NULL, NULL, 1, 0, NULL, NULL, NULL),
(1, 1, 178, 9, 7, NULL, NULL, NULL, NULL, NULL, 0, 0, NULL, NULL, NULL),
(1, 1, 179, 10, 7, NULL, NULL, NULL, NULL, NULL, 1, 0, NULL, NULL, NULL),
(1, 1, 180, 11, 7, NULL, NULL, NULL, NULL, NULL, 0, 0, NULL, NULL, NULL),
(1, 1, 181, 12, 7, NULL, NULL, NULL, NULL, NULL, 0, 0, NULL, NULL, NULL),
(1, 1, 182, 13, 7, NULL, NULL, NULL, NULL, NULL, 1, 0, NULL, NULL, NULL),
(1, 1, 183, 14, 7, NULL, NULL, NULL, NULL, NULL, 1, 0, NULL, NULL, NULL),
(1, 1, 184, 15, 7, NULL, NULL, NULL, NULL, NULL, 1, 0, NULL, NULL, NULL),
(1, 1, 185, 16, 7, NULL, NULL, NULL, NULL, NULL, 1, 0, NULL, NULL, NULL),
(1, 1, 186, 17, 7, NULL, NULL, NULL, NULL, NULL, 1, 0, NULL, NULL, NULL),
(1, 1, 187, 18, 7, NULL, NULL, NULL, NULL, NULL, 1, 0, NULL, NULL, NULL),
(1, 1, 188, 19, 7, NULL, NULL, NULL, NULL, NULL, 1, 0, NULL, NULL, NULL),
(1, 1, 189, 20, 7, NULL, NULL, NULL, NULL, NULL, 0, 0, NULL, NULL, NULL),
(1, 1, 190, 21, 7, NULL, NULL, NULL, NULL, NULL, 1, 0, NULL, NULL, NULL),
(1, 1, 191, 22, 7, NULL, NULL, NULL, NULL, NULL, 0, 0, NULL, NULL, NULL),
(1, 1, 192, 23, 7, NULL, NULL, NULL, NULL, NULL, 1, 0, NULL, NULL, NULL),
(1, 1, 193, 0, 8, NULL, NULL, NULL, NULL, NULL, 1, 0, NULL, NULL, NULL),
(1, 1, 194, 1, 8, NULL, NULL, NULL, NULL, NULL, 1, 0, NULL, NULL, NULL),
(1, 1, 195, 2, 8, NULL, NULL, NULL, NULL, NULL, 1, 0, NULL, NULL, NULL),
(1, 1, 196, 3, 8, NULL, NULL, NULL, NULL, NULL, 1, 0, NULL, NULL, NULL),
(1, 1, 197, 4, 8, NULL, NULL, NULL, NULL, NULL, 1, 0, NULL, NULL, NULL),
(1, 1, 198, 5, 8, NULL, NULL, NULL, NULL, NULL, 0, 0, NULL, NULL, NULL),
(1, 1, 199, 6, 8, NULL, NULL, NULL, NULL, NULL, 1, 0, NULL, NULL, NULL),
(1, 1, 200, 7, 8, NULL, NULL, NULL, NULL, NULL, 1, 0, NULL, NULL, NULL),
(1, 1, 201, 8, 8, NULL, NULL, NULL, NULL, NULL, 1, 0, NULL, NULL, NULL),
(1, 1, 202, 9, 8, NULL, NULL, NULL, NULL, NULL, 0, 0, NULL, NULL, NULL),
(1, 1, 203, 10, 8, NULL, NULL, NULL, NULL, NULL, 1, 0, NULL, NULL, NULL),
(1, 1, 204, 11, 8, NULL, NULL, NULL, NULL, NULL, 0, 0, NULL, NULL, NULL),
(1, 1, 205, 12, 8, NULL, NULL, NULL, NULL, NULL, 1, 0, NULL, NULL, NULL),
(1, 1, 206, 13, 8, NULL, NULL, NULL, NULL, NULL, 1, 0, NULL, NULL, NULL),
(1, 1, 207, 14, 8, NULL, NULL, NULL, NULL, NULL, 0, 0, NULL, NULL, NULL),
(1, 1, 208, 15, 8, NULL, NULL, NULL, NULL, NULL, 1, 0, NULL, NULL, NULL),
(1, 1, 209, 16, 8, NULL, NULL, NULL, NULL, NULL, 1, 0, NULL, NULL, NULL),
(1, 1, 210, 17, 8, NULL, NULL, NULL, NULL, NULL, 1, 0, NULL, NULL, NULL),
(1, 1, 211, 18, 8, NULL, NULL, NULL, NULL, NULL, 1, 0, NULL, NULL, NULL),
(1, 1, 212, 19, 8, NULL, NULL, NULL, NULL, NULL, 1, 0, NULL, NULL, NULL),
(1, 1, 213, 20, 8, NULL, NULL, NULL, NULL, NULL, 1, 0, NULL, NULL, NULL),
(1, 1, 214, 21, 8, NULL, NULL, NULL, NULL, NULL, 1, 0, NULL, NULL, NULL),
(1, 1, 215, 22, 8, NULL, NULL, NULL, NULL, NULL, 0, 0, NULL, NULL, NULL),
(1, 1, 216, 23, 8, NULL, NULL, NULL, NULL, NULL, 1, 0, NULL, NULL, NULL),
(1, 1, 217, 0, 9, NULL, NULL, NULL, NULL, NULL, 0, 0, NULL, NULL, NULL),
(1, 1, 218, 1, 9, NULL, NULL, NULL, NULL, NULL, 0, 0, NULL, NULL, NULL),
(1, 1, 219, 2, 9, NULL, NULL, NULL, NULL, NULL, 1, 0, NULL, NULL, NULL),
(1, 1, 220, 3, 9, NULL, NULL, NULL, NULL, NULL, 1, 0, NULL, NULL, NULL),
(1, 1, 221, 4, 9, NULL, NULL, NULL, NULL, NULL, 1, 0, NULL, NULL, NULL),
(1, 1, 222, 5, 9, NULL, NULL, NULL, NULL, NULL, 0, 0, NULL, NULL, NULL),
(1, 1, 223, 6, 9, NULL, NULL, NULL, NULL, NULL, 1, 0, NULL, NULL, NULL),
(1, 1, 224, 7, 9, NULL, NULL, NULL, NULL, NULL, 1, 0, NULL, NULL, NULL),
(1, 1, 225, 8, 9, NULL, NULL, NULL, NULL, NULL, 1, 0, NULL, NULL, NULL),
(1, 1, 226, 9, 9, NULL, NULL, NULL, NULL, NULL, 1, 0, NULL, NULL, NULL),
(1, 1, 227, 10, 9, NULL, NULL, NULL, NULL, NULL, 1, 0, NULL, NULL, NULL),
(1, 1, 228, 11, 9, NULL, NULL, NULL, NULL, NULL, 1, 0, NULL, NULL, NULL),
(1, 1, 229, 12, 9, NULL, NULL, NULL, NULL, NULL, 1, 0, NULL, NULL, NULL),
(1, 1, 230, 13, 9, NULL, NULL, NULL, NULL, NULL, 1, 0, NULL, NULL, NULL),
(1, 1, 231, 14, 9, NULL, NULL, NULL, NULL, NULL, 0, 0, NULL, NULL, NULL),
(1, 1, 232, 15, 9, NULL, NULL, NULL, NULL, NULL, 1, 0, NULL, NULL, NULL),
(1, 1, 233, 16, 9, NULL, NULL, NULL, NULL, NULL, 1, 0, NULL, NULL, NULL),
(1, 1, 234, 17, 9, NULL, NULL, NULL, NULL, NULL, 0, 0, NULL, NULL, NULL),
(1, 1, 235, 18, 9, NULL, NULL, NULL, NULL, NULL, 0, 0, NULL, NULL, NULL),
(1, 1, 236, 19, 9, NULL, NULL, NULL, NULL, NULL, 0, 0, NULL, NULL, NULL),
(1, 1, 237, 20, 9, NULL, NULL, NULL, NULL, NULL, 0, 0, NULL, NULL, NULL),
(1, 1, 238, 21, 9, NULL, NULL, NULL, NULL, NULL, 1, 0, NULL, NULL, NULL),
(1, 1, 239, 22, 9, NULL, NULL, NULL, NULL, NULL, 0, 0, NULL, NULL, NULL),
(1, 1, 240, 23, 9, NULL, NULL, NULL, NULL, NULL, 1, 0, NULL, NULL, NULL),
(1, 1, 241, 0, 10, NULL, NULL, NULL, NULL, NULL, 0, 0, NULL, NULL, NULL),
(1, 1, 242, 1, 10, NULL, NULL, NULL, NULL, NULL, 0, 0, NULL, NULL, NULL),
(1, 1, 243, 2, 10, NULL, NULL, NULL, NULL, NULL, 1, 0, NULL, NULL, NULL),
(1, 1, 244, 3, 10, NULL, NULL, NULL, NULL, NULL, 1, 0, NULL, NULL, NULL),
(1, 1, 245, 4, 10, NULL, NULL, NULL, NULL, NULL, 1, 0, NULL, NULL, NULL),
(1, 1, 246, 5, 10, NULL, NULL, NULL, NULL, NULL, 1, 0, NULL, NULL, NULL),
(1, 1, 247, 6, 10, NULL, NULL, NULL, NULL, NULL, 1, 0, NULL, NULL, NULL),
(1, 1, 248, 7, 10, NULL, NULL, NULL, NULL, NULL, 0, 0, NULL, NULL, NULL),
(1, 1, 249, 8, 10, NULL, NULL, NULL, NULL, NULL, 1, 0, NULL, NULL, NULL),
(1, 1, 250, 9, 10, NULL, 2, NULL, NULL, NULL, 1, 0, NULL, NULL, NULL),
(1, 1, 251, 10, 10, NULL, NULL, NULL, NULL, NULL, 1, 0, NULL, NULL, NULL),
(1, 1, 252, 11, 10, NULL, NULL, NULL, NULL, NULL, 1, 0, NULL, NULL, NULL),
(1, 1, 253, 12, 10, NULL, NULL, NULL, NULL, NULL, 1, 0, NULL, NULL, NULL),
(1, 1, 254, 13, 10, NULL, NULL, NULL, NULL, NULL, 1, 0, NULL, NULL, NULL),
(1, 1, 255, 14, 10, NULL, NULL, NULL, NULL, NULL, 1, 0, NULL, NULL, NULL),
(1, 1, 256, 15, 10, NULL, NULL, NULL, NULL, NULL, 1, 0, NULL, NULL, NULL),
(1, 1, 257, 16, 10, NULL, NULL, NULL, NULL, NULL, 1, 0, NULL, NULL, NULL),
(1, 1, 258, 17, 10, NULL, NULL, NULL, NULL, NULL, 1, 0, NULL, NULL, NULL),
(1, 1, 259, 18, 10, NULL, NULL, NULL, NULL, NULL, 0, 0, NULL, NULL, NULL),
(1, 1, 260, 19, 10, NULL, NULL, NULL, NULL, NULL, 0, 0, NULL, NULL, NULL),
(1, 1, 261, 20, 10, NULL, NULL, NULL, NULL, NULL, 0, 0, NULL, NULL, NULL),
(1, 1, 262, 21, 10, NULL, NULL, NULL, NULL, NULL, 1, 0, NULL, NULL, NULL),
(1, 1, 263, 22, 10, NULL, NULL, NULL, NULL, NULL, 0, 0, NULL, NULL, NULL),
(1, 1, 264, 23, 10, NULL, NULL, NULL, NULL, NULL, 0, 0, NULL, NULL, NULL),
(1, 1, 265, 0, 11, NULL, NULL, NULL, NULL, NULL, 1, 0, NULL, NULL, NULL),
(1, 1, 266, 1, 11, NULL, NULL, NULL, NULL, NULL, 1, 0, NULL, NULL, NULL),
(1, 1, 267, 2, 11, NULL, NULL, NULL, NULL, NULL, 1, 0, NULL, NULL, NULL),
(1, 1, 268, 3, 11, NULL, NULL, NULL, NULL, NULL, 1, 0, NULL, NULL, NULL),
(1, 1, 269, 4, 11, NULL, NULL, NULL, NULL, NULL, 1, 0, NULL, NULL, NULL),
(1, 1, 270, 5, 11, NULL, NULL, NULL, NULL, NULL, 1, 0, NULL, NULL, NULL),
(1, 1, 271, 6, 11, NULL, NULL, NULL, NULL, NULL, 1, 0, NULL, NULL, NULL),
(1, 1, 272, 7, 11, NULL, NULL, NULL, NULL, NULL, 0, 0, NULL, NULL, NULL),
(1, 1, 273, 8, 11, NULL, NULL, NULL, NULL, NULL, 1, 0, NULL, NULL, NULL),
(1, 1, 274, 9, 11, NULL, NULL, NULL, NULL, NULL, 1, 0, NULL, NULL, NULL),
(1, 1, 275, 10, 11, NULL, NULL, NULL, NULL, NULL, 1, 0, NULL, NULL, NULL),
(1, 1, 276, 11, 11, NULL, NULL, NULL, NULL, NULL, 1, 0, NULL, NULL, NULL),
(1, 1, 277, 12, 11, NULL, 3, NULL, NULL, NULL, 1, 0, NULL, NULL, NULL),
(1, 1, 278, 13, 11, NULL, NULL, NULL, NULL, NULL, 1, 0, NULL, NULL, NULL),
(1, 1, 279, 14, 11, NULL, NULL, NULL, NULL, NULL, 1, 0, NULL, NULL, NULL),
(1, 1, 280, 15, 11, NULL, NULL, NULL, NULL, NULL, 0, 0, NULL, NULL, NULL),
(1, 1, 281, 16, 11, NULL, NULL, NULL, NULL, NULL, 0, 0, NULL, NULL, NULL),
(1, 1, 282, 17, 11, NULL, NULL, NULL, NULL, NULL, 1, 0, NULL, NULL, NULL),
(1, 1, 283, 18, 11, NULL, NULL, NULL, NULL, NULL, 0, 0, NULL, NULL, NULL),
(1, 1, 284, 19, 11, NULL, NULL, NULL, NULL, NULL, 0, 0, NULL, NULL, NULL),
(1, 1, 285, 20, 11, NULL, NULL, NULL, NULL, NULL, 0, 0, NULL, NULL, NULL),
(1, 1, 286, 21, 11, NULL, NULL, NULL, NULL, NULL, 1, 0, NULL, NULL, NULL),
(1, 1, 287, 22, 11, NULL, NULL, NULL, NULL, NULL, 0, 0, NULL, NULL, NULL),
(1, 1, 288, 23, 11, NULL, NULL, NULL, NULL, NULL, 0, 0, NULL, NULL, NULL),
(1, 1, 289, 0, 12, NULL, NULL, NULL, NULL, NULL, 1, 0, NULL, NULL, NULL),
(1, 1, 290, 1, 12, NULL, NULL, NULL, NULL, NULL, 1, 0, NULL, NULL, NULL),
(1, 1, 291, 2, 12, NULL, NULL, NULL, NULL, NULL, 1, 0, NULL, NULL, NULL),
(1, 1, 292, 3, 12, NULL, 4, NULL, NULL, NULL, 1, 0, NULL, NULL, NULL),
(1, 1, 293, 4, 12, NULL, NULL, NULL, NULL, NULL, 1, 0, NULL, NULL, NULL),
(1, 1, 294, 5, 12, NULL, NULL, NULL, NULL, NULL, 1, 0, NULL, NULL, NULL),
(1, 1, 295, 6, 12, NULL, NULL, NULL, NULL, NULL, 1, 0, NULL, NULL, NULL),
(1, 1, 296, 7, 12, NULL, NULL, NULL, NULL, NULL, 1, 0, NULL, NULL, NULL),
(1, 1, 297, 8, 12, NULL, NULL, NULL, NULL, NULL, 1, 0, NULL, NULL, NULL),
(1, 1, 298, 9, 12, NULL, NULL, NULL, NULL, NULL, 0, 0, NULL, NULL, NULL),
(1, 1, 299, 10, 12, NULL, NULL, NULL, NULL, NULL, 1, 0, NULL, NULL, NULL),
(1, 1, 300, 11, 12, NULL, NULL, NULL, NULL, NULL, 1, 0, NULL, NULL, NULL),
(1, 1, 301, 12, 12, NULL, NULL, NULL, NULL, NULL, 1, 0, NULL, NULL, NULL),
(1, 1, 302, 13, 12, NULL, NULL, NULL, NULL, NULL, 1, 0, NULL, NULL, NULL),
(1, 1, 303, 14, 12, NULL, NULL, NULL, NULL, NULL, 1, 0, NULL, NULL, NULL),
(1, 1, 304, 15, 12, NULL, NULL, NULL, NULL, NULL, 0, 0, NULL, NULL, NULL),
(1, 1, 305, 16, 12, NULL, NULL, NULL, NULL, NULL, 0, 0, NULL, NULL, NULL),
(1, 1, 306, 17, 12, NULL, NULL, NULL, NULL, NULL, 1, 0, NULL, NULL, NULL),
(1, 1, 307, 18, 12, NULL, NULL, NULL, NULL, NULL, 0, 0, NULL, NULL, NULL),
(1, 1, 308, 19, 12, NULL, NULL, NULL, NULL, NULL, 0, 0, NULL, NULL, NULL),
(1, 1, 309, 20, 12, NULL, NULL, NULL, NULL, NULL, 0, 0, NULL, NULL, NULL),
(1, 1, 310, 21, 12, NULL, NULL, NULL, NULL, NULL, 1, 0, NULL, NULL, NULL),
(1, 1, 311, 22, 12, NULL, NULL, NULL, NULL, NULL, 1, 0, NULL, NULL, NULL),
(1, 1, 312, 23, 12, NULL, NULL, NULL, NULL, NULL, 1, 0, NULL, NULL, NULL),
(1, 1, 313, 0, 13, NULL, NULL, NULL, NULL, NULL, 1, 0, NULL, NULL, NULL),
(1, 1, 314, 1, 13, NULL, NULL, NULL, NULL, NULL, 1, 0, NULL, NULL, NULL),
(1, 1, 315, 2, 13, NULL, NULL, NULL, NULL, NULL, 0, 0, NULL, NULL, NULL),
(1, 1, 316, 3, 13, NULL, NULL, NULL, NULL, NULL, 1, 0, NULL, NULL, NULL),
(1, 1, 317, 4, 13, NULL, NULL, NULL, NULL, NULL, 1, 0, NULL, NULL, NULL),
(1, 1, 318, 5, 13, NULL, NULL, NULL, NULL, NULL, 1, 0, NULL, NULL, NULL),
(1, 1, 319, 6, 13, NULL, NULL, NULL, NULL, NULL, 1, 0, NULL, NULL, NULL),
(1, 1, 320, 7, 13, NULL, NULL, NULL, NULL, NULL, 1, 0, NULL, NULL, NULL),
(1, 1, 321, 8, 13, NULL, NULL, NULL, NULL, NULL, 1, 0, NULL, NULL, NULL),
(1, 1, 322, 9, 13, NULL, NULL, NULL, NULL, NULL, 0, 0, NULL, NULL, NULL),
(1, 1, 323, 10, 13, NULL, NULL, NULL, NULL, NULL, 1, 0, NULL, NULL, NULL),
(1, 1, 324, 11, 13, NULL, NULL, NULL, NULL, NULL, 1, 0, NULL, NULL, NULL),
(1, 1, 325, 12, 13, NULL, NULL, NULL, NULL, NULL, 1, 0, NULL, NULL, NULL),
(1, 1, 326, 13, 13, NULL, NULL, NULL, NULL, NULL, 0, 0, NULL, NULL, NULL),
(1, 1, 327, 14, 13, NULL, NULL, NULL, NULL, NULL, 1, 0, NULL, NULL, NULL),
(1, 1, 328, 15, 13, NULL, NULL, NULL, NULL, NULL, 1, 0, NULL, NULL, NULL),
(1, 1, 329, 16, 13, NULL, NULL, NULL, NULL, NULL, 1, 0, NULL, NULL, NULL),
(1, 1, 330, 17, 13, NULL, NULL, NULL, NULL, NULL, 1, 0, NULL, NULL, NULL),
(1, 1, 331, 18, 13, NULL, NULL, NULL, NULL, NULL, 0, 0, NULL, NULL, NULL),
(1, 1, 332, 19, 13, NULL, NULL, NULL, NULL, NULL, 0, 0, NULL, NULL, NULL),
(1, 1, 333, 20, 13, NULL, NULL, NULL, NULL, NULL, 0, 0, NULL, NULL, NULL),
(1, 1, 334, 21, 13, NULL, NULL, NULL, NULL, NULL, 0, 0, NULL, NULL, NULL),
(1, 1, 335, 22, 13, NULL, NULL, NULL, NULL, NULL, 0, 0, NULL, NULL, NULL),
(1, 1, 336, 23, 13, NULL, NULL, NULL, NULL, NULL, 0, 0, NULL, NULL, NULL),
(1, 1, 337, 0, 14, NULL, NULL, NULL, NULL, NULL, 1, 0, NULL, NULL, NULL),
(1, 1, 338, 1, 14, NULL, NULL, NULL, NULL, NULL, 1, 0, NULL, NULL, NULL),
(1, 1, 339, 2, 14, NULL, NULL, NULL, NULL, NULL, 0, 0, NULL, NULL, NULL),
(1, 1, 340, 3, 14, NULL, NULL, NULL, NULL, NULL, 1, 0, NULL, NULL, NULL),
(1, 1, 341, 4, 14, NULL, NULL, NULL, NULL, NULL, 1, 0, NULL, NULL, NULL),
(1, 1, 342, 5, 14, NULL, NULL, NULL, NULL, NULL, 0, 0, NULL, NULL, NULL),
(1, 1, 343, 6, 14, NULL, NULL, NULL, NULL, NULL, 1, 0, NULL, NULL, NULL),
(1, 1, 344, 7, 14, NULL, NULL, NULL, NULL, NULL, 1, 0, NULL, NULL, NULL),
(1, 1, 345, 8, 14, NULL, NULL, NULL, NULL, NULL, 1, 0, NULL, NULL, NULL),
(1, 1, 346, 9, 14, NULL, NULL, NULL, NULL, NULL, 1, 0, NULL, NULL, NULL),
(1, 1, 347, 10, 14, NULL, NULL, NULL, NULL, NULL, 1, 0, NULL, NULL, NULL),
(1, 1, 348, 11, 14, NULL, NULL, NULL, NULL, NULL, 1, 0, NULL, NULL, NULL),
(1, 1, 349, 12, 14, NULL, NULL, NULL, NULL, NULL, 1, 0, NULL, NULL, NULL),
(1, 1, 350, 13, 14, NULL, NULL, NULL, NULL, NULL, 0, 0, NULL, NULL, NULL),
(1, 1, 351, 14, 14, NULL, NULL, NULL, NULL, NULL, 1, 0, NULL, NULL, NULL),
(1, 1, 352, 15, 14, NULL, NULL, NULL, NULL, NULL, 1, 0, NULL, NULL, NULL),
(1, 1, 353, 16, 14, NULL, NULL, NULL, NULL, NULL, 1, 0, NULL, NULL, NULL),
(1, 1, 354, 17, 14, NULL, NULL, NULL, NULL, NULL, 0, 0, NULL, NULL, NULL),
(1, 1, 355, 18, 14, NULL, NULL, NULL, NULL, NULL, 0, 0, NULL, NULL, NULL),
(1, 1, 356, 19, 14, NULL, NULL, NULL, NULL, NULL, 0, 0, NULL, NULL, NULL),
(1, 1, 357, 20, 14, NULL, NULL, NULL, NULL, NULL, 0, 0, NULL, NULL, NULL),
(1, 1, 358, 21, 14, NULL, NULL, NULL, NULL, NULL, 0, 0, NULL, NULL, NULL),
(1, 1, 359, 22, 14, NULL, NULL, NULL, NULL, NULL, 0, 0, NULL, NULL, NULL),
(1, 1, 360, 23, 14, NULL, NULL, NULL, NULL, NULL, 0, 0, NULL, NULL, NULL),
(1, 1, 361, 0, 15, NULL, NULL, NULL, NULL, NULL, 1, 0, NULL, NULL, NULL),
(1, 1, 362, 1, 15, NULL, NULL, NULL, NULL, NULL, 1, 0, NULL, NULL, NULL),
(1, 1, 363, 2, 15, NULL, NULL, NULL, NULL, NULL, 1, 0, NULL, NULL, NULL),
(1, 1, 364, 3, 15, NULL, NULL, NULL, NULL, NULL, 1, 0, NULL, NULL, NULL),
(1, 1, 365, 4, 15, NULL, NULL, NULL, NULL, NULL, 1, 0, NULL, NULL, NULL),
(1, 1, 366, 5, 15, NULL, NULL, NULL, NULL, NULL, 0, 0, NULL, NULL, NULL),
(1, 3, 367, 6, 15, NULL, NULL, 2, NULL, 393, 1, 1, NULL, NULL, 1),
(1, 1, 368, 7, 15, NULL, NULL, NULL, NULL, NULL, 1, 0, NULL, NULL, NULL),
(1, 1, 369, 8, 15, NULL, NULL, NULL, NULL, NULL, 1, 0, NULL, NULL, NULL),
(1, 1, 370, 9, 15, NULL, NULL, NULL, NULL, NULL, 1, 0, NULL, NULL, NULL),
(1, 1, 371, 10, 15, NULL, NULL, NULL, NULL, NULL, 1, 0, NULL, NULL, NULL),
(1, 1, 372, 11, 15, NULL, NULL, NULL, NULL, NULL, 1, 0, NULL, NULL, NULL),
(1, 1, 373, 12, 15, NULL, NULL, NULL, NULL, NULL, 1, 0, NULL, NULL, NULL),
(1, 1, 374, 13, 15, NULL, NULL, NULL, NULL, NULL, 1, 0, NULL, NULL, NULL),
(1, 1, 375, 14, 15, NULL, NULL, NULL, NULL, NULL, 1, 0, NULL, NULL, NULL),
(1, 1, 376, 15, 15, NULL, NULL, NULL, NULL, NULL, 1, 0, NULL, NULL, NULL),
(1, 1, 377, 16, 15, NULL, NULL, NULL, NULL, NULL, 1, 0, NULL, NULL, NULL),
(1, 1, 378, 17, 15, NULL, NULL, NULL, NULL, NULL, 1, 0, NULL, NULL, NULL),
(1, 1, 379, 18, 15, NULL, NULL, NULL, NULL, NULL, 1, 0, NULL, NULL, NULL),
(1, 1, 380, 19, 15, NULL, NULL, NULL, NULL, NULL, 1, 0, NULL, NULL, NULL),
(1, 1, 381, 20, 15, NULL, NULL, NULL, NULL, NULL, 1, 0, NULL, NULL, NULL),
(1, 1, 382, 21, 15, NULL, NULL, NULL, NULL, NULL, 1, 0, NULL, NULL, NULL),
(1, 1, 383, 22, 15, NULL, NULL, NULL, NULL, NULL, 1, 0, NULL, NULL, NULL),
(1, 1, 384, 23, 15, NULL, NULL, NULL, NULL, NULL, 1, 0, NULL, NULL, NULL),
(2, 1, 385, 0, 0, NULL, NULL, NULL, NULL, NULL, 0, 0, NULL, NULL, NULL),
(2, 1, 386, 1, 0, NULL, NULL, NULL, NULL, NULL, 0, 0, NULL, NULL, NULL),
(2, 1, 387, 2, 0, NULL, NULL, NULL, NULL, NULL, 1, 0, NULL, NULL, NULL),
(2, 1, 388, 3, 0, NULL, NULL, NULL, NULL, NULL, 1, 0, NULL, NULL, NULL),
(2, 1, 389, 4, 0, NULL, NULL, NULL, NULL, NULL, 1, 0, NULL, NULL, NULL),
(2, 1, 390, 5, 0, NULL, NULL, NULL, NULL, NULL, 1, 0, NULL, NULL, NULL),
(2, 1, 391, 6, 0, NULL, NULL, NULL, NULL, NULL, 0, 0, NULL, NULL, NULL),
(2, 1, 392, 7, 0, NULL, NULL, NULL, NULL, NULL, 0, 0, NULL, NULL, NULL),
(2, 3, 393, 8, 0, NULL, NULL, 1, NULL, 367, 0, 1, NULL, NULL, 1),
(2, 1, 394, 9, 0, NULL, NULL, NULL, NULL, NULL, 0, 0, NULL, NULL, NULL),
(2, 1, 395, 10, 0, NULL, NULL, NULL, NULL, NULL, 1, 0, NULL, NULL, NULL),
(2, 1, 396, 11, 0, NULL, NULL, NULL, NULL, NULL, 1, 0, NULL, NULL, NULL),
(2, 1, 397, 12, 0, NULL, NULL, NULL, NULL, NULL, 1, 0, NULL, NULL, NULL),
(2, 1, 398, 13, 0, NULL, NULL, NULL, NULL, NULL, 0, 0, NULL, NULL, NULL),
(2, 1, 399, 14, 0, NULL, NULL, NULL, NULL, NULL, 1, 0, NULL, NULL, NULL),
(2, 1, 400, 15, 0, NULL, NULL, NULL, NULL, NULL, 0, 0, NULL, NULL, NULL),
(2, 1, 401, 16, 0, NULL, NULL, NULL, NULL, NULL, 0, 0, NULL, NULL, NULL),
(2, 1, 402, 17, 0, NULL, NULL, NULL, NULL, NULL, 0, 0, NULL, NULL, NULL),
(2, 1, 403, 18, 0, NULL, NULL, NULL, NULL, NULL, 1, 0, NULL, NULL, NULL),
(2, 1, 404, 19, 0, NULL, NULL, NULL, NULL, NULL, 0, 0, NULL, NULL, NULL),
(2, 1, 405, 20, 0, NULL, NULL, NULL, NULL, NULL, 1, 0, NULL, NULL, NULL),
(2, 1, 406, 21, 0, NULL, NULL, NULL, NULL, NULL, 1, 0, NULL, NULL, NULL),
(2, 1, 407, 22, 0, NULL, NULL, NULL, NULL, NULL, 1, 0, NULL, NULL, NULL),
(2, 1, 408, 23, 0, NULL, NULL, NULL, NULL, NULL, 0, 0, NULL, NULL, NULL),
(2, 1, 409, 0, 1, NULL, NULL, NULL, NULL, NULL, 0, 0, NULL, NULL, NULL),
(2, 1, 410, 1, 1, NULL, NULL, NULL, NULL, NULL, 0, 0, NULL, NULL, NULL),
(2, 1, 411, 2, 1, NULL, NULL, NULL, NULL, NULL, 0, 0, NULL, NULL, NULL),
(2, 1, 412, 3, 1, NULL, NULL, NULL, NULL, NULL, 1, 0, NULL, NULL, NULL),
(2, 1, 413, 4, 1, NULL, NULL, NULL, NULL, NULL, 1, 0, NULL, NULL, NULL),
(2, 1, 414, 5, 1, NULL, NULL, NULL, NULL, NULL, 1, 0, NULL, NULL, NULL),
(2, 1, 415, 6, 1, NULL, NULL, NULL, NULL, NULL, 0, 0, NULL, NULL, NULL),
(2, 1, 416, 7, 1, NULL, NULL, NULL, NULL, NULL, 0, 0, NULL, NULL, NULL),
(2, 1, 417, 8, 1, NULL, NULL, NULL, NULL, NULL, 1, 0, NULL, NULL, NULL),
(2, 1, 418, 9, 1, NULL, NULL, NULL, NULL, NULL, 0, 0, NULL, NULL, NULL),
(2, 1, 419, 10, 1, NULL, NULL, NULL, NULL, NULL, 0, 0, NULL, NULL, NULL),
(2, 1, 420, 11, 1, NULL, NULL, NULL, NULL, NULL, 1, 0, NULL, NULL, NULL),
(2, 1, 421, 12, 1, NULL, NULL, NULL, NULL, NULL, 1, 0, NULL, NULL, NULL),
(2, 1, 422, 13, 1, NULL, NULL, NULL, NULL, NULL, 1, 0, NULL, NULL, NULL),
(2, 1, 423, 14, 1, NULL, NULL, NULL, NULL, NULL, 1, 0, NULL, NULL, NULL),
(2, 1, 424, 15, 1, NULL, NULL, NULL, NULL, NULL, 1, 0, NULL, NULL, NULL),
(2, 1, 425, 16, 1, NULL, NULL, NULL, NULL, NULL, 1, 0, NULL, NULL, NULL),
(2, 1, 426, 17, 1, NULL, NULL, NULL, NULL, NULL, 1, 0, NULL, NULL, NULL),
(2, 1, 427, 18, 1, NULL, NULL, NULL, NULL, NULL, 1, 0, NULL, NULL, NULL),
(2, 1, 428, 19, 1, NULL, NULL, NULL, NULL, NULL, 1, 0, NULL, NULL, NULL),
(2, 1, 429, 20, 1, NULL, NULL, NULL, NULL, NULL, 1, 0, NULL, NULL, NULL),
(2, 1, 430, 21, 1, NULL, NULL, NULL, NULL, NULL, 1, 0, NULL, NULL, NULL),
(2, 1, 431, 22, 1, NULL, NULL, NULL, NULL, NULL, 1, 0, NULL, NULL, NULL),
(2, 1, 432, 23, 1, NULL, NULL, NULL, NULL, NULL, 1, 0, NULL, NULL, NULL),
(2, 1, 433, 0, 2, NULL, NULL, NULL, NULL, NULL, 1, 0, NULL, NULL, NULL),
(2, 1, 434, 1, 2, NULL, NULL, NULL, NULL, NULL, 1, 0, NULL, NULL, NULL),
(2, 1, 435, 2, 2, NULL, NULL, NULL, NULL, NULL, 1, 0, NULL, NULL, NULL),
(2, 1, 436, 3, 2, NULL, NULL, NULL, NULL, NULL, 0, 0, NULL, NULL, NULL),
(2, 1, 437, 4, 2, NULL, NULL, NULL, NULL, NULL, 0, 0, NULL, NULL, NULL),
(2, 1, 438, 5, 2, NULL, NULL, NULL, NULL, NULL, 1, 0, NULL, NULL, NULL),
(2, 1, 439, 6, 2, NULL, NULL, NULL, NULL, NULL, 0, 0, NULL, NULL, NULL),
(2, 1, 440, 7, 2, NULL, NULL, NULL, NULL, NULL, 0, 0, NULL, NULL, NULL),
(2, 1, 441, 8, 2, NULL, NULL, NULL, NULL, NULL, 1, 0, NULL, NULL, NULL),
(2, 1, 442, 9, 2, NULL, NULL, NULL, NULL, NULL, 0, 0, NULL, NULL, NULL),
(2, 1, 443, 10, 2, NULL, NULL, NULL, NULL, NULL, 0, 0, NULL, NULL, NULL),
(2, 1, 444, 11, 2, NULL, NULL, NULL, NULL, NULL, 0, 0, NULL, NULL, NULL),
(2, 1, 445, 12, 2, NULL, NULL, NULL, NULL, NULL, 1, 0, NULL, NULL, NULL),
(2, 1, 446, 13, 2, NULL, NULL, NULL, NULL, NULL, 0, 0, NULL, NULL, NULL),
(2, 1, 447, 14, 2, NULL, NULL, NULL, NULL, NULL, 0, 0, NULL, NULL, NULL),
(2, 1, 448, 15, 2, NULL, NULL, NULL, NULL, NULL, 1, 0, NULL, NULL, NULL),
(2, 1, 449, 16, 2, NULL, NULL, NULL, NULL, NULL, 1, 0, NULL, NULL, NULL),
(2, 1, 450, 17, 2, NULL, NULL, NULL, NULL, NULL, 1, 0, NULL, NULL, NULL),
(2, 1, 451, 18, 2, NULL, NULL, NULL, NULL, NULL, 1, 0, NULL, NULL, NULL),
(2, 1, 452, 19, 2, NULL, NULL, NULL, NULL, NULL, 0, 0, NULL, NULL, NULL),
(2, 1, 453, 20, 2, NULL, NULL, NULL, NULL, NULL, 1, 0, NULL, NULL, NULL),
(2, 1, 454, 21, 2, NULL, NULL, NULL, NULL, NULL, 1, 0, NULL, NULL, NULL),
(2, 1, 455, 22, 2, NULL, NULL, NULL, NULL, NULL, 1, 0, NULL, NULL, NULL),
(2, 1, 456, 23, 2, NULL, NULL, NULL, NULL, NULL, 0, 0, NULL, NULL, NULL),
(2, 1, 457, 0, 3, NULL, NULL, NULL, NULL, NULL, 1, 0, NULL, NULL, NULL),
(2, 1, 458, 1, 3, NULL, NULL, NULL, NULL, NULL, 1, 0, NULL, NULL, NULL),
(2, 1, 459, 2, 3, NULL, NULL, NULL, NULL, NULL, 0, 0, NULL, NULL, NULL),
(2, 1, 460, 3, 3, NULL, NULL, NULL, NULL, NULL, 0, 0, NULL, NULL, NULL),
(2, 1, 461, 4, 3, NULL, NULL, NULL, NULL, NULL, 0, 0, NULL, NULL, NULL),
(2, 1, 462, 5, 3, NULL, NULL, NULL, NULL, NULL, 1, 0, NULL, NULL, NULL),
(2, 1, 463, 6, 3, NULL, NULL, NULL, NULL, NULL, 1, 0, NULL, NULL, NULL),
(2, 1, 464, 7, 3, NULL, NULL, NULL, NULL, NULL, 0, 0, NULL, NULL, NULL),
(2, 1, 465, 8, 3, NULL, NULL, NULL, NULL, NULL, 1, 0, NULL, NULL, NULL),
(2, 1, 466, 9, 3, NULL, 5, NULL, NULL, NULL, 1, 0, NULL, NULL, NULL),
(2, 1, 467, 10, 3, NULL, NULL, NULL, NULL, NULL, 0, 0, NULL, NULL, NULL),
(2, 1, 468, 11, 3, NULL, NULL, NULL, NULL, NULL, 0, 0, NULL, NULL, NULL),
(2, 1, 469, 12, 3, NULL, NULL, NULL, NULL, NULL, 0, 0, NULL, NULL, NULL),
(2, 1, 470, 13, 3, NULL, NULL, NULL, NULL, NULL, 0, 0, NULL, NULL, NULL),
(2, 1, 471, 14, 3, NULL, NULL, NULL, NULL, NULL, 0, 0, NULL, NULL, NULL),
(2, 1, 472, 15, 3, NULL, NULL, NULL, NULL, NULL, 1, 0, NULL, NULL, NULL),
(2, 1, 473, 16, 3, NULL, NULL, NULL, NULL, NULL, 1, 0, NULL, NULL, NULL),
(2, 1, 474, 17, 3, NULL, NULL, NULL, NULL, NULL, 1, 0, NULL, NULL, NULL),
(2, 1, 475, 18, 3, NULL, NULL, NULL, NULL, NULL, 1, 0, NULL, NULL, NULL),
(2, 1, 476, 19, 3, NULL, NULL, NULL, NULL, NULL, 0, 0, NULL, NULL, NULL),
(2, 1, 477, 20, 3, NULL, NULL, NULL, NULL, NULL, 1, 0, NULL, NULL, NULL),
(2, 1, 478, 21, 3, NULL, NULL, NULL, NULL, NULL, 1, 0, NULL, NULL, NULL),
(2, 1, 479, 22, 3, NULL, NULL, NULL, NULL, NULL, 1, 0, NULL, NULL, NULL),
(2, 1, 480, 23, 3, NULL, NULL, NULL, NULL, NULL, 0, 0, NULL, NULL, NULL),
(2, 1, 481, 0, 4, NULL, NULL, NULL, NULL, NULL, 1, 0, NULL, NULL, NULL),
(2, 1, 482, 1, 4, NULL, NULL, NULL, NULL, NULL, 1, 0, NULL, NULL, NULL),
(2, 1, 483, 2, 4, NULL, NULL, NULL, NULL, NULL, 0, 0, NULL, NULL, NULL),
(2, 1, 484, 3, 4, NULL, NULL, NULL, NULL, NULL, 1, 0, NULL, NULL, NULL),
(2, 1, 485, 4, 4, NULL, NULL, NULL, NULL, NULL, 1, 0, NULL, NULL, NULL),
(2, 1, 486, 5, 4, NULL, NULL, NULL, NULL, NULL, 1, 0, NULL, NULL, NULL),
(2, 1, 487, 6, 4, NULL, NULL, NULL, NULL, NULL, 1, 0, NULL, NULL, NULL),
(2, 1, 488, 7, 4, NULL, NULL, NULL, NULL, NULL, 0, 0, NULL, NULL, NULL),
(2, 1, 489, 8, 4, NULL, NULL, NULL, NULL, NULL, 1, 0, NULL, NULL, NULL),
(2, 1, 490, 9, 4, NULL, NULL, NULL, NULL, NULL, 0, 0, NULL, NULL, NULL),
(2, 1, 491, 10, 4, NULL, NULL, NULL, NULL, NULL, 1, 0, NULL, NULL, NULL),
(2, 1, 492, 11, 4, NULL, NULL, NULL, NULL, NULL, 1, 0, NULL, NULL, NULL),
(2, 1, 493, 12, 4, NULL, NULL, NULL, NULL, NULL, 0, 0, NULL, NULL, NULL),
(2, 1, 494, 13, 4, NULL, NULL, NULL, NULL, NULL, 0, 0, NULL, NULL, NULL),
(2, 1, 495, 14, 4, NULL, NULL, NULL, NULL, NULL, 1, 0, NULL, NULL, NULL),
(2, 1, 496, 15, 4, NULL, NULL, NULL, NULL, NULL, 1, 0, NULL, NULL, NULL),
(2, 1, 497, 16, 4, NULL, NULL, NULL, NULL, NULL, 1, 0, NULL, NULL, NULL),
(2, 1, 498, 17, 4, NULL, NULL, NULL, NULL, NULL, 1, 0, NULL, NULL, NULL),
(2, 1, 499, 18, 4, NULL, NULL, NULL, NULL, NULL, 1, 0, NULL, NULL, NULL),
(2, 1, 500, 19, 4, NULL, NULL, NULL, NULL, NULL, 1, 0, NULL, NULL, NULL),
(2, 1, 501, 20, 4, NULL, NULL, NULL, NULL, NULL, 1, 0, NULL, NULL, NULL),
(2, 1, 502, 21, 4, NULL, NULL, NULL, NULL, NULL, 1, 0, NULL, NULL, NULL),
(2, 1, 503, 22, 4, NULL, NULL, NULL, NULL, NULL, 1, 0, NULL, NULL, NULL),
(2, 1, 504, 23, 4, NULL, NULL, NULL, NULL, NULL, 1, 0, NULL, NULL, NULL),
(2, 1, 505, 0, 5, NULL, NULL, NULL, NULL, NULL, 1, 0, NULL, NULL, NULL),
(2, 1, 506, 1, 5, NULL, NULL, NULL, NULL, NULL, 0, 0, NULL, NULL, NULL),
(2, 1, 507, 2, 5, NULL, NULL, NULL, NULL, NULL, 0, 0, NULL, NULL, NULL),
(2, 1, 508, 3, 5, NULL, NULL, NULL, NULL, NULL, 1, 0, NULL, NULL, NULL),
(2, 1, 509, 4, 5, NULL, NULL, NULL, NULL, NULL, 1, 0, NULL, NULL, NULL),
(2, 1, 510, 5, 5, NULL, NULL, NULL, NULL, NULL, 0, 0, NULL, NULL, NULL),
(2, 1, 511, 6, 5, NULL, NULL, NULL, NULL, NULL, 0, 0, NULL, NULL, NULL),
(2, 1, 512, 7, 5, NULL, NULL, NULL, NULL, NULL, 0, 0, NULL, NULL, NULL),
(2, 1, 513, 8, 5, NULL, NULL, NULL, NULL, NULL, 1, 0, NULL, NULL, NULL),
(2, 1, 514, 9, 5, NULL, NULL, NULL, NULL, NULL, 0, 0, NULL, NULL, NULL),
(2, 1, 515, 10, 5, NULL, NULL, NULL, NULL, NULL, 0, 0, NULL, NULL, NULL),
(2, 1, 516, 11, 5, NULL, NULL, NULL, NULL, NULL, 0, 0, NULL, NULL, NULL),
(2, 1, 517, 12, 5, NULL, NULL, NULL, NULL, NULL, 0, 0, NULL, NULL, NULL),
(2, 1, 518, 13, 5, NULL, NULL, NULL, NULL, NULL, 1, 0, NULL, NULL, NULL),
(2, 1, 519, 14, 5, NULL, NULL, NULL, NULL, NULL, 1, 0, NULL, NULL, NULL),
(2, 1, 520, 15, 5, NULL, NULL, NULL, NULL, NULL, 1, 0, NULL, NULL, NULL),
(2, 1, 521, 16, 5, NULL, NULL, NULL, NULL, NULL, 1, 0, NULL, NULL, NULL),
(2, 1, 522, 17, 5, NULL, NULL, NULL, NULL, NULL, 1, 0, NULL, NULL, NULL),
(2, 1, 523, 18, 5, NULL, NULL, NULL, NULL, NULL, 1, 0, NULL, NULL, NULL),
(2, 1, 524, 19, 5, NULL, NULL, NULL, NULL, NULL, 0, 0, NULL, NULL, NULL),
(2, 1, 525, 20, 5, NULL, NULL, NULL, NULL, NULL, 0, 0, NULL, NULL, NULL),
(2, 1, 526, 21, 5, NULL, NULL, NULL, NULL, NULL, 1, 0, NULL, NULL, NULL),
(2, 1, 527, 22, 5, NULL, NULL, NULL, NULL, NULL, 1, 0, NULL, NULL, NULL),
(2, 1, 528, 23, 5, NULL, NULL, NULL, NULL, NULL, 1, 0, NULL, NULL, NULL),
(2, 1, 529, 0, 6, NULL, NULL, NULL, NULL, NULL, 1, 0, NULL, NULL, NULL),
(2, 1, 530, 1, 6, NULL, NULL, NULL, NULL, NULL, 0, 0, NULL, NULL, NULL),
(2, 1, 531, 2, 6, NULL, NULL, NULL, NULL, NULL, 0, 0, NULL, NULL, NULL),
(2, 1, 532, 3, 6, NULL, NULL, NULL, NULL, NULL, 0, 0, NULL, NULL, NULL),
(2, 1, 533, 4, 6, NULL, NULL, NULL, NULL, NULL, 0, 0, NULL, NULL, NULL),
(2, 1, 534, 5, 6, NULL, NULL, NULL, NULL, NULL, 0, 0, NULL, NULL, NULL),
(2, 1, 535, 6, 6, NULL, NULL, NULL, NULL, NULL, 0, 0, NULL, NULL, NULL),
(2, 1, 536, 7, 6, NULL, NULL, NULL, NULL, NULL, 0, 0, NULL, NULL, NULL),
(2, 1, 537, 8, 6, NULL, NULL, NULL, NULL, NULL, 1, 0, NULL, NULL, NULL),
(2, 1, 538, 9, 6, NULL, NULL, NULL, NULL, NULL, 1, 0, NULL, NULL, NULL),
(2, 1, 539, 10, 6, NULL, NULL, NULL, NULL, NULL, 0, 0, NULL, NULL, NULL),
(2, 1, 540, 11, 6, NULL, NULL, NULL, NULL, NULL, 0, 0, NULL, NULL, NULL),
(2, 1, 541, 12, 6, NULL, NULL, NULL, NULL, NULL, 0, 0, NULL, NULL, NULL),
(2, 1, 542, 13, 6, NULL, NULL, NULL, NULL, NULL, 1, 0, NULL, NULL, NULL),
(2, 1, 543, 14, 6, NULL, NULL, NULL, NULL, NULL, 1, 0, NULL, NULL, NULL),
(2, 1, 544, 15, 6, NULL, NULL, NULL, NULL, NULL, 1, 0, NULL, NULL, NULL),
(2, 1, 545, 16, 6, NULL, NULL, NULL, NULL, NULL, 1, 0, NULL, NULL, NULL),
(2, 1, 546, 17, 6, NULL, NULL, NULL, NULL, NULL, 1, 0, NULL, NULL, NULL),
(2, 1, 547, 18, 6, NULL, NULL, NULL, NULL, NULL, 1, 0, NULL, NULL, NULL),
(2, 1, 548, 19, 6, NULL, NULL, NULL, NULL, NULL, 0, 0, NULL, NULL, NULL),
(2, 1, 549, 20, 6, NULL, NULL, NULL, NULL, NULL, 0, 0, NULL, NULL, NULL),
(2, 1, 550, 21, 6, NULL, NULL, NULL, NULL, NULL, 0, 0, NULL, NULL, NULL),
(2, 1, 551, 22, 6, NULL, NULL, NULL, NULL, NULL, 1, 0, NULL, NULL, NULL),
(2, 1, 552, 23, 6, NULL, NULL, NULL, NULL, NULL, 1, 0, NULL, NULL, NULL),
(2, 1, 553, 0, 7, NULL, NULL, NULL, NULL, NULL, 1, 0, NULL, NULL, NULL),
(2, 1, 554, 1, 7, NULL, NULL, NULL, NULL, NULL, 1, 0, NULL, NULL, NULL),
(2, 1, 555, 2, 7, NULL, NULL, NULL, NULL, NULL, 0, 0, NULL, NULL, NULL),
(2, 1, 556, 3, 7, NULL, NULL, NULL, NULL, NULL, 0, 0, NULL, NULL, NULL),
(2, 1, 557, 4, 7, NULL, NULL, NULL, NULL, NULL, 0, 0, NULL, NULL, NULL),
(2, 1, 558, 5, 7, NULL, NULL, NULL, NULL, NULL, 1, 0, NULL, NULL, NULL),
(2, 1, 559, 6, 7, NULL, NULL, NULL, NULL, NULL, 0, 0, NULL, NULL, NULL),
(2, 1, 560, 7, 7, NULL, NULL, NULL, NULL, NULL, 1, 0, NULL, NULL, NULL),
(2, 1, 561, 8, 7, NULL, NULL, NULL, NULL, NULL, 1, 0, NULL, NULL, NULL),
(2, 1, 562, 9, 7, NULL, NULL, NULL, NULL, NULL, 1, 0, NULL, NULL, NULL),
(2, 1, 563, 10, 7, NULL, NULL, NULL, NULL, NULL, 1, 0, NULL, NULL, NULL),
(2, 1, 564, 11, 7, NULL, NULL, NULL, NULL, NULL, 0, 0, NULL, NULL, NULL),
(2, 1, 565, 12, 7, NULL, NULL, NULL, NULL, NULL, 0, 0, NULL, NULL, NULL),
(2, 1, 566, 13, 7, NULL, NULL, NULL, NULL, NULL, 0, 0, NULL, NULL, NULL),
(2, 1, 567, 14, 7, NULL, NULL, NULL, NULL, NULL, 1, 0, NULL, NULL, NULL),
(2, 1, 568, 15, 7, NULL, NULL, NULL, NULL, NULL, 1, 0, NULL, NULL, NULL),
(2, 1, 569, 16, 7, NULL, NULL, NULL, NULL, NULL, 1, 0, NULL, NULL, NULL),
(2, 1, 570, 17, 7, NULL, NULL, NULL, NULL, NULL, 1, 0, NULL, NULL, NULL),
(2, 1, 571, 18, 7, NULL, NULL, NULL, NULL, NULL, 0, 0, NULL, NULL, NULL),
(2, 1, 572, 19, 7, NULL, NULL, NULL, NULL, NULL, 0, 0, NULL, NULL, NULL),
(2, 1, 573, 20, 7, NULL, NULL, NULL, NULL, NULL, 0, 0, NULL, NULL, NULL),
(2, 1, 574, 21, 7, NULL, NULL, NULL, NULL, NULL, 0, 0, NULL, NULL, NULL),
(2, 1, 575, 22, 7, NULL, NULL, NULL, NULL, NULL, 1, 0, NULL, NULL, NULL),
(2, 1, 576, 23, 7, NULL, NULL, NULL, NULL, NULL, 1, 0, NULL, NULL, NULL),
(2, 1, 577, 0, 8, NULL, NULL, NULL, NULL, NULL, 1, 0, NULL, NULL, NULL),
(2, 1, 578, 1, 8, NULL, NULL, NULL, NULL, NULL, 1, 0, NULL, NULL, NULL),
(2, 1, 579, 2, 8, NULL, NULL, NULL, NULL, NULL, 0, 0, NULL, NULL, NULL),
(2, 1, 580, 3, 8, NULL, NULL, NULL, NULL, NULL, 0, 0, NULL, NULL, NULL),
(2, 1, 581, 4, 8, NULL, NULL, NULL, NULL, NULL, 1, 0, NULL, NULL, NULL),
(2, 1, 582, 5, 8, NULL, NULL, NULL, NULL, NULL, 0, 0, NULL, NULL, NULL),
(2, 1, 583, 6, 8, NULL, NULL, NULL, NULL, NULL, 0, 0, NULL, NULL, NULL),
(2, 1, 584, 7, 8, NULL, NULL, NULL, NULL, NULL, 0, 0, NULL, NULL, NULL),
(2, 1, 585, 8, 8, NULL, NULL, NULL, NULL, NULL, 1, 0, NULL, NULL, NULL),
(2, 1, 586, 9, 8, NULL, NULL, NULL, NULL, NULL, 1, 0, NULL, NULL, NULL),
(2, 1, 587, 10, 8, NULL, NULL, NULL, NULL, NULL, 1, 0, NULL, NULL, NULL),
(2, 1, 588, 11, 8, NULL, NULL, NULL, NULL, NULL, 1, 0, NULL, NULL, NULL),
(2, 1, 589, 12, 8, NULL, NULL, NULL, NULL, NULL, 0, 0, NULL, NULL, NULL),
(2, 1, 590, 13, 8, NULL, NULL, NULL, NULL, NULL, 0, 0, NULL, NULL, NULL),
(2, 1, 591, 14, 8, NULL, NULL, NULL, NULL, NULL, 0, 0, NULL, NULL, NULL),
(2, 1, 592, 15, 8, NULL, NULL, NULL, NULL, NULL, 0, 0, NULL, NULL, NULL),
(2, 1, 593, 16, 8, NULL, NULL, NULL, NULL, NULL, 1, 0, NULL, NULL, NULL),
(2, 1, 594, 17, 8, NULL, NULL, NULL, NULL, NULL, 1, 0, NULL, NULL, NULL),
(2, 1, 595, 18, 8, NULL, NULL, NULL, NULL, NULL, 0, 0, NULL, NULL, NULL),
(2, 1, 596, 19, 8, NULL, NULL, NULL, NULL, NULL, 0, 0, NULL, NULL, NULL),
(2, 1, 597, 20, 8, NULL, NULL, NULL, NULL, NULL, 1, 0, NULL, NULL, NULL),
(2, 1, 598, 21, 8, NULL, NULL, NULL, NULL, NULL, 1, 0, NULL, NULL, NULL),
(2, 1, 599, 22, 8, NULL, NULL, NULL, NULL, NULL, 1, 0, NULL, NULL, NULL),
(2, 1, 600, 23, 8, NULL, NULL, NULL, NULL, NULL, 1, 0, NULL, NULL, NULL),
(2, 1, 601, 0, 9, NULL, NULL, NULL, NULL, NULL, 1, 0, NULL, NULL, NULL),
(2, 1, 602, 1, 9, NULL, NULL, NULL, NULL, NULL, 0, 0, NULL, NULL, NULL),
(2, 1, 603, 2, 9, NULL, NULL, NULL, NULL, NULL, 0, 0, NULL, NULL, NULL),
(2, 1, 604, 3, 9, NULL, NULL, NULL, NULL, NULL, 1, 0, NULL, NULL, NULL),
(2, 1, 605, 4, 9, NULL, NULL, NULL, NULL, NULL, 0, 0, NULL, NULL, NULL),
(2, 1, 606, 5, 9, NULL, NULL, NULL, NULL, NULL, 0, 0, NULL, NULL, NULL),
(2, 1, 607, 6, 9, NULL, NULL, NULL, NULL, NULL, 0, 0, NULL, NULL, NULL),
(2, 1, 608, 7, 9, NULL, NULL, NULL, NULL, NULL, 0, 0, NULL, NULL, NULL),
(2, 1, 609, 8, 9, NULL, NULL, NULL, NULL, NULL, 1, 0, NULL, NULL, NULL),
(2, 1, 610, 9, 9, NULL, NULL, NULL, NULL, NULL, 1, 0, NULL, NULL, NULL),
(2, 1, 611, 10, 9, NULL, NULL, NULL, NULL, NULL, 1, 0, NULL, NULL, NULL),
(2, 1, 612, 11, 9, NULL, NULL, NULL, NULL, NULL, 1, 0, NULL, NULL, NULL),
(2, 1, 613, 12, 9, NULL, NULL, NULL, NULL, NULL, 1, 0, NULL, NULL, NULL),
(2, 1, 614, 13, 9, NULL, NULL, NULL, NULL, NULL, 0, 0, NULL, NULL, NULL),
(2, 1, 615, 14, 9, NULL, NULL, NULL, NULL, NULL, 0, 0, NULL, NULL, NULL),
(2, 1, 616, 15, 9, NULL, NULL, NULL, NULL, NULL, 0, 0, NULL, NULL, NULL),
(2, 1, 617, 16, 9, NULL, NULL, NULL, NULL, NULL, 1, 0, NULL, NULL, NULL),
(2, 1, 618, 17, 9, NULL, NULL, NULL, NULL, NULL, 1, 0, NULL, NULL, NULL),
(2, 1, 619, 18, 9, NULL, NULL, NULL, NULL, NULL, 1, 0, NULL, NULL, NULL),
(2, 1, 620, 19, 9, NULL, NULL, NULL, NULL, NULL, 1, 0, NULL, NULL, NULL),
(2, 1, 621, 20, 9, NULL, NULL, NULL, NULL, NULL, 1, 0, NULL, NULL, NULL),
(2, 1, 622, 21, 9, NULL, NULL, NULL, NULL, NULL, 1, 0, NULL, NULL, NULL),
(2, 1, 623, 22, 9, NULL, NULL, NULL, NULL, NULL, 1, 0, NULL, NULL, NULL),
(2, 1, 624, 23, 9, NULL, NULL, NULL, NULL, NULL, 1, 0, NULL, NULL, NULL),
(2, 1, 625, 0, 10, NULL, NULL, NULL, NULL, NULL, 1, 0, NULL, NULL, NULL),
(2, 1, 626, 1, 10, NULL, NULL, NULL, NULL, NULL, 0, 0, NULL, NULL, NULL),
(2, 1, 627, 2, 10, NULL, NULL, NULL, NULL, NULL, 1, 0, NULL, NULL, NULL),
(2, 1, 628, 3, 10, NULL, NULL, NULL, NULL, NULL, 1, 0, NULL, NULL, NULL),
(2, 1, 629, 4, 10, NULL, NULL, NULL, NULL, NULL, 1, 0, NULL, NULL, NULL),
(2, 1, 630, 5, 10, NULL, NULL, NULL, NULL, NULL, 1, 0, NULL, NULL, NULL),
(2, 1, 631, 6, 10, NULL, NULL, NULL, NULL, NULL, 0, 0, NULL, NULL, NULL),
(2, 1, 632, 7, 10, NULL, NULL, NULL, NULL, NULL, 1, 0, NULL, NULL, NULL),
(2, 1, 633, 8, 10, NULL, NULL, NULL, NULL, NULL, 1, 0, NULL, NULL, NULL),
(2, 1, 634, 9, 10, NULL, 1, NULL, NULL, NULL, 1, 0, NULL, NULL, NULL),
(2, 1, 635, 10, 10, NULL, NULL, NULL, NULL, NULL, 1, 0, NULL, NULL, NULL),
(2, 1, 636, 11, 10, NULL, NULL, NULL, NULL, NULL, 0, 0, NULL, NULL, NULL),
(2, 1, 637, 12, 10, NULL, NULL, NULL, NULL, NULL, 0, 0, NULL, NULL, NULL),
(2, 1, 638, 13, 10, NULL, NULL, NULL, NULL, NULL, 1, 0, NULL, NULL, NULL),
(2, 1, 639, 14, 10, NULL, NULL, NULL, NULL, NULL, 0, 0, NULL, NULL, NULL),
(2, 1, 640, 15, 10, NULL, NULL, NULL, NULL, NULL, 1, 0, NULL, NULL, NULL),
(2, 1, 641, 16, 10, NULL, NULL, NULL, NULL, NULL, 1, 0, NULL, NULL, NULL),
(2, 1, 642, 17, 10, NULL, NULL, NULL, NULL, NULL, 1, 0, NULL, NULL, NULL),
(2, 1, 643, 18, 10, NULL, NULL, NULL, NULL, NULL, 1, 0, NULL, NULL, NULL),
(2, 1, 644, 19, 10, NULL, NULL, NULL, NULL, NULL, 1, 0, NULL, NULL, NULL),
(2, 1, 645, 20, 10, NULL, NULL, NULL, NULL, NULL, 1, 0, NULL, NULL, NULL),
(2, 1, 646, 21, 10, NULL, NULL, NULL, NULL, NULL, 1, 0, NULL, NULL, NULL),
(2, 1, 647, 22, 10, NULL, NULL, NULL, NULL, NULL, 1, 0, NULL, NULL, NULL),
(2, 1, 648, 23, 10, NULL, NULL, NULL, NULL, NULL, 1, 0, NULL, NULL, NULL),
(2, 1, 649, 0, 11, NULL, NULL, NULL, NULL, NULL, 0, 0, NULL, NULL, NULL),
(2, 1, 650, 1, 11, NULL, NULL, NULL, NULL, NULL, 0, 0, NULL, NULL, NULL),
(2, 1, 651, 2, 11, NULL, NULL, NULL, NULL, NULL, 1, 0, NULL, NULL, NULL),
(2, 1, 652, 3, 11, NULL, NULL, NULL, NULL, NULL, 1, 0, NULL, NULL, NULL),
(2, 1, 653, 4, 11, NULL, NULL, NULL, NULL, NULL, 1, 0, NULL, NULL, NULL),
(2, 1, 654, 5, 11, NULL, NULL, NULL, NULL, NULL, 1, 0, NULL, NULL, NULL),
(2, 2, 655, 6, 11, NULL, NULL, NULL, 1, NULL, 1, 0, NULL, NULL, NULL),
(2, 1, 656, 7, 11, NULL, NULL, NULL, NULL, NULL, 1, 0, NULL, NULL, NULL),
(2, 1, 657, 8, 11, NULL, NULL, NULL, NULL, NULL, 1, 0, NULL, NULL, NULL),
(2, 1, 658, 9, 11, NULL, NULL, NULL, NULL, NULL, 1, 0, NULL, NULL, NULL),
(2, 1, 659, 10, 11, NULL, NULL, NULL, NULL, NULL, 1, 0, NULL, NULL, NULL),
(2, 1, 660, 11, 11, NULL, NULL, NULL, NULL, NULL, 0, 0, NULL, NULL, NULL),
(2, 1, 661, 12, 11, NULL, NULL, NULL, NULL, NULL, 1, 0, NULL, NULL, NULL),
(2, 1, 662, 13, 11, NULL, NULL, NULL, NULL, NULL, 1, 0, NULL, NULL, NULL),
(2, 1, 663, 14, 11, NULL, NULL, NULL, NULL, NULL, 0, 0, NULL, NULL, NULL),
(2, 1, 664, 15, 11, NULL, NULL, NULL, NULL, NULL, 0, 0, NULL, NULL, NULL),
(2, 1, 665, 16, 11, NULL, NULL, NULL, NULL, NULL, 1, 0, NULL, NULL, NULL),
(2, 1, 666, 17, 11, NULL, NULL, NULL, NULL, NULL, 1, 0, NULL, NULL, NULL),
(2, 1, 667, 18, 11, NULL, NULL, NULL, NULL, NULL, 1, 0, NULL, NULL, NULL),
(2, 1, 668, 19, 11, NULL, NULL, NULL, NULL, NULL, 1, 0, NULL, NULL, NULL),
(2, 1, 669, 20, 11, NULL, NULL, NULL, NULL, NULL, 1, 0, NULL, NULL, NULL),
(2, 1, 670, 21, 11, NULL, NULL, NULL, NULL, NULL, 1, 0, NULL, NULL, NULL),
(2, 1, 671, 22, 11, NULL, NULL, NULL, NULL, NULL, 1, 0, NULL, NULL, NULL),
(2, 1, 672, 23, 11, NULL, NULL, NULL, NULL, NULL, 1, 0, NULL, NULL, NULL),
(2, 1, 673, 0, 12, NULL, NULL, NULL, NULL, NULL, 0, 0, NULL, NULL, NULL),
(2, 1, 674, 1, 12, NULL, NULL, NULL, NULL, NULL, 1, 0, NULL, NULL, NULL),
(2, 1, 675, 2, 12, NULL, NULL, NULL, NULL, NULL, 1, 0, NULL, NULL, NULL),
(2, 1, 676, 3, 12, NULL, NULL, NULL, NULL, NULL, 1, 0, NULL, NULL, NULL),
(2, 1, 677, 4, 12, NULL, NULL, NULL, NULL, NULL, 1, 0, NULL, NULL, NULL),
(2, 1, 678, 5, 12, NULL, NULL, NULL, NULL, NULL, 1, 0, NULL, NULL, NULL),
(2, 1, 679, 6, 12, NULL, NULL, NULL, NULL, NULL, 1, 0, NULL, NULL, NULL),
(2, 1, 680, 7, 12, NULL, NULL, NULL, NULL, NULL, 1, 0, NULL, NULL, NULL),
(2, 1, 681, 8, 12, NULL, NULL, NULL, NULL, NULL, 1, 0, NULL, NULL, NULL),
(2, 1, 682, 9, 12, NULL, 6, NULL, NULL, NULL, 1, 0, NULL, NULL, NULL),
(2, 1, 683, 10, 12, NULL, NULL, NULL, NULL, NULL, 1, 0, NULL, NULL, NULL),
(2, 1, 684, 11, 12, NULL, NULL, NULL, NULL, NULL, 1, 0, NULL, NULL, NULL),
(2, 1, 685, 12, 12, NULL, NULL, NULL, NULL, NULL, 0, 0, NULL, NULL, NULL),
(2, 1, 686, 13, 12, NULL, NULL, NULL, NULL, NULL, 0, 0, NULL, NULL, NULL),
(2, 1, 687, 14, 12, NULL, NULL, NULL, NULL, NULL, 0, 0, NULL, NULL, NULL),
(2, 1, 688, 15, 12, NULL, NULL, NULL, NULL, NULL, 0, 0, NULL, NULL, NULL),
(2, 1, 689, 16, 12, NULL, NULL, NULL, NULL, NULL, 1, 0, NULL, NULL, NULL),
(2, 1, 690, 17, 12, NULL, NULL, NULL, NULL, NULL, 1, 0, NULL, NULL, NULL),
(2, 1, 691, 18, 12, NULL, NULL, NULL, NULL, NULL, 1, 0, NULL, NULL, NULL),
(2, 1, 692, 19, 12, NULL, NULL, NULL, NULL, NULL, 1, 0, NULL, NULL, NULL),
(2, 1, 693, 20, 12, NULL, NULL, NULL, NULL, NULL, 1, 0, NULL, NULL, NULL),
(2, 1, 694, 21, 12, NULL, NULL, NULL, NULL, NULL, 1, 0, NULL, NULL, NULL);
INSERT INTO `carte_carreau` (`carte_id`, `carreau_id`, `id`, `abscisse`, `ordonnee`, `joueur_id`, `monstre_carreau_id`, `target_map_id`, `pnj_id`, `target_wrap`, `is_usable`, `is_wrap`, `action_id`, `boss_id`, `wrap_id`) VALUES
(2, 1, 695, 22, 12, NULL, NULL, NULL, NULL, NULL, 0, 0, NULL, NULL, NULL),
(2, 1, 696, 23, 12, NULL, NULL, NULL, NULL, NULL, 0, 0, NULL, NULL, NULL),
(2, 1, 697, 0, 13, NULL, NULL, NULL, NULL, NULL, 0, 0, NULL, NULL, NULL),
(2, 1, 698, 1, 13, NULL, NULL, NULL, NULL, NULL, 0, 0, NULL, NULL, NULL),
(2, 1, 699, 2, 13, NULL, NULL, NULL, NULL, NULL, 1, 0, NULL, NULL, NULL),
(2, 1, 700, 3, 13, NULL, NULL, NULL, NULL, NULL, 0, 0, NULL, NULL, NULL),
(2, 1, 701, 4, 13, NULL, NULL, NULL, NULL, NULL, 0, 0, NULL, NULL, NULL),
(2, 1, 702, 5, 13, NULL, NULL, NULL, NULL, NULL, 0, 0, NULL, NULL, NULL),
(2, 1, 703, 6, 13, NULL, NULL, NULL, NULL, NULL, 1, 0, NULL, NULL, NULL),
(2, 1, 704, 7, 13, NULL, NULL, NULL, NULL, NULL, 1, 0, NULL, NULL, NULL),
(2, 1, 705, 8, 13, NULL, NULL, NULL, NULL, NULL, 1, 0, NULL, NULL, NULL),
(2, 1, 706, 9, 13, NULL, NULL, NULL, NULL, NULL, 0, 0, NULL, NULL, NULL),
(2, 1, 707, 10, 13, NULL, NULL, NULL, NULL, NULL, 0, 0, NULL, NULL, NULL),
(2, 1, 708, 11, 13, NULL, NULL, NULL, NULL, NULL, 1, 0, NULL, NULL, NULL),
(2, 1, 709, 12, 13, NULL, NULL, NULL, NULL, NULL, 1, 0, NULL, NULL, NULL),
(2, 1, 710, 13, 13, NULL, NULL, NULL, NULL, NULL, 0, 0, NULL, NULL, NULL),
(2, 1, 711, 14, 13, NULL, NULL, NULL, NULL, NULL, 0, 0, NULL, NULL, NULL),
(2, 1, 712, 15, 13, NULL, NULL, NULL, NULL, NULL, 0, 0, NULL, NULL, NULL),
(2, 1, 713, 16, 13, NULL, NULL, NULL, NULL, NULL, 1, 0, NULL, NULL, NULL),
(2, 1, 714, 17, 13, NULL, NULL, NULL, NULL, NULL, 0, 0, NULL, NULL, NULL),
(2, 1, 715, 18, 13, NULL, NULL, NULL, NULL, NULL, 0, 0, NULL, NULL, NULL),
(2, 1, 716, 19, 13, NULL, NULL, NULL, NULL, NULL, 1, 0, NULL, NULL, NULL),
(2, 1, 717, 20, 13, NULL, NULL, NULL, NULL, NULL, 1, 0, NULL, NULL, NULL),
(2, 1, 718, 21, 13, NULL, NULL, NULL, NULL, NULL, 0, 0, NULL, NULL, NULL),
(2, 1, 719, 22, 13, NULL, NULL, NULL, NULL, NULL, 0, 0, NULL, NULL, NULL),
(2, 1, 720, 23, 13, NULL, NULL, NULL, NULL, NULL, 0, 0, NULL, NULL, NULL),
(2, 1, 721, 0, 14, NULL, NULL, NULL, NULL, NULL, 0, 0, NULL, NULL, NULL),
(2, 1, 722, 1, 14, NULL, NULL, NULL, NULL, NULL, 0, 0, NULL, NULL, NULL),
(2, 1, 723, 2, 14, NULL, NULL, NULL, NULL, NULL, 0, 0, NULL, NULL, NULL),
(2, 1, 724, 3, 14, NULL, NULL, NULL, NULL, NULL, 1, 0, NULL, NULL, NULL),
(2, 1, 725, 4, 14, NULL, NULL, NULL, NULL, NULL, 0, 0, NULL, NULL, NULL),
(2, 1, 726, 5, 14, NULL, NULL, NULL, NULL, NULL, 1, 0, NULL, NULL, NULL),
(2, 1, 727, 6, 14, NULL, NULL, NULL, NULL, NULL, 1, 0, NULL, NULL, NULL),
(2, 1, 728, 7, 14, NULL, NULL, NULL, NULL, NULL, 0, 0, NULL, NULL, NULL),
(2, 1, 729, 8, 14, NULL, NULL, NULL, NULL, NULL, 0, 0, NULL, NULL, NULL),
(2, 1, 730, 9, 14, NULL, NULL, NULL, NULL, NULL, 0, 0, NULL, NULL, NULL),
(2, 1, 731, 10, 14, NULL, NULL, NULL, NULL, NULL, 0, 0, NULL, NULL, NULL),
(2, 1, 732, 11, 14, NULL, NULL, NULL, NULL, NULL, 1, 0, NULL, NULL, NULL),
(2, 1, 733, 12, 14, NULL, NULL, NULL, NULL, NULL, 0, 0, NULL, NULL, NULL),
(2, 1, 734, 13, 14, NULL, NULL, NULL, NULL, NULL, 0, 0, NULL, NULL, NULL),
(2, 1, 735, 14, 14, NULL, NULL, NULL, NULL, NULL, 0, 0, NULL, NULL, NULL),
(2, 1, 736, 15, 14, NULL, NULL, NULL, NULL, NULL, 0, 0, NULL, NULL, NULL),
(2, 1, 737, 16, 14, NULL, NULL, NULL, NULL, NULL, 0, 0, NULL, NULL, NULL),
(2, 1, 738, 17, 14, NULL, NULL, NULL, NULL, NULL, 0, 0, NULL, NULL, NULL),
(2, 1, 739, 18, 14, NULL, NULL, NULL, NULL, NULL, 0, 0, NULL, NULL, NULL),
(2, 1, 740, 19, 14, NULL, NULL, NULL, NULL, NULL, 0, 0, NULL, NULL, NULL),
(2, 1, 741, 20, 14, NULL, NULL, NULL, NULL, NULL, 1, 0, NULL, NULL, NULL),
(2, 1, 742, 21, 14, NULL, NULL, NULL, NULL, NULL, 1, 0, NULL, NULL, NULL),
(2, 1, 743, 22, 14, NULL, NULL, NULL, NULL, NULL, 1, 0, NULL, NULL, NULL),
(2, 1, 744, 23, 14, NULL, NULL, NULL, NULL, NULL, 1, 0, NULL, NULL, NULL),
(2, 1, 745, 0, 15, NULL, NULL, NULL, NULL, NULL, 1, 0, NULL, NULL, NULL),
(2, 1, 746, 1, 15, NULL, NULL, NULL, NULL, NULL, 0, 0, NULL, NULL, NULL),
(2, 1, 747, 2, 15, NULL, NULL, NULL, NULL, NULL, 0, 0, NULL, NULL, NULL),
(2, 1, 748, 3, 15, NULL, NULL, NULL, NULL, NULL, 0, 0, NULL, NULL, NULL),
(2, 1, 749, 4, 15, NULL, NULL, NULL, NULL, NULL, 0, 0, NULL, NULL, NULL),
(2, 1, 750, 5, 15, NULL, NULL, NULL, NULL, NULL, 0, 0, NULL, NULL, NULL),
(2, 1, 751, 6, 15, NULL, NULL, NULL, NULL, NULL, 0, 0, NULL, NULL, NULL),
(2, 1, 752, 7, 15, NULL, NULL, NULL, NULL, NULL, 0, 0, NULL, NULL, NULL),
(2, 1, 753, 8, 15, NULL, NULL, NULL, NULL, NULL, 0, 0, NULL, NULL, NULL),
(2, 1, 754, 9, 15, NULL, NULL, NULL, NULL, NULL, 1, 0, NULL, NULL, NULL),
(2, 1, 755, 10, 15, NULL, NULL, NULL, NULL, NULL, 0, 0, NULL, NULL, NULL),
(2, 1, 756, 11, 15, NULL, NULL, NULL, NULL, NULL, 0, 0, NULL, NULL, NULL),
(2, 1, 757, 12, 15, NULL, NULL, NULL, NULL, NULL, 0, 0, NULL, NULL, NULL),
(2, 1, 758, 13, 15, NULL, NULL, NULL, NULL, NULL, 0, 0, NULL, NULL, NULL),
(2, 1, 759, 14, 15, NULL, NULL, NULL, NULL, NULL, 1, 0, NULL, NULL, NULL),
(2, 1, 760, 15, 15, NULL, NULL, NULL, NULL, NULL, 1, 0, NULL, NULL, NULL),
(2, 1, 761, 16, 15, NULL, NULL, NULL, NULL, NULL, 0, 0, NULL, NULL, NULL),
(2, 1, 762, 17, 15, NULL, NULL, NULL, NULL, NULL, 0, 0, NULL, NULL, NULL),
(2, 1, 763, 18, 15, NULL, NULL, NULL, NULL, NULL, 0, 0, NULL, NULL, NULL),
(2, 1, 764, 19, 15, NULL, NULL, NULL, NULL, NULL, 0, 0, NULL, NULL, NULL),
(2, 1, 765, 20, 15, NULL, NULL, NULL, NULL, NULL, 1, 0, NULL, NULL, NULL),
(2, 1, 766, 21, 15, NULL, NULL, NULL, NULL, NULL, 1, 0, NULL, NULL, NULL),
(2, 1, 767, 22, 15, NULL, NULL, NULL, NULL, NULL, 1, 0, NULL, NULL, NULL),
(2, 1, 768, 23, 15, NULL, NULL, NULL, NULL, NULL, 1, 0, NULL, NULL, NULL),
(3, 1, 769, 0, 0, NULL, NULL, NULL, NULL, NULL, 0, 0, NULL, NULL, NULL),
(3, 1, 770, 1, 0, NULL, NULL, NULL, NULL, NULL, 0, 0, NULL, NULL, NULL),
(3, 1, 771, 2, 0, NULL, NULL, NULL, NULL, NULL, 0, 0, NULL, NULL, NULL),
(3, 1, 772, 3, 0, NULL, NULL, NULL, NULL, NULL, 0, 0, NULL, NULL, NULL),
(3, 1, 773, 4, 0, NULL, NULL, NULL, NULL, NULL, 0, 0, NULL, NULL, NULL),
(3, 1, 774, 5, 0, NULL, NULL, NULL, NULL, NULL, 0, 0, NULL, NULL, NULL),
(3, 1, 775, 6, 0, NULL, NULL, NULL, NULL, NULL, 0, 0, NULL, NULL, NULL),
(3, 1, 776, 7, 0, NULL, NULL, NULL, NULL, NULL, 0, 0, NULL, NULL, NULL),
(3, 1, 777, 8, 0, NULL, NULL, NULL, NULL, NULL, 0, 0, NULL, NULL, NULL),
(3, 1, 778, 9, 0, NULL, NULL, NULL, NULL, NULL, 0, 0, NULL, NULL, NULL),
(3, 1, 779, 10, 0, NULL, NULL, NULL, NULL, NULL, 1, 0, NULL, NULL, NULL),
(3, 1, 780, 11, 0, NULL, NULL, NULL, NULL, NULL, 1, 0, NULL, NULL, NULL),
(3, 1, 781, 12, 0, NULL, NULL, NULL, NULL, NULL, 1, 0, NULL, NULL, NULL),
(3, 1, 782, 13, 0, NULL, NULL, NULL, NULL, NULL, 1, 0, NULL, NULL, NULL),
(3, 1, 783, 14, 0, NULL, NULL, NULL, NULL, NULL, 0, 0, NULL, NULL, NULL),
(3, 1, 784, 15, 0, NULL, NULL, NULL, NULL, NULL, 0, 0, NULL, NULL, NULL),
(3, 1, 785, 16, 0, NULL, NULL, NULL, NULL, NULL, 0, 0, NULL, NULL, NULL),
(3, 1, 786, 17, 0, NULL, NULL, NULL, NULL, NULL, 0, 0, NULL, NULL, NULL),
(3, 1, 787, 18, 0, NULL, NULL, NULL, NULL, NULL, 0, 0, NULL, NULL, NULL),
(3, 1, 788, 19, 0, NULL, NULL, NULL, NULL, NULL, 0, 0, NULL, NULL, NULL),
(3, 1, 789, 20, 0, NULL, NULL, NULL, NULL, NULL, 0, 0, NULL, NULL, NULL),
(3, 1, 790, 21, 0, NULL, NULL, NULL, NULL, NULL, 0, 0, NULL, NULL, NULL),
(3, 1, 791, 22, 0, NULL, NULL, NULL, NULL, NULL, 0, 0, NULL, NULL, NULL),
(3, 1, 792, 23, 0, NULL, NULL, NULL, NULL, NULL, 1, 0, NULL, NULL, NULL),
(3, 1, 793, 0, 1, NULL, NULL, NULL, NULL, NULL, 1, 0, NULL, NULL, NULL),
(3, 1, 794, 1, 1, NULL, NULL, NULL, NULL, NULL, 0, 0, NULL, NULL, NULL),
(3, 1, 795, 2, 1, NULL, NULL, NULL, NULL, NULL, 0, 0, NULL, NULL, NULL),
(3, 1, 796, 3, 1, NULL, NULL, NULL, NULL, NULL, 0, 0, NULL, NULL, NULL),
(3, 1, 797, 4, 1, NULL, NULL, NULL, NULL, NULL, 1, 0, NULL, NULL, NULL),
(3, 1, 798, 5, 1, NULL, NULL, NULL, NULL, NULL, 0, 0, NULL, NULL, NULL),
(3, 1, 799, 6, 1, NULL, NULL, NULL, NULL, NULL, 0, 0, NULL, NULL, NULL),
(3, 1, 800, 7, 1, NULL, NULL, NULL, NULL, NULL, 0, 0, NULL, NULL, NULL),
(3, 1, 801, 8, 1, NULL, NULL, NULL, NULL, NULL, 0, 0, NULL, NULL, NULL),
(3, 1, 802, 9, 1, NULL, NULL, NULL, NULL, NULL, 0, 0, NULL, NULL, NULL),
(3, 1, 803, 10, 1, NULL, NULL, NULL, NULL, NULL, 1, 0, NULL, NULL, NULL),
(3, 1, 804, 11, 1, NULL, NULL, NULL, NULL, NULL, 1, 0, NULL, NULL, NULL),
(3, 1, 805, 12, 1, NULL, NULL, NULL, NULL, NULL, 1, 0, NULL, NULL, NULL),
(3, 1, 806, 13, 1, NULL, NULL, NULL, NULL, NULL, 0, 0, NULL, NULL, NULL),
(3, 1, 807, 14, 1, NULL, NULL, NULL, NULL, NULL, 0, 0, NULL, NULL, NULL),
(3, 1, 808, 15, 1, NULL, NULL, NULL, NULL, NULL, 0, 0, NULL, NULL, NULL),
(3, 1, 809, 16, 1, NULL, NULL, NULL, NULL, NULL, 0, 0, NULL, NULL, NULL),
(3, 1, 810, 17, 1, NULL, NULL, NULL, NULL, NULL, 0, 0, NULL, NULL, NULL),
(3, 1, 811, 18, 1, NULL, NULL, NULL, NULL, NULL, 0, 0, NULL, NULL, NULL),
(3, 1, 812, 19, 1, NULL, NULL, NULL, NULL, NULL, 0, 0, NULL, NULL, NULL),
(3, 1, 813, 20, 1, NULL, NULL, NULL, NULL, NULL, 0, 0, NULL, NULL, NULL),
(3, 1, 814, 21, 1, NULL, NULL, NULL, NULL, NULL, 0, 0, NULL, NULL, NULL),
(3, 1, 815, 22, 1, NULL, NULL, NULL, NULL, NULL, 0, 0, NULL, NULL, NULL),
(3, 1, 816, 23, 1, NULL, NULL, NULL, NULL, NULL, 0, 0, NULL, NULL, NULL),
(3, 1, 817, 0, 2, NULL, NULL, NULL, NULL, NULL, 1, 0, NULL, NULL, NULL),
(3, 1, 818, 1, 2, NULL, NULL, NULL, NULL, NULL, 0, 0, NULL, NULL, NULL),
(3, 1, 819, 2, 2, NULL, NULL, NULL, NULL, NULL, 0, 0, NULL, NULL, NULL),
(3, 1, 820, 3, 2, NULL, NULL, NULL, NULL, NULL, 0, 0, NULL, NULL, NULL),
(3, 1, 821, 4, 2, NULL, NULL, NULL, NULL, NULL, 0, 0, NULL, NULL, NULL),
(3, 1, 822, 5, 2, NULL, NULL, NULL, NULL, NULL, 0, 0, NULL, NULL, NULL),
(3, 1, 823, 6, 2, NULL, NULL, NULL, NULL, NULL, 0, 0, NULL, NULL, NULL),
(3, 1, 824, 7, 2, NULL, NULL, NULL, NULL, NULL, 0, 0, NULL, NULL, NULL),
(3, 1, 825, 8, 2, NULL, NULL, NULL, NULL, NULL, 0, 0, NULL, NULL, NULL),
(3, 1, 826, 9, 2, NULL, NULL, NULL, NULL, NULL, 0, 0, NULL, NULL, NULL),
(3, 1, 827, 10, 2, NULL, NULL, NULL, NULL, NULL, 1, 0, NULL, NULL, NULL),
(3, 1, 828, 11, 2, NULL, NULL, NULL, NULL, NULL, 1, 0, NULL, NULL, NULL),
(3, 1, 829, 12, 2, NULL, NULL, NULL, NULL, NULL, 1, 0, NULL, NULL, NULL),
(3, 1, 830, 13, 2, NULL, NULL, NULL, NULL, NULL, 0, 0, NULL, NULL, NULL),
(3, 1, 831, 14, 2, NULL, NULL, NULL, NULL, NULL, 0, 0, NULL, NULL, NULL),
(3, 1, 832, 15, 2, NULL, NULL, NULL, NULL, NULL, 0, 0, NULL, NULL, NULL),
(3, 1, 833, 16, 2, NULL, NULL, NULL, NULL, NULL, 0, 0, NULL, NULL, NULL),
(3, 1, 834, 17, 2, NULL, NULL, NULL, NULL, NULL, 0, 0, NULL, NULL, NULL),
(3, 1, 835, 18, 2, NULL, NULL, NULL, NULL, NULL, 0, 0, NULL, NULL, NULL),
(3, 1, 836, 19, 2, NULL, NULL, NULL, NULL, NULL, 0, 0, NULL, NULL, NULL),
(3, 1, 837, 20, 2, NULL, NULL, NULL, NULL, NULL, 0, 0, NULL, NULL, NULL),
(3, 1, 838, 21, 2, NULL, NULL, NULL, NULL, NULL, 0, 0, NULL, NULL, NULL),
(3, 1, 839, 22, 2, NULL, NULL, NULL, NULL, NULL, 0, 0, NULL, NULL, NULL),
(3, 1, 840, 23, 2, NULL, NULL, NULL, NULL, NULL, 0, 0, NULL, NULL, NULL),
(3, 1, 841, 0, 3, NULL, NULL, NULL, NULL, NULL, 0, 0, NULL, NULL, NULL),
(3, 1, 842, 1, 3, NULL, NULL, NULL, NULL, NULL, 0, 0, NULL, NULL, NULL),
(3, 1, 843, 2, 3, NULL, NULL, NULL, NULL, NULL, 0, 0, NULL, NULL, NULL),
(3, 1, 844, 3, 3, NULL, NULL, NULL, NULL, NULL, 0, 0, NULL, NULL, NULL),
(3, 1, 845, 4, 3, NULL, NULL, NULL, NULL, NULL, 0, 0, NULL, NULL, NULL),
(3, 1, 846, 5, 3, NULL, NULL, NULL, NULL, NULL, 0, 0, NULL, NULL, NULL),
(3, 1, 847, 6, 3, NULL, NULL, NULL, NULL, NULL, 0, 0, NULL, NULL, NULL),
(3, 1, 848, 7, 3, NULL, NULL, NULL, NULL, NULL, 0, 0, NULL, NULL, NULL),
(3, 1, 849, 8, 3, NULL, NULL, NULL, NULL, NULL, 0, 0, NULL, NULL, NULL),
(3, 1, 850, 9, 3, NULL, NULL, NULL, NULL, NULL, 0, 0, NULL, NULL, NULL),
(3, 1, 851, 10, 3, NULL, NULL, NULL, NULL, NULL, 1, 0, NULL, NULL, NULL),
(3, 1, 852, 11, 3, NULL, NULL, NULL, NULL, NULL, 1, 0, NULL, NULL, NULL),
(3, 1, 853, 12, 3, NULL, NULL, NULL, NULL, NULL, 0, 0, NULL, NULL, NULL),
(3, 1, 854, 13, 3, NULL, NULL, NULL, NULL, NULL, 0, 0, NULL, NULL, NULL),
(3, 1, 855, 14, 3, NULL, NULL, NULL, NULL, NULL, 0, 0, NULL, NULL, NULL),
(3, 1, 856, 15, 3, NULL, NULL, NULL, NULL, NULL, 0, 0, NULL, NULL, NULL),
(3, 1, 857, 16, 3, NULL, NULL, NULL, NULL, NULL, 0, 0, NULL, NULL, NULL),
(3, 1, 858, 17, 3, NULL, NULL, NULL, NULL, NULL, 0, 0, NULL, NULL, NULL),
(3, 1, 859, 18, 3, NULL, NULL, NULL, NULL, NULL, 0, 0, NULL, NULL, NULL),
(3, 1, 860, 19, 3, NULL, NULL, NULL, NULL, NULL, 0, 0, NULL, NULL, NULL),
(3, 1, 861, 20, 3, NULL, NULL, NULL, NULL, NULL, 0, 0, NULL, NULL, NULL),
(3, 1, 862, 21, 3, NULL, NULL, NULL, NULL, NULL, 0, 0, NULL, NULL, NULL),
(3, 1, 863, 22, 3, NULL, NULL, NULL, NULL, NULL, 0, 0, NULL, NULL, NULL),
(3, 1, 864, 23, 3, NULL, NULL, NULL, NULL, NULL, 0, 0, NULL, NULL, NULL),
(3, 1, 865, 0, 4, NULL, NULL, NULL, NULL, NULL, 0, 0, NULL, NULL, NULL),
(3, 1, 866, 1, 4, NULL, NULL, NULL, NULL, NULL, 0, 0, NULL, NULL, NULL),
(3, 1, 867, 2, 4, NULL, NULL, NULL, NULL, NULL, 0, 0, NULL, NULL, NULL),
(3, 1, 868, 3, 4, NULL, NULL, NULL, NULL, NULL, 0, 0, NULL, NULL, NULL),
(3, 1, 869, 4, 4, NULL, NULL, NULL, NULL, NULL, 0, 0, NULL, NULL, NULL),
(3, 1, 870, 5, 4, NULL, NULL, NULL, NULL, NULL, 1, 0, NULL, NULL, NULL),
(3, 1, 871, 6, 4, NULL, NULL, NULL, NULL, NULL, 0, 0, NULL, NULL, NULL),
(3, 1, 872, 7, 4, NULL, NULL, NULL, NULL, NULL, 0, 0, NULL, NULL, NULL),
(3, 1, 873, 8, 4, NULL, NULL, NULL, NULL, NULL, 1, 0, NULL, NULL, NULL),
(3, 1, 874, 9, 4, NULL, NULL, NULL, NULL, NULL, 0, 0, NULL, NULL, NULL),
(3, 1, 875, 10, 4, NULL, NULL, NULL, NULL, NULL, 1, 0, NULL, NULL, NULL),
(3, 1, 876, 11, 4, NULL, NULL, NULL, NULL, NULL, 1, 0, NULL, NULL, NULL),
(3, 1, 877, 12, 4, NULL, NULL, NULL, NULL, NULL, 0, 0, NULL, NULL, NULL),
(3, 1, 878, 13, 4, NULL, NULL, NULL, NULL, NULL, 0, 0, NULL, NULL, NULL),
(3, 1, 879, 14, 4, NULL, NULL, NULL, NULL, NULL, 0, 0, NULL, NULL, NULL),
(3, 1, 880, 15, 4, NULL, NULL, NULL, NULL, NULL, 1, 0, NULL, NULL, NULL),
(3, 1, 881, 16, 4, NULL, NULL, NULL, NULL, NULL, 1, 0, NULL, NULL, NULL),
(3, 1, 882, 17, 4, NULL, NULL, NULL, NULL, NULL, 1, 0, NULL, NULL, NULL),
(3, 1, 883, 18, 4, NULL, NULL, NULL, NULL, NULL, 1, 0, NULL, NULL, NULL),
(3, 1, 884, 19, 4, NULL, NULL, NULL, NULL, NULL, 1, 0, NULL, NULL, NULL),
(3, 1, 885, 20, 4, NULL, NULL, NULL, NULL, NULL, 0, 0, NULL, NULL, NULL),
(3, 1, 886, 21, 4, NULL, NULL, 5, NULL, 1908, 0, 1, NULL, NULL, 1),
(3, 1, 887, 22, 4, NULL, NULL, NULL, NULL, NULL, 0, 0, NULL, NULL, NULL),
(3, 1, 888, 23, 4, NULL, NULL, NULL, NULL, NULL, 0, 0, NULL, NULL, NULL),
(3, 1, 889, 0, 5, NULL, NULL, NULL, NULL, NULL, 0, 0, NULL, NULL, NULL),
(3, 1, 890, 1, 5, NULL, NULL, NULL, NULL, NULL, 0, 0, NULL, NULL, NULL),
(3, 1, 891, 2, 5, NULL, NULL, NULL, NULL, NULL, 0, 0, NULL, NULL, NULL),
(3, 1, 892, 3, 5, NULL, NULL, NULL, NULL, NULL, 0, 0, NULL, NULL, NULL),
(3, 1, 893, 4, 5, NULL, NULL, NULL, NULL, NULL, 0, 0, NULL, NULL, NULL),
(3, 1, 894, 5, 5, NULL, NULL, NULL, NULL, NULL, 1, 0, NULL, NULL, NULL),
(3, 1, 895, 6, 5, NULL, NULL, NULL, NULL, NULL, 1, 0, NULL, NULL, NULL),
(3, 1, 896, 7, 5, NULL, NULL, NULL, NULL, NULL, 1, 0, NULL, NULL, NULL),
(3, 1, 897, 8, 5, NULL, NULL, NULL, NULL, NULL, 1, 0, NULL, NULL, NULL),
(3, 1, 898, 9, 5, NULL, NULL, NULL, NULL, NULL, 0, 0, NULL, NULL, NULL),
(3, 1, 899, 10, 5, NULL, NULL, NULL, NULL, NULL, 0, 0, NULL, NULL, NULL),
(3, 1, 900, 11, 5, NULL, NULL, NULL, NULL, NULL, 1, 0, NULL, NULL, NULL),
(3, 1, 901, 12, 5, NULL, NULL, NULL, NULL, NULL, 0, 0, NULL, NULL, NULL),
(3, 1, 902, 13, 5, NULL, NULL, NULL, NULL, NULL, 1, 0, NULL, NULL, NULL),
(3, 1, 903, 14, 5, NULL, NULL, NULL, NULL, NULL, 1, 0, NULL, NULL, NULL),
(3, 1, 904, 15, 5, NULL, NULL, NULL, NULL, NULL, 1, 0, NULL, NULL, NULL),
(3, 1, 905, 16, 5, NULL, NULL, NULL, NULL, NULL, 1, 0, NULL, NULL, NULL),
(3, 1, 906, 17, 5, NULL, NULL, NULL, NULL, NULL, 1, 0, NULL, NULL, NULL),
(3, 1, 907, 18, 5, NULL, NULL, NULL, NULL, NULL, 1, 0, NULL, NULL, NULL),
(3, 1, 908, 19, 5, NULL, NULL, NULL, NULL, NULL, 1, 0, NULL, NULL, NULL),
(3, 1, 909, 20, 5, NULL, NULL, NULL, NULL, NULL, 1, 0, NULL, NULL, NULL),
(3, 1, 910, 21, 5, NULL, NULL, NULL, NULL, NULL, 1, 0, NULL, NULL, NULL),
(3, 1, 911, 22, 5, NULL, NULL, NULL, NULL, NULL, 1, 0, NULL, NULL, NULL),
(3, 1, 912, 23, 5, NULL, NULL, NULL, NULL, NULL, 1, 0, NULL, NULL, NULL),
(3, 1, 913, 0, 6, NULL, NULL, NULL, NULL, NULL, 0, 0, NULL, NULL, NULL),
(3, 1, 914, 1, 6, NULL, NULL, NULL, NULL, NULL, 0, 0, NULL, NULL, NULL),
(3, 1, 915, 2, 6, NULL, NULL, NULL, NULL, NULL, 0, 0, NULL, NULL, NULL),
(3, 1, 916, 3, 6, NULL, NULL, NULL, NULL, NULL, 0, 0, NULL, NULL, NULL),
(3, 1, 917, 4, 6, NULL, NULL, NULL, NULL, NULL, 0, 0, NULL, NULL, NULL),
(3, 1, 918, 5, 6, NULL, NULL, NULL, NULL, NULL, 1, 0, NULL, NULL, NULL),
(3, 1, 919, 6, 6, NULL, NULL, NULL, NULL, NULL, 1, 0, NULL, NULL, NULL),
(3, 1, 920, 7, 6, NULL, NULL, NULL, NULL, NULL, 1, 0, NULL, NULL, NULL),
(3, 1, 921, 8, 6, NULL, NULL, NULL, NULL, NULL, 1, 0, NULL, NULL, NULL),
(3, 1, 922, 9, 6, NULL, NULL, NULL, NULL, NULL, 0, 0, NULL, NULL, NULL),
(3, 1, 923, 10, 6, NULL, NULL, NULL, NULL, NULL, 0, 0, NULL, NULL, NULL),
(3, 1, 924, 11, 6, NULL, NULL, NULL, NULL, NULL, 1, 0, NULL, NULL, NULL),
(3, 1, 925, 12, 6, NULL, NULL, NULL, NULL, NULL, 0, 0, NULL, NULL, NULL),
(3, 1, 926, 13, 6, NULL, NULL, NULL, NULL, NULL, 0, 0, NULL, NULL, NULL),
(3, 1, 927, 14, 6, NULL, NULL, NULL, NULL, NULL, 1, 0, NULL, NULL, NULL),
(3, 1, 928, 15, 6, NULL, NULL, NULL, NULL, NULL, 0, 0, NULL, NULL, NULL),
(3, 1, 929, 16, 6, NULL, NULL, NULL, NULL, NULL, 0, 0, NULL, NULL, NULL),
(3, 1, 930, 17, 6, NULL, NULL, NULL, NULL, NULL, 1, 0, NULL, NULL, NULL),
(3, 1, 931, 18, 6, NULL, NULL, NULL, NULL, NULL, 1, 0, NULL, NULL, NULL),
(3, 1, 932, 19, 6, NULL, NULL, NULL, NULL, NULL, 1, 0, NULL, NULL, NULL),
(3, 1, 933, 20, 6, NULL, NULL, NULL, NULL, NULL, 1, 0, NULL, NULL, NULL),
(3, 1, 934, 21, 6, NULL, NULL, NULL, NULL, NULL, 1, 0, NULL, NULL, NULL),
(3, 1, 935, 22, 6, NULL, NULL, NULL, NULL, NULL, 1, 0, NULL, NULL, NULL),
(3, 1, 936, 23, 6, NULL, NULL, NULL, NULL, NULL, 0, 0, NULL, NULL, NULL),
(3, 1, 937, 0, 7, NULL, NULL, NULL, NULL, NULL, 0, 0, NULL, NULL, NULL),
(3, 1, 938, 1, 7, NULL, NULL, NULL, NULL, NULL, 0, 0, NULL, NULL, NULL),
(3, 1, 939, 2, 7, NULL, NULL, NULL, NULL, NULL, 0, 0, NULL, NULL, NULL),
(3, 1, 940, 3, 7, NULL, NULL, NULL, NULL, NULL, 1, 0, NULL, NULL, NULL),
(3, 1, 941, 4, 7, NULL, NULL, NULL, NULL, NULL, 1, 0, NULL, NULL, NULL),
(3, 1, 942, 5, 7, NULL, NULL, NULL, NULL, NULL, 1, 0, NULL, NULL, NULL),
(3, 1, 943, 6, 7, NULL, NULL, NULL, NULL, NULL, 1, 0, NULL, NULL, NULL),
(3, 1, 944, 7, 7, NULL, NULL, NULL, NULL, NULL, 1, 0, NULL, NULL, NULL),
(3, 1, 945, 8, 7, NULL, NULL, NULL, NULL, NULL, 0, 0, NULL, NULL, NULL),
(3, 1, 946, 9, 7, NULL, NULL, NULL, NULL, NULL, 0, 0, NULL, NULL, NULL),
(3, 1, 947, 10, 7, NULL, NULL, NULL, NULL, NULL, 1, 0, NULL, NULL, NULL),
(3, 1, 948, 11, 7, NULL, NULL, NULL, NULL, NULL, 1, 0, NULL, NULL, NULL),
(3, 1, 949, 12, 7, NULL, NULL, NULL, NULL, NULL, 0, 0, NULL, NULL, NULL),
(3, 1, 950, 13, 7, NULL, NULL, NULL, NULL, NULL, 0, 0, NULL, NULL, NULL),
(3, 1, 951, 14, 7, NULL, NULL, NULL, NULL, NULL, 1, 0, NULL, NULL, NULL),
(3, 1, 952, 15, 7, NULL, NULL, NULL, NULL, NULL, 0, 0, NULL, NULL, NULL),
(3, 1, 953, 16, 7, NULL, NULL, NULL, NULL, NULL, 0, 0, NULL, NULL, NULL),
(3, 1, 954, 17, 7, NULL, NULL, NULL, NULL, NULL, 1, 0, NULL, NULL, NULL),
(3, 1, 955, 18, 7, NULL, NULL, NULL, NULL, NULL, 0, 0, NULL, NULL, NULL),
(3, 1, 956, 19, 7, NULL, NULL, NULL, NULL, NULL, 0, 0, NULL, NULL, NULL),
(3, 1, 957, 20, 7, NULL, NULL, NULL, NULL, NULL, 1, 0, NULL, NULL, NULL),
(3, 1, 958, 21, 7, NULL, NULL, NULL, NULL, NULL, 1, 0, NULL, NULL, NULL),
(3, 1, 959, 22, 7, NULL, NULL, NULL, NULL, NULL, 1, 0, NULL, NULL, NULL),
(3, 1, 960, 23, 7, NULL, NULL, NULL, NULL, NULL, 0, 0, NULL, NULL, NULL),
(3, 1, 961, 0, 8, NULL, NULL, NULL, NULL, NULL, 0, 0, NULL, NULL, NULL),
(3, 1, 962, 1, 8, NULL, NULL, NULL, NULL, NULL, 0, 0, NULL, NULL, NULL),
(3, 1, 963, 2, 8, NULL, NULL, NULL, NULL, NULL, 1, 0, NULL, NULL, NULL),
(3, 1, 964, 3, 8, NULL, NULL, NULL, NULL, NULL, 0, 0, NULL, NULL, NULL),
(3, 1, 965, 4, 8, NULL, NULL, NULL, NULL, NULL, 1, 0, NULL, NULL, NULL),
(3, 1, 966, 5, 8, NULL, NULL, NULL, NULL, NULL, 1, 0, NULL, NULL, NULL),
(3, 1, 967, 6, 8, NULL, NULL, NULL, NULL, NULL, 1, 0, NULL, NULL, NULL),
(3, 1, 968, 7, 8, NULL, NULL, NULL, NULL, NULL, 1, 0, NULL, NULL, NULL),
(3, 1, 969, 8, 8, NULL, NULL, NULL, NULL, NULL, 1, 0, NULL, NULL, NULL),
(3, 1, 970, 9, 8, NULL, NULL, NULL, NULL, NULL, 1, 0, NULL, NULL, NULL),
(3, 1, 971, 10, 8, NULL, NULL, NULL, NULL, NULL, 1, 0, NULL, NULL, NULL),
(3, 1, 972, 11, 8, NULL, NULL, NULL, NULL, NULL, 1, 0, NULL, NULL, NULL),
(3, 1, 973, 12, 8, NULL, NULL, NULL, NULL, NULL, 0, 0, NULL, NULL, NULL),
(3, 1, 974, 13, 8, NULL, NULL, NULL, NULL, NULL, 1, 0, NULL, NULL, NULL),
(3, 1, 975, 14, 8, NULL, NULL, NULL, NULL, NULL, 1, 0, NULL, NULL, NULL),
(3, 1, 976, 15, 8, NULL, NULL, NULL, NULL, NULL, 1, 0, NULL, NULL, NULL),
(3, 1, 977, 16, 8, NULL, NULL, NULL, NULL, NULL, 1, 0, NULL, NULL, NULL),
(3, 1, 978, 17, 8, NULL, NULL, NULL, NULL, NULL, 1, 0, NULL, NULL, NULL),
(3, 1, 979, 18, 8, NULL, NULL, NULL, NULL, NULL, 0, 0, NULL, NULL, NULL),
(3, 1, 980, 19, 8, NULL, NULL, NULL, NULL, NULL, 0, 0, NULL, NULL, NULL),
(3, 1, 981, 20, 8, NULL, NULL, NULL, NULL, NULL, 1, 0, NULL, NULL, NULL),
(3, 1, 982, 21, 8, NULL, NULL, NULL, NULL, NULL, 0, 0, NULL, NULL, NULL),
(3, 1, 983, 22, 8, NULL, NULL, NULL, NULL, NULL, 0, 0, NULL, NULL, NULL),
(3, 1, 984, 23, 8, NULL, NULL, NULL, NULL, NULL, 0, 0, NULL, NULL, NULL),
(3, 1, 985, 0, 9, NULL, NULL, NULL, NULL, NULL, 0, 0, NULL, NULL, NULL),
(3, 1, 986, 1, 9, NULL, NULL, NULL, NULL, NULL, 0, 0, NULL, NULL, NULL),
(3, 1, 987, 2, 9, NULL, NULL, NULL, NULL, NULL, 1, 0, NULL, NULL, NULL),
(3, 1, 988, 3, 9, NULL, NULL, NULL, NULL, NULL, 1, 0, NULL, NULL, NULL),
(3, 1, 989, 4, 9, NULL, NULL, NULL, NULL, NULL, 1, 0, NULL, NULL, NULL),
(3, 1, 990, 5, 9, NULL, NULL, NULL, NULL, NULL, 1, 0, NULL, NULL, NULL),
(3, 1, 991, 6, 9, NULL, NULL, NULL, NULL, NULL, 1, 0, NULL, NULL, NULL),
(3, 1, 992, 7, 9, NULL, NULL, NULL, NULL, NULL, 1, 0, NULL, NULL, NULL),
(3, 1, 993, 8, 9, NULL, NULL, NULL, NULL, NULL, 0, 0, NULL, NULL, NULL),
(3, 1, 994, 9, 9, NULL, NULL, NULL, NULL, NULL, 0, 0, NULL, NULL, NULL),
(3, 1, 995, 10, 9, NULL, NULL, NULL, NULL, NULL, 1, 0, NULL, NULL, NULL),
(3, 1, 996, 11, 9, NULL, NULL, NULL, NULL, NULL, 1, 0, NULL, NULL, NULL),
(3, 1, 997, 12, 9, NULL, NULL, NULL, NULL, NULL, 0, 0, NULL, NULL, NULL),
(3, 1, 998, 13, 9, NULL, NULL, NULL, NULL, NULL, 1, 0, NULL, NULL, NULL),
(3, 1, 999, 14, 9, NULL, NULL, NULL, NULL, NULL, 1, 0, NULL, NULL, NULL),
(3, 1, 1000, 15, 9, NULL, NULL, NULL, NULL, NULL, 1, 0, NULL, NULL, NULL),
(3, 1, 1001, 16, 9, NULL, NULL, NULL, NULL, NULL, 1, 0, NULL, NULL, NULL),
(3, 1, 1002, 17, 9, NULL, NULL, NULL, NULL, NULL, 0, 0, NULL, NULL, NULL),
(3, 1, 1003, 18, 9, NULL, NULL, NULL, NULL, NULL, 0, 0, NULL, NULL, NULL),
(3, 1, 1004, 19, 9, NULL, NULL, NULL, NULL, NULL, 0, 0, NULL, NULL, NULL),
(3, 1, 1005, 20, 9, NULL, NULL, NULL, NULL, NULL, 0, 0, NULL, NULL, NULL),
(3, 1, 1006, 21, 9, NULL, NULL, NULL, NULL, NULL, 0, 0, NULL, NULL, NULL),
(3, 1, 1007, 22, 9, NULL, NULL, NULL, NULL, NULL, 0, 0, NULL, NULL, NULL),
(3, 1, 1008, 23, 9, NULL, NULL, NULL, NULL, NULL, 0, 0, NULL, NULL, NULL),
(3, 1, 1009, 0, 10, NULL, NULL, NULL, NULL, NULL, 0, 0, NULL, NULL, NULL),
(3, 1, 1010, 1, 10, NULL, NULL, NULL, NULL, NULL, 0, 0, NULL, NULL, NULL),
(3, 1, 1011, 2, 10, NULL, NULL, NULL, NULL, NULL, 1, 0, NULL, NULL, NULL),
(3, 1, 1012, 3, 10, NULL, NULL, NULL, NULL, NULL, 1, 0, NULL, NULL, NULL),
(3, 1, 1013, 4, 10, NULL, NULL, NULL, NULL, NULL, 1, 0, NULL, NULL, NULL),
(3, 1, 1014, 5, 10, NULL, NULL, NULL, NULL, NULL, 1, 0, NULL, NULL, NULL),
(3, 1, 1015, 6, 10, NULL, NULL, NULL, NULL, NULL, 1, 0, NULL, NULL, NULL),
(3, 1, 1016, 7, 10, NULL, NULL, NULL, NULL, NULL, 1, 0, NULL, NULL, NULL),
(3, 1, 1017, 8, 10, NULL, NULL, NULL, NULL, NULL, 1, 0, NULL, NULL, NULL),
(3, 1, 1018, 9, 10, NULL, NULL, NULL, NULL, NULL, 0, 0, NULL, NULL, NULL),
(3, 1, 1019, 10, 10, NULL, NULL, NULL, NULL, NULL, 1, 0, NULL, NULL, NULL),
(3, 1, 1020, 11, 10, NULL, NULL, NULL, NULL, NULL, 1, 0, NULL, NULL, NULL),
(3, 1, 1021, 12, 10, NULL, NULL, NULL, NULL, NULL, 1, 0, NULL, NULL, NULL),
(3, 1, 1022, 13, 10, NULL, NULL, NULL, NULL, NULL, 1, 0, NULL, NULL, NULL),
(3, 1, 1023, 14, 10, NULL, NULL, NULL, NULL, NULL, 1, 0, NULL, NULL, NULL),
(3, 1, 1024, 15, 10, NULL, NULL, NULL, NULL, NULL, 1, 0, NULL, NULL, NULL),
(3, 1, 1025, 16, 10, NULL, NULL, NULL, NULL, NULL, 1, 0, NULL, NULL, NULL),
(3, 1, 1026, 17, 10, NULL, NULL, NULL, NULL, NULL, 0, 0, NULL, NULL, NULL),
(3, 1, 1027, 18, 10, NULL, NULL, NULL, NULL, NULL, 0, 0, NULL, NULL, NULL),
(3, 1, 1028, 19, 10, NULL, NULL, NULL, NULL, NULL, 0, 0, NULL, NULL, NULL),
(3, 1, 1029, 20, 10, NULL, NULL, NULL, NULL, NULL, 0, 0, NULL, NULL, NULL),
(3, 1, 1030, 21, 10, NULL, NULL, NULL, NULL, NULL, 0, 0, NULL, NULL, NULL),
(3, 1, 1031, 22, 10, NULL, NULL, NULL, NULL, NULL, 0, 0, NULL, NULL, NULL),
(3, 1, 1032, 23, 10, NULL, NULL, NULL, NULL, NULL, 0, 0, NULL, NULL, NULL),
(3, 1, 1033, 0, 11, NULL, NULL, NULL, NULL, NULL, 0, 0, NULL, NULL, NULL),
(3, 1, 1034, 1, 11, NULL, NULL, NULL, NULL, NULL, 0, 0, NULL, NULL, NULL),
(3, 1, 1035, 2, 11, NULL, NULL, NULL, NULL, NULL, 1, 0, NULL, NULL, NULL),
(3, 1, 1036, 3, 11, NULL, NULL, NULL, NULL, NULL, 1, 0, NULL, NULL, NULL),
(3, 1, 1037, 4, 11, NULL, NULL, NULL, NULL, NULL, 1, 0, NULL, NULL, NULL),
(3, 1, 1038, 5, 11, NULL, NULL, NULL, NULL, NULL, 1, 0, NULL, NULL, NULL),
(3, 1, 1039, 6, 11, NULL, NULL, NULL, NULL, NULL, 1, 0, NULL, NULL, NULL),
(3, 1, 1040, 7, 11, NULL, NULL, NULL, NULL, NULL, 1, 0, NULL, NULL, NULL),
(3, 1, 1041, 8, 11, NULL, NULL, NULL, NULL, NULL, 1, 0, NULL, NULL, NULL),
(3, 1, 1042, 9, 11, NULL, NULL, NULL, NULL, NULL, 0, 0, NULL, NULL, NULL),
(3, 1, 1043, 10, 11, NULL, NULL, NULL, NULL, NULL, 1, 0, NULL, NULL, NULL),
(3, 1, 1044, 11, 11, NULL, NULL, NULL, NULL, NULL, 1, 0, NULL, NULL, NULL),
(3, 1, 1045, 12, 11, NULL, NULL, NULL, NULL, NULL, 1, 0, NULL, NULL, NULL),
(3, 1, 1046, 13, 11, NULL, NULL, NULL, NULL, NULL, 1, 0, NULL, NULL, NULL),
(3, 1, 1047, 14, 11, NULL, NULL, NULL, NULL, NULL, 1, 0, NULL, NULL, NULL),
(3, 1, 1048, 15, 11, NULL, NULL, NULL, NULL, NULL, 1, 0, NULL, NULL, NULL),
(3, 1, 1049, 16, 11, NULL, NULL, NULL, NULL, NULL, 1, 0, NULL, NULL, NULL),
(3, 1, 1050, 17, 11, NULL, NULL, NULL, NULL, NULL, 0, 0, NULL, NULL, NULL),
(3, 1, 1051, 18, 11, NULL, NULL, NULL, NULL, NULL, 0, 0, NULL, NULL, NULL),
(3, 1, 1052, 19, 11, NULL, NULL, NULL, NULL, NULL, 0, 0, NULL, NULL, NULL),
(3, 1, 1053, 20, 11, NULL, NULL, NULL, NULL, NULL, 0, 0, NULL, NULL, NULL),
(3, 1, 1054, 21, 11, NULL, NULL, NULL, NULL, NULL, 0, 0, NULL, NULL, NULL),
(3, 1, 1055, 22, 11, NULL, NULL, NULL, NULL, NULL, 0, 0, NULL, NULL, NULL),
(3, 1, 1056, 23, 11, NULL, NULL, NULL, NULL, NULL, 0, 0, NULL, NULL, NULL),
(3, 1, 1057, 0, 12, NULL, NULL, NULL, NULL, NULL, 0, 0, NULL, NULL, NULL),
(3, 1, 1058, 1, 12, NULL, NULL, NULL, NULL, NULL, 1, 0, NULL, NULL, NULL),
(3, 1, 1059, 2, 12, NULL, NULL, NULL, NULL, NULL, 1, 0, NULL, NULL, NULL),
(3, 1, 1060, 3, 12, NULL, NULL, NULL, NULL, NULL, 1, 0, NULL, NULL, NULL),
(3, 1, 1061, 4, 12, NULL, NULL, NULL, NULL, NULL, 1, 0, NULL, NULL, NULL),
(3, 1, 1062, 5, 12, NULL, NULL, NULL, NULL, NULL, 1, 0, NULL, NULL, NULL),
(3, 1, 1063, 6, 12, NULL, NULL, NULL, NULL, NULL, 0, 0, NULL, NULL, NULL),
(3, 1, 1064, 7, 12, NULL, NULL, NULL, NULL, NULL, 0, 0, NULL, NULL, NULL),
(3, 1, 1065, 8, 12, NULL, NULL, NULL, NULL, NULL, 1, 0, NULL, NULL, NULL),
(3, 1, 1066, 9, 12, NULL, NULL, NULL, NULL, NULL, 0, 0, NULL, NULL, NULL),
(3, 1, 1067, 10, 12, NULL, NULL, NULL, NULL, NULL, 1, 0, NULL, NULL, NULL),
(3, 1, 1068, 11, 12, NULL, NULL, NULL, NULL, NULL, 0, 0, NULL, NULL, NULL),
(3, 1, 1069, 12, 12, NULL, NULL, NULL, NULL, NULL, 0, 0, NULL, NULL, NULL),
(3, 1, 1070, 13, 12, NULL, NULL, NULL, NULL, NULL, 1, 0, NULL, NULL, NULL),
(3, 1, 1071, 14, 12, NULL, NULL, NULL, NULL, NULL, 1, 0, NULL, NULL, NULL),
(3, 1, 1072, 15, 12, NULL, NULL, NULL, NULL, NULL, 0, 0, NULL, NULL, NULL),
(3, 1, 1073, 16, 12, NULL, NULL, NULL, NULL, NULL, 1, 0, NULL, NULL, NULL),
(3, 1, 1074, 17, 12, NULL, NULL, NULL, NULL, NULL, 0, 0, NULL, NULL, NULL),
(3, 1, 1075, 18, 12, NULL, NULL, 4, NULL, 1520, 0, 1, NULL, NULL, 1),
(3, 1, 1076, 19, 12, NULL, NULL, NULL, NULL, NULL, 0, 0, NULL, NULL, NULL),
(3, 1, 1077, 20, 12, NULL, NULL, NULL, NULL, NULL, 0, 0, NULL, NULL, NULL),
(3, 1, 1078, 21, 12, NULL, NULL, NULL, NULL, NULL, 0, 0, NULL, NULL, NULL),
(3, 1, 1079, 22, 12, NULL, NULL, 4, NULL, 1520, 0, 1, NULL, NULL, 1),
(3, 1, 1080, 23, 12, NULL, NULL, NULL, NULL, NULL, 0, 0, NULL, NULL, NULL),
(3, 1, 1081, 0, 13, NULL, NULL, NULL, NULL, NULL, 0, 0, NULL, NULL, NULL),
(3, 1, 1082, 1, 13, NULL, NULL, NULL, NULL, NULL, 0, 0, NULL, NULL, NULL),
(3, 1, 1083, 2, 13, NULL, NULL, NULL, NULL, NULL, 0, 0, NULL, NULL, NULL),
(3, 1, 1084, 3, 13, NULL, NULL, NULL, NULL, NULL, 1, 0, NULL, NULL, NULL),
(3, 1, 1085, 4, 13, NULL, NULL, NULL, NULL, NULL, 0, 0, NULL, NULL, NULL),
(3, 1, 1086, 5, 13, NULL, NULL, NULL, NULL, NULL, 0, 0, NULL, NULL, NULL),
(3, 1, 1087, 6, 13, NULL, NULL, NULL, NULL, NULL, 0, 0, NULL, NULL, NULL),
(3, 1, 1088, 7, 13, NULL, NULL, NULL, NULL, NULL, 0, 0, NULL, NULL, NULL),
(3, 1, 1089, 8, 13, NULL, NULL, NULL, NULL, NULL, 0, 0, NULL, NULL, NULL),
(3, 1, 1090, 9, 13, NULL, NULL, NULL, NULL, NULL, 0, 0, NULL, NULL, NULL),
(3, 1, 1091, 10, 13, NULL, NULL, NULL, NULL, NULL, 1, 0, NULL, NULL, NULL),
(3, 1, 1092, 11, 13, NULL, NULL, NULL, NULL, NULL, 0, 0, NULL, NULL, NULL),
(3, 1, 1093, 12, 13, NULL, NULL, NULL, NULL, NULL, 0, 0, NULL, NULL, NULL),
(3, 1, 1094, 13, 13, NULL, NULL, NULL, NULL, NULL, 1, 0, NULL, NULL, NULL),
(3, 1, 1095, 14, 13, NULL, NULL, NULL, NULL, NULL, 1, 0, NULL, NULL, NULL),
(3, 1, 1096, 15, 13, NULL, NULL, NULL, NULL, NULL, 0, 0, NULL, NULL, NULL),
(3, 1, 1097, 16, 13, NULL, NULL, NULL, NULL, NULL, 1, 0, NULL, NULL, NULL),
(3, 1, 1098, 17, 13, NULL, NULL, NULL, NULL, NULL, 1, 0, NULL, NULL, NULL),
(3, 1, 1099, 18, 13, NULL, NULL, NULL, NULL, NULL, 1, 0, NULL, NULL, NULL),
(3, 1, 1100, 19, 13, NULL, NULL, NULL, NULL, NULL, 1, 0, NULL, NULL, NULL),
(3, 1, 1101, 20, 13, NULL, NULL, NULL, NULL, NULL, 1, 0, NULL, NULL, NULL),
(3, 1, 1102, 21, 13, NULL, NULL, NULL, NULL, NULL, 1, 0, NULL, NULL, NULL),
(3, 1, 1103, 22, 13, NULL, NULL, NULL, NULL, NULL, 1, 0, NULL, NULL, NULL),
(3, 1, 1104, 23, 13, NULL, NULL, NULL, NULL, NULL, 1, 0, NULL, NULL, NULL),
(3, 1, 1105, 0, 14, NULL, NULL, 6, NULL, 2304, 0, 1, NULL, NULL, 1),
(3, 1, 1106, 1, 14, NULL, NULL, NULL, NULL, NULL, 1, 0, NULL, NULL, NULL),
(3, 1, 1107, 2, 14, NULL, NULL, NULL, NULL, NULL, 1, 0, NULL, NULL, NULL),
(3, 1, 1108, 3, 14, NULL, NULL, NULL, NULL, NULL, 1, 0, NULL, NULL, NULL),
(3, 1, 1109, 4, 14, NULL, NULL, NULL, NULL, NULL, 1, 0, NULL, NULL, NULL),
(3, 1, 1110, 5, 14, NULL, NULL, NULL, NULL, NULL, 1, 0, NULL, NULL, NULL),
(3, 1, 1111, 6, 14, NULL, NULL, NULL, NULL, NULL, 1, 0, NULL, NULL, NULL),
(3, 1, 1112, 7, 14, NULL, NULL, NULL, NULL, NULL, 1, 0, NULL, NULL, NULL),
(3, 1, 1113, 8, 14, NULL, NULL, NULL, NULL, NULL, 1, 0, NULL, NULL, NULL),
(3, 1, 1114, 9, 14, NULL, NULL, NULL, NULL, NULL, 1, 0, NULL, NULL, NULL),
(3, 1, 1115, 10, 14, NULL, NULL, NULL, NULL, NULL, 1, 0, NULL, NULL, NULL),
(3, 1, 1116, 11, 14, NULL, NULL, NULL, NULL, NULL, 0, 0, NULL, NULL, NULL),
(3, 1, 1117, 12, 14, NULL, NULL, NULL, NULL, NULL, 1, 0, NULL, NULL, NULL),
(3, 1, 1118, 13, 14, NULL, NULL, NULL, NULL, NULL, 1, 0, NULL, NULL, NULL),
(3, 1, 1119, 14, 14, NULL, NULL, NULL, NULL, NULL, 0, 0, NULL, NULL, NULL),
(3, 1, 1120, 15, 14, NULL, NULL, NULL, NULL, NULL, 0, 0, NULL, NULL, NULL),
(3, 1, 1121, 16, 14, NULL, NULL, NULL, NULL, NULL, 1, 0, NULL, NULL, NULL),
(3, 1, 1122, 17, 14, NULL, NULL, NULL, NULL, NULL, 1, 0, NULL, NULL, NULL),
(3, 1, 1123, 18, 14, NULL, NULL, NULL, NULL, NULL, 1, 0, NULL, NULL, NULL),
(3, 1, 1124, 19, 14, NULL, NULL, NULL, NULL, NULL, 1, 0, NULL, NULL, NULL),
(3, 1, 1125, 20, 14, NULL, NULL, NULL, NULL, NULL, 1, 0, NULL, NULL, NULL),
(3, 1, 1126, 21, 14, NULL, NULL, NULL, NULL, NULL, 0, 0, NULL, NULL, NULL),
(3, 1, 1127, 22, 14, NULL, NULL, NULL, NULL, NULL, 0, 0, NULL, NULL, NULL),
(3, 1, 1128, 23, 14, NULL, NULL, NULL, NULL, NULL, 1, 0, NULL, NULL, NULL),
(3, 1, 1129, 0, 15, NULL, NULL, NULL, NULL, NULL, 0, 0, NULL, NULL, NULL),
(3, 1, 1130, 1, 15, NULL, NULL, NULL, NULL, NULL, 1, 0, NULL, NULL, NULL),
(3, 1, 1131, 2, 15, NULL, NULL, NULL, NULL, NULL, 1, 0, NULL, NULL, NULL),
(3, 1, 1132, 3, 15, NULL, NULL, NULL, NULL, NULL, 0, 0, NULL, NULL, NULL),
(3, 1, 1133, 4, 15, NULL, NULL, NULL, NULL, NULL, 0, 0, NULL, NULL, NULL),
(3, 1, 1134, 5, 15, NULL, NULL, NULL, NULL, NULL, 1, 0, NULL, NULL, NULL),
(3, 1, 1135, 6, 15, NULL, NULL, NULL, NULL, NULL, 1, 0, NULL, NULL, NULL),
(3, 1, 1136, 7, 15, NULL, NULL, NULL, NULL, NULL, 1, 0, NULL, NULL, NULL),
(3, 1, 1137, 8, 15, NULL, NULL, NULL, NULL, NULL, 1, 0, NULL, NULL, NULL),
(3, 1, 1138, 9, 15, NULL, NULL, NULL, NULL, NULL, 1, 0, NULL, NULL, NULL),
(3, 1, 1139, 10, 15, NULL, NULL, NULL, NULL, NULL, 1, 0, NULL, NULL, NULL),
(3, 1, 1140, 11, 15, NULL, NULL, NULL, NULL, NULL, 0, 0, NULL, NULL, NULL),
(3, 1, 1141, 12, 15, NULL, NULL, NULL, NULL, NULL, 1, 0, NULL, NULL, NULL),
(3, 1, 1142, 13, 15, NULL, NULL, NULL, NULL, NULL, 1, 0, NULL, NULL, NULL),
(3, 1, 1143, 14, 15, NULL, NULL, NULL, NULL, NULL, 0, 0, NULL, NULL, NULL),
(3, 1, 1144, 15, 15, NULL, NULL, NULL, NULL, NULL, 0, 0, NULL, NULL, NULL),
(3, 1, 1145, 16, 15, NULL, NULL, NULL, NULL, NULL, 1, 0, NULL, NULL, NULL),
(3, 1, 1146, 17, 15, NULL, NULL, NULL, NULL, NULL, 1, 0, NULL, NULL, NULL),
(3, 1, 1147, 18, 15, NULL, NULL, NULL, NULL, NULL, 1, 0, NULL, NULL, NULL),
(3, 1, 1148, 19, 15, NULL, NULL, NULL, NULL, NULL, 1, 0, NULL, NULL, NULL),
(3, 1, 1149, 20, 15, NULL, NULL, NULL, NULL, NULL, 1, 0, NULL, NULL, NULL),
(3, 1, 1150, 21, 15, NULL, NULL, NULL, NULL, NULL, 0, 0, NULL, NULL, NULL),
(3, 1, 1151, 22, 15, NULL, NULL, NULL, NULL, NULL, 0, 0, NULL, NULL, NULL),
(3, 1, 1152, 23, 15, NULL, NULL, NULL, NULL, NULL, 1, 0, NULL, NULL, NULL),
(4, 1, 1153, 0, 0, NULL, NULL, NULL, NULL, NULL, 0, 0, NULL, NULL, NULL),
(4, 1, 1154, 1, 0, NULL, NULL, NULL, NULL, NULL, 0, 0, NULL, NULL, NULL),
(4, 1, 1155, 2, 0, NULL, NULL, NULL, NULL, NULL, 0, 0, NULL, NULL, NULL),
(4, 1, 1156, 3, 0, NULL, NULL, NULL, NULL, NULL, 0, 0, NULL, NULL, NULL),
(4, 1, 1157, 4, 0, NULL, NULL, NULL, NULL, NULL, 0, 0, NULL, NULL, NULL),
(4, 1, 1158, 5, 0, NULL, NULL, NULL, NULL, NULL, 0, 0, NULL, NULL, NULL),
(4, 1, 1159, 6, 0, NULL, NULL, NULL, NULL, NULL, 0, 0, NULL, NULL, NULL),
(4, 1, 1160, 7, 0, NULL, NULL, NULL, NULL, NULL, 0, 0, NULL, NULL, NULL),
(4, 1, 1161, 8, 0, NULL, NULL, NULL, NULL, NULL, 0, 0, NULL, NULL, NULL),
(4, 1, 1162, 9, 0, NULL, NULL, NULL, NULL, NULL, 0, 0, NULL, NULL, NULL),
(4, 1, 1163, 10, 0, NULL, NULL, NULL, NULL, NULL, 0, 0, NULL, NULL, NULL),
(4, 1, 1164, 11, 0, NULL, NULL, NULL, NULL, NULL, 0, 0, NULL, NULL, NULL),
(4, 1, 1165, 12, 0, NULL, NULL, NULL, NULL, NULL, 0, 0, NULL, NULL, NULL),
(4, 1, 1166, 13, 0, NULL, NULL, NULL, NULL, NULL, 0, 0, NULL, NULL, NULL),
(4, 1, 1167, 14, 0, NULL, NULL, NULL, NULL, NULL, 0, 0, NULL, NULL, NULL),
(4, 1, 1168, 15, 0, NULL, NULL, NULL, NULL, NULL, 0, 0, NULL, NULL, NULL),
(4, 1, 1169, 16, 0, NULL, NULL, NULL, NULL, NULL, 0, 0, NULL, NULL, NULL),
(4, 1, 1170, 17, 0, NULL, NULL, NULL, NULL, NULL, 0, 0, NULL, NULL, NULL),
(4, 1, 1171, 18, 0, NULL, NULL, NULL, NULL, NULL, 0, 0, NULL, NULL, NULL),
(4, 1, 1172, 19, 0, NULL, NULL, NULL, NULL, NULL, 0, 0, NULL, NULL, NULL),
(4, 1, 1173, 20, 0, NULL, NULL, NULL, NULL, NULL, 0, 0, NULL, NULL, NULL),
(4, 1, 1174, 21, 0, NULL, NULL, NULL, NULL, NULL, 0, 0, NULL, NULL, NULL),
(4, 1, 1175, 22, 0, NULL, NULL, NULL, NULL, NULL, 0, 0, NULL, NULL, NULL),
(4, 1, 1176, 23, 0, NULL, NULL, NULL, NULL, NULL, 0, 0, NULL, NULL, NULL),
(4, 1, 1177, 0, 1, NULL, NULL, NULL, NULL, NULL, 0, 0, NULL, NULL, NULL),
(4, 1, 1178, 1, 1, NULL, NULL, NULL, NULL, NULL, 0, 0, NULL, NULL, NULL),
(4, 1, 1179, 2, 1, NULL, NULL, NULL, NULL, NULL, 0, 0, NULL, NULL, NULL),
(4, 1, 1180, 3, 1, NULL, NULL, NULL, NULL, NULL, 0, 0, NULL, NULL, NULL),
(4, 1, 1181, 4, 1, NULL, NULL, NULL, NULL, NULL, 0, 0, NULL, NULL, NULL),
(4, 1, 1182, 5, 1, NULL, NULL, NULL, NULL, NULL, 0, 0, NULL, NULL, NULL),
(4, 1, 1183, 6, 1, NULL, NULL, NULL, NULL, NULL, 0, 0, NULL, NULL, NULL),
(4, 1, 1184, 7, 1, NULL, NULL, NULL, NULL, NULL, 0, 0, NULL, NULL, NULL),
(4, 1, 1185, 8, 1, NULL, NULL, NULL, NULL, NULL, 0, 0, NULL, NULL, NULL),
(4, 1, 1186, 9, 1, NULL, NULL, NULL, NULL, NULL, 0, 0, NULL, NULL, NULL),
(4, 1, 1187, 10, 1, NULL, NULL, NULL, NULL, NULL, 0, 0, NULL, NULL, NULL),
(4, 1, 1188, 11, 1, NULL, NULL, NULL, NULL, NULL, 0, 0, NULL, NULL, NULL),
(4, 1, 1189, 12, 1, NULL, NULL, NULL, NULL, NULL, 0, 0, NULL, NULL, NULL),
(4, 1, 1190, 13, 1, NULL, NULL, NULL, NULL, NULL, 0, 0, NULL, NULL, NULL),
(4, 1, 1191, 14, 1, NULL, NULL, NULL, NULL, NULL, 0, 0, NULL, NULL, NULL),
(4, 1, 1192, 15, 1, NULL, NULL, NULL, NULL, NULL, 0, 0, NULL, NULL, NULL),
(4, 1, 1193, 16, 1, NULL, NULL, NULL, NULL, NULL, 0, 0, NULL, NULL, NULL),
(4, 1, 1194, 17, 1, NULL, NULL, NULL, NULL, NULL, 0, 0, NULL, NULL, NULL),
(4, 1, 1195, 18, 1, NULL, NULL, NULL, NULL, NULL, 0, 0, NULL, NULL, NULL),
(4, 1, 1196, 19, 1, NULL, NULL, NULL, NULL, NULL, 1, 0, NULL, NULL, NULL),
(4, 1, 1197, 20, 1, NULL, NULL, NULL, NULL, NULL, 0, 0, NULL, NULL, NULL),
(4, 1, 1198, 21, 1, NULL, NULL, NULL, NULL, NULL, 0, 0, NULL, NULL, NULL),
(4, 1, 1199, 22, 1, NULL, NULL, NULL, NULL, NULL, 0, 0, NULL, NULL, NULL),
(4, 1, 1200, 23, 1, NULL, NULL, NULL, NULL, NULL, 0, 0, NULL, NULL, NULL),
(4, 1, 1201, 0, 2, NULL, NULL, NULL, NULL, NULL, 0, 0, NULL, NULL, NULL),
(4, 1, 1202, 1, 2, NULL, NULL, NULL, NULL, NULL, 0, 0, NULL, NULL, NULL),
(4, 1, 1203, 2, 2, NULL, NULL, NULL, NULL, NULL, 0, 0, NULL, NULL, NULL),
(4, 1, 1204, 3, 2, NULL, NULL, NULL, NULL, NULL, 0, 0, NULL, NULL, NULL),
(4, 1, 1205, 4, 2, NULL, NULL, NULL, NULL, NULL, 0, 0, NULL, NULL, NULL),
(4, 1, 1206, 5, 2, NULL, NULL, NULL, NULL, NULL, 0, 0, NULL, NULL, NULL),
(4, 1, 1207, 6, 2, NULL, NULL, NULL, NULL, NULL, 0, 0, NULL, NULL, NULL),
(4, 1, 1208, 7, 2, NULL, NULL, NULL, NULL, NULL, 0, 0, NULL, NULL, NULL),
(4, 1, 1209, 8, 2, NULL, NULL, NULL, NULL, NULL, 0, 0, NULL, NULL, NULL),
(4, 1, 1210, 9, 2, NULL, NULL, NULL, NULL, NULL, 0, 0, NULL, NULL, NULL),
(4, 1, 1211, 10, 2, NULL, NULL, NULL, NULL, NULL, 0, 0, NULL, NULL, NULL),
(4, 1, 1212, 11, 2, NULL, NULL, NULL, NULL, NULL, 0, 0, NULL, NULL, NULL),
(4, 1, 1213, 12, 2, NULL, NULL, NULL, NULL, NULL, 0, 0, NULL, NULL, NULL),
(4, 1, 1214, 13, 2, NULL, NULL, NULL, NULL, NULL, 0, 0, NULL, NULL, NULL),
(4, 1, 1215, 14, 2, NULL, NULL, NULL, NULL, NULL, 0, 0, NULL, NULL, NULL),
(4, 1, 1216, 15, 2, NULL, NULL, NULL, NULL, NULL, 0, 0, NULL, NULL, NULL),
(4, 1, 1217, 16, 2, NULL, NULL, NULL, NULL, NULL, 0, 0, NULL, NULL, NULL),
(4, 1, 1218, 17, 2, NULL, NULL, NULL, NULL, NULL, 0, 0, NULL, NULL, NULL),
(4, 1, 1219, 18, 2, NULL, NULL, NULL, NULL, NULL, 0, 0, NULL, NULL, NULL),
(4, 1, 1220, 19, 2, NULL, NULL, NULL, NULL, NULL, 1, 0, NULL, NULL, NULL),
(4, 1, 1221, 20, 2, NULL, NULL, NULL, NULL, NULL, 0, 0, NULL, NULL, NULL),
(4, 1, 1222, 21, 2, NULL, NULL, NULL, NULL, NULL, 0, 0, NULL, NULL, NULL),
(4, 1, 1223, 22, 2, NULL, NULL, NULL, NULL, NULL, 0, 0, NULL, NULL, NULL),
(4, 1, 1224, 23, 2, NULL, NULL, NULL, NULL, NULL, 0, 0, NULL, NULL, NULL),
(4, 1, 1225, 0, 3, NULL, NULL, NULL, NULL, NULL, 0, 0, NULL, NULL, NULL),
(4, 1, 1226, 1, 3, NULL, NULL, NULL, NULL, NULL, 0, 0, NULL, NULL, NULL),
(4, 1, 1227, 2, 3, NULL, NULL, NULL, NULL, NULL, 0, 0, NULL, NULL, NULL),
(4, 1, 1228, 3, 3, NULL, NULL, NULL, NULL, NULL, 0, 0, NULL, NULL, NULL),
(4, 1, 1229, 4, 3, NULL, NULL, NULL, NULL, NULL, 1, 0, NULL, NULL, NULL),
(4, 1, 1230, 5, 3, NULL, NULL, NULL, NULL, NULL, 1, 0, NULL, NULL, NULL),
(4, 1, 1231, 6, 3, NULL, NULL, NULL, NULL, NULL, 0, 0, NULL, NULL, NULL),
(4, 1, 1232, 7, 3, NULL, NULL, NULL, NULL, NULL, 0, 0, NULL, NULL, NULL),
(4, 1, 1233, 8, 3, NULL, NULL, NULL, NULL, NULL, 0, 0, NULL, NULL, NULL),
(4, 1, 1234, 9, 3, NULL, NULL, NULL, NULL, NULL, 0, 0, NULL, NULL, NULL),
(4, 1, 1235, 10, 3, NULL, NULL, NULL, NULL, NULL, 0, 0, NULL, NULL, NULL),
(4, 1, 1236, 11, 3, NULL, NULL, NULL, NULL, NULL, 0, 0, NULL, NULL, NULL),
(4, 1, 1237, 12, 3, NULL, NULL, NULL, NULL, NULL, 0, 0, NULL, NULL, NULL),
(4, 1, 1238, 13, 3, NULL, NULL, NULL, NULL, NULL, 0, 0, NULL, NULL, NULL),
(4, 1, 1239, 14, 3, NULL, NULL, NULL, NULL, NULL, 0, 0, NULL, NULL, NULL),
(4, 1, 1240, 15, 3, NULL, NULL, NULL, NULL, NULL, 1, 0, NULL, NULL, NULL),
(4, 1, 1241, 16, 3, NULL, NULL, NULL, NULL, NULL, 1, 0, NULL, NULL, NULL),
(4, 1, 1242, 17, 3, NULL, NULL, NULL, NULL, NULL, 1, 0, NULL, NULL, NULL),
(4, 1, 1243, 18, 3, NULL, NULL, NULL, NULL, NULL, 1, 0, NULL, NULL, NULL),
(4, 1, 1244, 19, 3, NULL, NULL, NULL, NULL, NULL, 1, 0, NULL, NULL, NULL),
(4, 1, 1245, 20, 3, NULL, NULL, NULL, NULL, NULL, 1, 0, NULL, NULL, NULL),
(4, 1, 1246, 21, 3, NULL, NULL, NULL, NULL, NULL, 1, 0, NULL, NULL, NULL),
(4, 1, 1247, 22, 3, NULL, NULL, NULL, NULL, NULL, 1, 0, NULL, NULL, NULL),
(4, 1, 1248, 23, 3, NULL, NULL, NULL, NULL, NULL, 0, 0, NULL, NULL, NULL),
(4, 1, 1249, 0, 4, NULL, NULL, NULL, NULL, NULL, 0, 0, NULL, NULL, NULL),
(4, 1, 1250, 1, 4, NULL, NULL, NULL, NULL, NULL, 0, 0, NULL, NULL, NULL),
(4, 1, 1251, 2, 4, NULL, NULL, NULL, NULL, NULL, 1, 0, NULL, NULL, NULL),
(4, 1, 1252, 3, 4, NULL, NULL, NULL, NULL, NULL, 1, 0, NULL, NULL, NULL),
(4, 1, 1253, 4, 4, NULL, NULL, NULL, NULL, NULL, 1, 0, NULL, NULL, NULL),
(4, 1, 1254, 5, 4, NULL, NULL, NULL, NULL, NULL, 1, 0, NULL, NULL, NULL),
(4, 1, 1255, 6, 4, NULL, NULL, NULL, NULL, NULL, 1, 0, NULL, NULL, NULL),
(4, 1, 1256, 7, 4, NULL, NULL, NULL, NULL, NULL, 1, 0, NULL, NULL, NULL),
(4, 1, 1257, 8, 4, NULL, NULL, NULL, NULL, NULL, 1, 0, NULL, NULL, NULL),
(4, 1, 1258, 9, 4, NULL, NULL, NULL, NULL, NULL, 1, 0, NULL, NULL, NULL),
(4, 1, 1259, 10, 4, NULL, NULL, NULL, NULL, NULL, 1, 0, NULL, NULL, NULL),
(4, 1, 1260, 11, 4, NULL, NULL, NULL, NULL, NULL, 1, 0, NULL, NULL, NULL),
(4, 1, 1261, 12, 4, NULL, NULL, NULL, NULL, NULL, 0, 0, NULL, NULL, NULL),
(4, 1, 1262, 13, 4, NULL, NULL, NULL, NULL, NULL, 1, 0, NULL, NULL, NULL),
(4, 1, 1263, 14, 4, NULL, NULL, NULL, NULL, NULL, 1, 0, NULL, NULL, NULL),
(4, 1, 1264, 15, 4, NULL, NULL, NULL, NULL, NULL, 1, 0, NULL, NULL, NULL),
(4, 1, 1265, 16, 4, NULL, NULL, NULL, NULL, NULL, 1, 0, NULL, NULL, NULL),
(4, 1, 1266, 17, 4, NULL, NULL, NULL, NULL, NULL, 1, 0, NULL, NULL, NULL),
(4, 1, 1267, 18, 4, NULL, NULL, NULL, NULL, NULL, 1, 0, NULL, NULL, NULL),
(4, 1, 1268, 19, 4, NULL, NULL, NULL, NULL, NULL, 1, 0, NULL, NULL, NULL),
(4, 1, 1269, 20, 4, NULL, NULL, NULL, NULL, NULL, 1, 0, NULL, NULL, NULL),
(4, 1, 1270, 21, 4, NULL, NULL, NULL, NULL, NULL, 1, 0, NULL, NULL, NULL),
(4, 1, 1271, 22, 4, NULL, NULL, NULL, NULL, NULL, 1, 0, NULL, NULL, NULL),
(4, 1, 1272, 23, 4, NULL, NULL, NULL, NULL, NULL, 0, 0, NULL, NULL, NULL),
(4, 1, 1273, 0, 5, NULL, NULL, NULL, NULL, NULL, 0, 0, NULL, NULL, NULL),
(4, 1, 1274, 1, 5, NULL, NULL, NULL, NULL, NULL, 0, 0, NULL, NULL, NULL),
(4, 1, 1275, 2, 5, NULL, NULL, NULL, NULL, NULL, 1, 0, NULL, NULL, NULL),
(4, 1, 1276, 3, 5, NULL, NULL, NULL, NULL, NULL, 1, 0, NULL, NULL, NULL),
(4, 1, 1277, 4, 5, NULL, NULL, NULL, NULL, NULL, 1, 0, NULL, NULL, NULL),
(4, 1, 1278, 5, 5, NULL, NULL, NULL, NULL, NULL, 1, 0, NULL, NULL, NULL),
(4, 1, 1279, 6, 5, NULL, NULL, NULL, NULL, NULL, 0, 0, NULL, NULL, NULL),
(4, 1, 1280, 7, 5, NULL, NULL, NULL, NULL, NULL, 0, 0, NULL, NULL, NULL),
(4, 1, 1281, 8, 5, NULL, NULL, NULL, NULL, NULL, 0, 0, NULL, NULL, NULL),
(4, 1, 1282, 9, 5, NULL, NULL, NULL, NULL, NULL, 0, 0, NULL, NULL, NULL),
(4, 1, 1283, 10, 5, NULL, NULL, NULL, NULL, NULL, 0, 0, NULL, NULL, NULL),
(4, 1, 1284, 11, 5, NULL, NULL, NULL, NULL, NULL, 0, 0, NULL, NULL, NULL),
(4, 1, 1285, 12, 5, NULL, NULL, NULL, NULL, NULL, 0, 0, NULL, NULL, NULL),
(4, 1, 1286, 13, 5, NULL, NULL, NULL, NULL, NULL, 1, 0, NULL, NULL, NULL),
(4, 1, 1287, 14, 5, NULL, NULL, NULL, 4, NULL, 0, 0, NULL, NULL, NULL),
(4, 1, 1288, 15, 5, NULL, NULL, NULL, NULL, NULL, 1, 0, NULL, NULL, NULL),
(4, 1, 1289, 16, 5, NULL, NULL, NULL, NULL, NULL, 1, 0, NULL, NULL, NULL),
(4, 1, 1290, 17, 5, NULL, NULL, NULL, NULL, NULL, 1, 0, NULL, NULL, NULL),
(4, 1, 1291, 18, 5, NULL, NULL, NULL, NULL, NULL, 1, 0, NULL, NULL, NULL),
(4, 1, 1292, 19, 5, NULL, NULL, NULL, NULL, NULL, 1, 0, NULL, NULL, NULL),
(4, 1, 1293, 20, 5, NULL, NULL, NULL, NULL, NULL, 1, 0, NULL, NULL, NULL),
(4, 1, 1294, 21, 5, NULL, NULL, NULL, NULL, NULL, 1, 0, NULL, NULL, NULL),
(4, 1, 1295, 22, 5, NULL, NULL, NULL, NULL, NULL, 1, 0, NULL, NULL, NULL),
(4, 1, 1296, 23, 5, NULL, NULL, NULL, NULL, NULL, 0, 0, NULL, NULL, NULL),
(4, 1, 1297, 0, 6, NULL, NULL, NULL, NULL, NULL, 0, 0, NULL, NULL, NULL),
(4, 1, 1298, 1, 6, NULL, NULL, NULL, NULL, NULL, 0, 0, NULL, NULL, NULL),
(4, 1, 1299, 2, 6, NULL, NULL, NULL, NULL, NULL, 1, 0, NULL, NULL, NULL),
(4, 1, 1300, 3, 6, NULL, NULL, NULL, NULL, NULL, 1, 0, NULL, NULL, NULL),
(4, 1, 1301, 4, 6, NULL, NULL, NULL, 3, NULL, 0, 0, NULL, NULL, NULL),
(4, 1, 1302, 5, 6, NULL, NULL, NULL, NULL, NULL, 1, 0, NULL, NULL, NULL),
(4, 1, 1303, 6, 6, NULL, NULL, NULL, NULL, NULL, 1, 0, NULL, NULL, NULL),
(4, 1, 1304, 7, 6, NULL, NULL, NULL, NULL, NULL, 1, 0, NULL, NULL, NULL),
(4, 1, 1305, 8, 6, NULL, NULL, NULL, NULL, NULL, 1, 0, NULL, NULL, NULL),
(4, 1, 1306, 9, 6, NULL, NULL, NULL, NULL, NULL, 1, 0, NULL, NULL, NULL),
(4, 1, 1307, 10, 6, NULL, NULL, NULL, NULL, NULL, 1, 0, NULL, NULL, NULL),
(4, 1, 1308, 11, 6, NULL, NULL, NULL, NULL, NULL, 1, 0, NULL, NULL, NULL),
(4, 1, 1309, 12, 6, NULL, NULL, NULL, NULL, NULL, 0, 0, NULL, NULL, NULL),
(4, 1, 1310, 13, 6, NULL, NULL, NULL, NULL, NULL, 0, 0, NULL, NULL, NULL),
(4, 1, 1311, 14, 6, NULL, NULL, NULL, NULL, NULL, 0, 0, NULL, NULL, NULL),
(4, 1, 1312, 15, 6, NULL, NULL, NULL, NULL, NULL, 0, 0, NULL, NULL, NULL),
(4, 1, 1313, 16, 6, NULL, NULL, NULL, NULL, NULL, 0, 0, NULL, NULL, NULL),
(4, 1, 1314, 17, 6, NULL, NULL, NULL, NULL, NULL, 1, 0, NULL, NULL, NULL),
(4, 1, 1315, 18, 6, NULL, NULL, NULL, NULL, NULL, 1, 0, NULL, NULL, NULL),
(4, 1, 1316, 19, 6, NULL, NULL, NULL, NULL, NULL, 1, 0, NULL, NULL, NULL),
(4, 1, 1317, 20, 6, NULL, NULL, NULL, NULL, NULL, 1, 0, NULL, NULL, NULL),
(4, 1, 1318, 21, 6, NULL, NULL, NULL, NULL, NULL, 1, 0, NULL, NULL, NULL),
(4, 1, 1319, 22, 6, NULL, NULL, NULL, NULL, NULL, 1, 0, NULL, NULL, NULL),
(4, 1, 1320, 23, 6, NULL, NULL, NULL, NULL, NULL, 0, 0, NULL, NULL, NULL),
(4, 1, 1321, 0, 7, NULL, NULL, NULL, NULL, NULL, 0, 0, NULL, NULL, NULL),
(4, 1, 1322, 1, 7, NULL, NULL, NULL, NULL, NULL, 0, 0, NULL, NULL, NULL),
(4, 1, 1323, 2, 7, NULL, NULL, NULL, NULL, NULL, 0, 0, NULL, NULL, NULL),
(4, 1, 1324, 3, 7, NULL, NULL, NULL, NULL, NULL, 1, 0, NULL, NULL, NULL),
(4, 1, 1325, 4, 7, NULL, NULL, NULL, NULL, NULL, 0, 0, NULL, NULL, NULL),
(4, 1, 1326, 5, 7, NULL, NULL, NULL, NULL, NULL, 0, 0, NULL, NULL, NULL),
(4, 1, 1327, 6, 7, NULL, NULL, NULL, NULL, NULL, 0, 0, NULL, NULL, NULL),
(4, 1, 1328, 7, 7, NULL, NULL, NULL, NULL, NULL, 0, 0, NULL, NULL, NULL),
(4, 1, 1329, 8, 7, NULL, NULL, NULL, NULL, NULL, 0, 0, NULL, NULL, NULL),
(4, 1, 1330, 9, 7, NULL, NULL, NULL, NULL, NULL, 0, 0, NULL, NULL, NULL),
(4, 1, 1331, 10, 7, NULL, NULL, NULL, NULL, NULL, 0, 0, NULL, NULL, NULL),
(4, 1, 1332, 11, 7, NULL, NULL, NULL, NULL, NULL, 0, 0, NULL, NULL, NULL),
(4, 1, 1333, 12, 7, NULL, NULL, NULL, NULL, NULL, 0, 0, NULL, NULL, NULL),
(4, 1, 1334, 13, 7, NULL, NULL, NULL, NULL, NULL, 1, 0, NULL, NULL, NULL),
(4, 1, 1335, 14, 7, NULL, NULL, NULL, NULL, NULL, 1, 0, NULL, NULL, NULL),
(4, 1, 1336, 15, 7, NULL, NULL, NULL, NULL, NULL, 1, 0, NULL, NULL, NULL),
(4, 1, 1337, 16, 7, NULL, NULL, NULL, NULL, NULL, 1, 0, NULL, NULL, NULL),
(4, 1, 1338, 17, 7, NULL, NULL, NULL, NULL, NULL, 1, 0, NULL, NULL, NULL),
(4, 1, 1339, 18, 7, NULL, NULL, NULL, NULL, NULL, 1, 0, NULL, NULL, NULL),
(4, 1, 1340, 19, 7, NULL, NULL, NULL, NULL, NULL, 1, 0, NULL, NULL, NULL),
(4, 1, 1341, 20, 7, NULL, NULL, NULL, NULL, NULL, 1, 0, NULL, NULL, NULL),
(4, 1, 1342, 21, 7, NULL, NULL, NULL, NULL, NULL, 1, 0, NULL, NULL, NULL),
(4, 1, 1343, 22, 7, NULL, NULL, NULL, NULL, NULL, 1, 0, NULL, NULL, NULL),
(4, 1, 1344, 23, 7, NULL, NULL, NULL, NULL, NULL, 0, 0, NULL, NULL, NULL),
(4, 1, 1345, 0, 8, NULL, NULL, NULL, NULL, NULL, 0, 0, NULL, NULL, NULL),
(4, 1, 1346, 1, 8, NULL, NULL, NULL, NULL, NULL, 1, 0, NULL, NULL, NULL),
(4, 1, 1347, 2, 8, NULL, NULL, NULL, NULL, NULL, 1, 0, NULL, NULL, NULL),
(4, 1, 1348, 3, 8, NULL, NULL, NULL, NULL, NULL, 1, 0, NULL, NULL, NULL),
(4, 1, 1349, 4, 8, NULL, NULL, NULL, NULL, NULL, 1, 0, NULL, NULL, NULL),
(4, 1, 1350, 5, 8, NULL, NULL, NULL, NULL, NULL, 1, 0, NULL, NULL, NULL),
(4, 1, 1351, 6, 8, NULL, NULL, NULL, NULL, NULL, 1, 0, NULL, NULL, NULL),
(4, 1, 1352, 7, 8, NULL, NULL, NULL, NULL, NULL, 1, 0, NULL, NULL, NULL),
(4, 1, 1353, 8, 8, NULL, NULL, NULL, NULL, NULL, 1, 0, NULL, NULL, NULL),
(4, 1, 1354, 9, 8, NULL, NULL, NULL, NULL, NULL, 1, 0, NULL, NULL, NULL),
(4, 1, 1355, 10, 8, NULL, NULL, NULL, NULL, NULL, 1, 0, NULL, NULL, NULL),
(4, 1, 1356, 11, 8, NULL, NULL, NULL, NULL, NULL, 1, 0, NULL, NULL, NULL),
(4, 1, 1357, 12, 8, NULL, NULL, NULL, NULL, NULL, 1, 0, NULL, NULL, NULL),
(4, 1, 1358, 13, 8, NULL, NULL, NULL, NULL, NULL, 1, 0, NULL, NULL, NULL),
(4, 1, 1359, 14, 8, NULL, NULL, NULL, NULL, NULL, 1, 0, NULL, NULL, NULL),
(4, 1, 1360, 15, 8, NULL, NULL, NULL, NULL, NULL, 1, 0, NULL, NULL, NULL),
(4, 1, 1361, 16, 8, NULL, NULL, NULL, NULL, NULL, 1, 0, NULL, NULL, NULL),
(4, 1, 1362, 17, 8, NULL, NULL, NULL, NULL, NULL, 1, 0, NULL, NULL, NULL),
(4, 1, 1363, 18, 8, NULL, NULL, NULL, NULL, NULL, 1, 0, NULL, NULL, NULL),
(4, 1, 1364, 19, 8, NULL, NULL, NULL, NULL, NULL, 1, 0, NULL, NULL, NULL),
(4, 1, 1365, 20, 8, NULL, NULL, NULL, NULL, NULL, 1, 0, NULL, NULL, NULL),
(4, 1, 1366, 21, 8, NULL, NULL, NULL, NULL, NULL, 1, 0, NULL, NULL, NULL),
(4, 1, 1367, 22, 8, NULL, NULL, NULL, NULL, NULL, 1, 0, NULL, NULL, NULL),
(4, 1, 1368, 23, 8, NULL, NULL, NULL, NULL, NULL, 0, 0, NULL, NULL, NULL),
(4, 1, 1369, 0, 9, NULL, NULL, NULL, NULL, NULL, 0, 0, NULL, NULL, NULL),
(4, 1, 1370, 1, 9, NULL, NULL, NULL, NULL, NULL, 1, 0, NULL, NULL, NULL),
(4, 1, 1371, 2, 9, NULL, NULL, NULL, NULL, NULL, 1, 0, NULL, NULL, NULL),
(4, 1, 1372, 3, 9, NULL, NULL, NULL, NULL, NULL, 1, 0, NULL, NULL, NULL),
(4, 1, 1373, 4, 9, NULL, NULL, NULL, NULL, NULL, 1, 0, NULL, NULL, NULL),
(4, 1, 1374, 5, 9, NULL, NULL, NULL, NULL, NULL, 1, 0, NULL, NULL, NULL),
(4, 1, 1375, 6, 9, NULL, NULL, NULL, NULL, NULL, 1, 0, NULL, NULL, NULL),
(4, 1, 1376, 7, 9, NULL, NULL, NULL, NULL, NULL, 1, 0, NULL, NULL, NULL),
(4, 1, 1377, 8, 9, NULL, NULL, NULL, NULL, NULL, 1, 0, NULL, NULL, NULL),
(4, 1, 1378, 9, 9, NULL, NULL, NULL, NULL, NULL, 1, 0, NULL, NULL, NULL),
(4, 1, 1379, 10, 9, NULL, NULL, NULL, NULL, NULL, 1, 0, NULL, NULL, NULL),
(4, 1, 1380, 11, 9, NULL, NULL, NULL, NULL, NULL, 1, 0, NULL, NULL, NULL),
(4, 1, 1381, 12, 9, NULL, NULL, NULL, NULL, NULL, 0, 0, NULL, NULL, NULL);
INSERT INTO `carte_carreau` (`carte_id`, `carreau_id`, `id`, `abscisse`, `ordonnee`, `joueur_id`, `monstre_carreau_id`, `target_map_id`, `pnj_id`, `target_wrap`, `is_usable`, `is_wrap`, `action_id`, `boss_id`, `wrap_id`) VALUES
(4, 1, 1382, 13, 9, NULL, NULL, NULL, NULL, NULL, 0, 0, NULL, NULL, NULL),
(4, 1, 1383, 14, 9, NULL, NULL, NULL, NULL, NULL, 0, 0, NULL, NULL, NULL),
(4, 1, 1384, 15, 9, NULL, NULL, NULL, NULL, NULL, 0, 0, NULL, NULL, NULL),
(4, 1, 1385, 16, 9, NULL, NULL, NULL, NULL, NULL, 1, 0, NULL, NULL, NULL),
(4, 1, 1386, 17, 9, NULL, NULL, NULL, NULL, NULL, 1, 0, NULL, NULL, NULL),
(4, 1, 1387, 18, 9, NULL, NULL, NULL, NULL, NULL, 1, 0, NULL, NULL, NULL),
(4, 1, 1388, 19, 9, NULL, NULL, NULL, NULL, NULL, 1, 0, NULL, NULL, NULL),
(4, 1, 1389, 20, 9, NULL, NULL, NULL, NULL, NULL, 0, 0, NULL, NULL, NULL),
(4, 1, 1390, 21, 9, NULL, NULL, NULL, NULL, NULL, 1, 0, NULL, NULL, NULL),
(4, 1, 1391, 22, 9, NULL, NULL, NULL, NULL, NULL, 1, 0, NULL, NULL, NULL),
(4, 1, 1392, 23, 9, NULL, NULL, NULL, NULL, NULL, 0, 0, NULL, NULL, NULL),
(4, 1, 1393, 0, 10, NULL, NULL, NULL, NULL, NULL, 0, 0, NULL, NULL, NULL),
(4, 1, 1394, 1, 10, NULL, NULL, NULL, NULL, NULL, 1, 0, NULL, NULL, NULL),
(4, 1, 1395, 2, 10, NULL, NULL, NULL, NULL, NULL, 1, 0, NULL, NULL, NULL),
(4, 1, 1396, 3, 10, NULL, NULL, NULL, NULL, NULL, 1, 0, NULL, NULL, NULL),
(4, 1, 1397, 4, 10, NULL, NULL, NULL, NULL, NULL, 1, 0, NULL, NULL, NULL),
(4, 1, 1398, 5, 10, NULL, NULL, NULL, NULL, NULL, 1, 0, NULL, NULL, NULL),
(4, 1, 1399, 6, 10, NULL, NULL, NULL, NULL, NULL, 1, 0, NULL, NULL, NULL),
(4, 1, 1400, 7, 10, NULL, NULL, NULL, NULL, NULL, 1, 0, NULL, NULL, NULL),
(4, 1, 1401, 8, 10, NULL, NULL, NULL, NULL, NULL, 1, 0, NULL, NULL, NULL),
(4, 1, 1402, 9, 10, NULL, NULL, NULL, NULL, NULL, 1, 0, NULL, NULL, NULL),
(4, 1, 1403, 10, 10, NULL, NULL, NULL, NULL, NULL, 1, 0, NULL, NULL, NULL),
(4, 1, 1404, 11, 10, NULL, NULL, NULL, NULL, NULL, 1, 0, NULL, NULL, NULL),
(4, 1, 1405, 12, 10, NULL, NULL, NULL, NULL, NULL, 0, 0, NULL, NULL, NULL),
(4, 1, 1406, 13, 10, NULL, NULL, NULL, NULL, NULL, 0, 0, NULL, NULL, NULL),
(4, 1, 1407, 14, 10, NULL, NULL, NULL, NULL, NULL, 0, 0, NULL, NULL, NULL),
(4, 1, 1408, 15, 10, NULL, NULL, NULL, NULL, NULL, 0, 0, NULL, NULL, NULL),
(4, 1, 1409, 16, 10, NULL, NULL, NULL, NULL, NULL, 1, 0, NULL, NULL, NULL),
(4, 1, 1410, 17, 10, NULL, NULL, NULL, NULL, NULL, 1, 0, NULL, NULL, NULL),
(4, 1, 1411, 18, 10, NULL, NULL, NULL, NULL, NULL, 1, 0, NULL, NULL, NULL),
(4, 1, 1412, 19, 10, NULL, NULL, NULL, NULL, NULL, 1, 0, NULL, NULL, NULL),
(4, 1, 1413, 20, 10, NULL, NULL, NULL, NULL, NULL, 1, 0, NULL, NULL, NULL),
(4, 1, 1414, 21, 10, NULL, NULL, NULL, NULL, NULL, 1, 0, NULL, NULL, NULL),
(4, 1, 1415, 22, 10, NULL, NULL, NULL, NULL, NULL, 1, 0, NULL, NULL, NULL),
(4, 1, 1416, 23, 10, NULL, NULL, NULL, NULL, NULL, 0, 0, NULL, NULL, NULL),
(4, 1, 1417, 0, 11, NULL, NULL, NULL, NULL, NULL, 0, 0, NULL, NULL, NULL),
(4, 1, 1418, 1, 11, NULL, NULL, NULL, NULL, NULL, 1, 0, NULL, NULL, NULL),
(4, 1, 1419, 2, 11, NULL, NULL, NULL, NULL, NULL, 1, 0, NULL, NULL, NULL),
(4, 1, 1420, 3, 11, NULL, NULL, NULL, NULL, NULL, 1, 0, NULL, NULL, NULL),
(4, 1, 1421, 4, 11, NULL, NULL, NULL, NULL, NULL, 1, 0, NULL, NULL, NULL),
(4, 1, 1422, 5, 11, NULL, NULL, NULL, NULL, NULL, 1, 0, NULL, NULL, NULL),
(4, 1, 1423, 6, 11, NULL, NULL, NULL, NULL, NULL, 1, 0, NULL, NULL, NULL),
(4, 1, 1424, 7, 11, NULL, NULL, NULL, NULL, NULL, 1, 0, NULL, NULL, NULL),
(4, 1, 1425, 8, 11, NULL, NULL, NULL, NULL, NULL, 1, 0, NULL, NULL, NULL),
(4, 1, 1426, 9, 11, NULL, NULL, NULL, NULL, NULL, 1, 0, NULL, NULL, NULL),
(4, 1, 1427, 10, 11, NULL, NULL, NULL, NULL, NULL, 1, 0, NULL, NULL, NULL),
(4, 1, 1428, 11, 11, NULL, NULL, NULL, NULL, NULL, 1, 0, NULL, NULL, NULL),
(4, 1, 1429, 12, 11, NULL, NULL, NULL, NULL, NULL, 0, 0, NULL, NULL, NULL),
(4, 1, 1430, 13, 11, NULL, NULL, NULL, NULL, NULL, 1, 0, NULL, NULL, NULL),
(4, 1, 1431, 14, 11, NULL, NULL, NULL, NULL, NULL, 1, 0, NULL, NULL, NULL),
(4, 1, 1432, 15, 11, NULL, NULL, NULL, NULL, NULL, 1, 0, NULL, NULL, NULL),
(4, 1, 1433, 16, 11, NULL, NULL, NULL, NULL, NULL, 1, 0, NULL, NULL, NULL),
(4, 1, 1434, 17, 11, NULL, NULL, NULL, NULL, NULL, 1, 0, NULL, NULL, NULL),
(4, 1, 1435, 18, 11, NULL, NULL, NULL, NULL, NULL, 1, 0, NULL, NULL, NULL),
(4, 1, 1436, 19, 11, NULL, NULL, NULL, NULL, NULL, 1, 0, NULL, NULL, NULL),
(4, 1, 1437, 20, 11, NULL, NULL, NULL, NULL, NULL, 1, 0, NULL, NULL, NULL),
(4, 1, 1438, 21, 11, NULL, NULL, NULL, NULL, NULL, 1, 0, NULL, NULL, NULL),
(4, 1, 1439, 22, 11, NULL, NULL, NULL, NULL, NULL, 1, 0, NULL, NULL, NULL),
(4, 1, 1440, 23, 11, NULL, NULL, NULL, NULL, NULL, 0, 0, NULL, NULL, NULL),
(4, 1, 1441, 0, 12, NULL, NULL, NULL, NULL, NULL, 0, 0, NULL, NULL, NULL),
(4, 1, 1442, 1, 12, NULL, NULL, NULL, NULL, NULL, 1, 0, NULL, NULL, NULL),
(4, 1, 1443, 2, 12, NULL, NULL, NULL, NULL, NULL, 1, 0, NULL, NULL, NULL),
(4, 1, 1444, 3, 12, NULL, NULL, NULL, NULL, NULL, 1, 0, NULL, NULL, NULL),
(4, 1, 1445, 4, 12, NULL, NULL, NULL, NULL, NULL, 1, 0, NULL, NULL, NULL),
(4, 1, 1446, 5, 12, NULL, NULL, NULL, NULL, NULL, 1, 0, NULL, NULL, NULL),
(4, 1, 1447, 6, 12, NULL, NULL, NULL, NULL, NULL, 1, 0, NULL, NULL, NULL),
(4, 1, 1448, 7, 12, NULL, NULL, NULL, NULL, NULL, 1, 0, NULL, NULL, NULL),
(4, 1, 1449, 8, 12, NULL, NULL, NULL, NULL, NULL, 1, 0, NULL, NULL, NULL),
(4, 1, 1450, 9, 12, NULL, NULL, NULL, NULL, NULL, 1, 0, NULL, NULL, NULL),
(4, 1, 1451, 10, 12, NULL, NULL, NULL, NULL, NULL, 1, 0, NULL, NULL, NULL),
(4, 1, 1452, 11, 12, NULL, NULL, NULL, NULL, NULL, 1, 0, NULL, NULL, NULL),
(4, 1, 1453, 12, 12, NULL, NULL, NULL, NULL, NULL, 0, 0, NULL, NULL, NULL),
(4, 1, 1454, 13, 12, NULL, NULL, NULL, NULL, NULL, 1, 0, NULL, NULL, NULL),
(4, 1, 1455, 14, 12, NULL, NULL, NULL, NULL, NULL, 1, 0, NULL, NULL, NULL),
(4, 1, 1456, 15, 12, NULL, NULL, NULL, NULL, NULL, 1, 0, NULL, NULL, NULL),
(4, 1, 1457, 16, 12, NULL, NULL, NULL, NULL, NULL, 1, 0, NULL, NULL, NULL),
(4, 1, 1458, 17, 12, NULL, NULL, NULL, NULL, NULL, 1, 0, NULL, NULL, NULL),
(4, 1, 1459, 18, 12, NULL, NULL, NULL, NULL, NULL, 1, 0, NULL, NULL, NULL),
(4, 1, 1460, 19, 12, NULL, NULL, NULL, NULL, NULL, 1, 0, NULL, NULL, NULL),
(4, 1, 1461, 20, 12, NULL, NULL, NULL, NULL, NULL, 1, 0, NULL, NULL, NULL),
(4, 1, 1462, 21, 12, NULL, NULL, NULL, NULL, NULL, 1, 0, NULL, NULL, NULL),
(4, 1, 1463, 22, 12, NULL, NULL, NULL, NULL, NULL, 1, 0, NULL, NULL, NULL),
(4, 1, 1464, 23, 12, NULL, NULL, NULL, NULL, NULL, 0, 0, NULL, NULL, NULL),
(4, 1, 1465, 0, 13, NULL, NULL, NULL, NULL, NULL, 0, 0, NULL, NULL, NULL),
(4, 1, 1466, 1, 13, NULL, NULL, NULL, NULL, NULL, 1, 0, NULL, NULL, NULL),
(4, 1, 1467, 2, 13, NULL, NULL, NULL, NULL, NULL, 1, 0, NULL, NULL, NULL),
(4, 1, 1468, 3, 13, NULL, NULL, NULL, NULL, NULL, 1, 0, NULL, NULL, NULL),
(4, 1, 1469, 4, 13, NULL, NULL, NULL, NULL, NULL, 1, 0, NULL, NULL, NULL),
(4, 1, 1470, 5, 13, NULL, NULL, NULL, NULL, NULL, 1, 0, NULL, NULL, NULL),
(4, 1, 1471, 6, 13, NULL, NULL, NULL, NULL, NULL, 1, 0, NULL, NULL, NULL),
(4, 1, 1472, 7, 13, NULL, NULL, NULL, NULL, NULL, 1, 0, NULL, NULL, NULL),
(4, 1, 1473, 8, 13, NULL, NULL, NULL, NULL, NULL, 1, 0, NULL, NULL, NULL),
(4, 1, 1474, 9, 13, NULL, NULL, NULL, NULL, NULL, 1, 0, NULL, NULL, NULL),
(4, 1, 1475, 10, 13, NULL, NULL, NULL, NULL, NULL, 1, 0, NULL, NULL, NULL),
(4, 1, 1476, 11, 13, NULL, NULL, NULL, NULL, NULL, 1, 0, NULL, NULL, NULL),
(4, 1, 1477, 12, 13, NULL, NULL, NULL, NULL, NULL, 0, 0, NULL, NULL, NULL),
(4, 1, 1478, 13, 13, NULL, NULL, NULL, NULL, NULL, 1, 0, NULL, NULL, NULL),
(4, 1, 1479, 14, 13, NULL, NULL, NULL, NULL, NULL, 0, 0, NULL, NULL, NULL),
(4, 1, 1480, 15, 13, NULL, NULL, NULL, NULL, NULL, 1, 0, NULL, NULL, NULL),
(4, 1, 1481, 16, 13, NULL, NULL, NULL, NULL, NULL, 1, 0, NULL, NULL, NULL),
(4, 1, 1482, 17, 13, NULL, NULL, NULL, NULL, NULL, 1, 0, NULL, NULL, NULL),
(4, 1, 1483, 18, 13, NULL, NULL, NULL, NULL, NULL, 1, 0, NULL, NULL, NULL),
(4, 1, 1484, 19, 13, NULL, NULL, NULL, NULL, NULL, 1, 0, NULL, NULL, NULL),
(4, 1, 1485, 20, 13, NULL, NULL, NULL, NULL, NULL, 1, 0, NULL, NULL, NULL),
(4, 1, 1486, 21, 13, NULL, NULL, NULL, NULL, NULL, 0, 0, NULL, NULL, NULL),
(4, 1, 1487, 22, 13, NULL, NULL, NULL, NULL, NULL, 1, 0, NULL, NULL, NULL),
(4, 1, 1488, 23, 13, NULL, NULL, NULL, NULL, NULL, 0, 0, NULL, NULL, NULL),
(4, 1, 1489, 0, 14, NULL, NULL, NULL, NULL, NULL, 0, 0, NULL, NULL, NULL),
(4, 1, 1490, 1, 14, NULL, NULL, NULL, NULL, NULL, 1, 0, NULL, NULL, NULL),
(4, 1, 1491, 2, 14, NULL, NULL, NULL, NULL, NULL, 1, 0, NULL, NULL, NULL),
(4, 1, 1492, 3, 14, NULL, NULL, NULL, NULL, NULL, 1, 0, NULL, NULL, NULL),
(4, 1, 1493, 4, 14, NULL, NULL, NULL, NULL, NULL, 1, 0, NULL, NULL, NULL),
(4, 1, 1494, 5, 14, NULL, NULL, NULL, NULL, NULL, 1, 0, NULL, NULL, NULL),
(4, 1, 1495, 6, 14, NULL, NULL, NULL, NULL, NULL, 1, 0, NULL, NULL, NULL),
(4, 1, 1496, 7, 14, NULL, NULL, NULL, NULL, NULL, 1, 0, NULL, NULL, NULL),
(4, 1, 1497, 8, 14, NULL, NULL, NULL, NULL, NULL, 1, 0, NULL, NULL, NULL),
(4, 1, 1498, 9, 14, NULL, NULL, NULL, NULL, NULL, 1, 0, NULL, NULL, NULL),
(4, 1, 1499, 10, 14, NULL, NULL, NULL, NULL, NULL, 1, 0, NULL, NULL, NULL),
(4, 1, 1500, 11, 14, NULL, NULL, NULL, NULL, NULL, 1, 0, NULL, NULL, NULL),
(4, 1, 1501, 12, 14, NULL, NULL, NULL, NULL, NULL, 0, 0, NULL, NULL, NULL),
(4, 1, 1502, 13, 14, NULL, NULL, NULL, NULL, NULL, 1, 0, NULL, NULL, NULL),
(4, 1, 1503, 14, 14, NULL, NULL, NULL, NULL, NULL, 1, 0, NULL, NULL, NULL),
(4, 1, 1504, 15, 14, NULL, NULL, NULL, NULL, NULL, 1, 0, NULL, NULL, NULL),
(4, 1, 1505, 16, 14, NULL, NULL, NULL, NULL, NULL, 1, 0, NULL, NULL, NULL),
(4, 1, 1506, 17, 14, NULL, NULL, NULL, NULL, NULL, 1, 0, NULL, NULL, NULL),
(4, 1, 1507, 18, 14, NULL, NULL, NULL, NULL, NULL, 1, 0, NULL, NULL, NULL),
(4, 1, 1508, 19, 14, NULL, NULL, NULL, NULL, NULL, 1, 0, NULL, NULL, NULL),
(4, 1, 1509, 20, 14, NULL, NULL, NULL, NULL, NULL, 1, 0, NULL, NULL, NULL),
(4, 1, 1510, 21, 14, NULL, NULL, NULL, NULL, NULL, 1, 0, NULL, NULL, NULL),
(4, 1, 1511, 22, 14, NULL, NULL, NULL, NULL, NULL, 1, 0, NULL, NULL, NULL),
(4, 1, 1512, 23, 14, NULL, NULL, NULL, NULL, NULL, 0, 0, NULL, NULL, NULL),
(4, 1, 1513, 0, 15, NULL, NULL, NULL, NULL, NULL, 0, 0, NULL, NULL, NULL),
(4, 1, 1514, 1, 15, NULL, NULL, NULL, NULL, NULL, 0, 0, NULL, NULL, NULL),
(4, 1, 1515, 2, 15, NULL, NULL, NULL, NULL, NULL, 0, 0, NULL, NULL, NULL),
(4, 1, 1516, 3, 15, NULL, NULL, NULL, NULL, NULL, 0, 0, NULL, NULL, NULL),
(4, 1, 1517, 4, 15, NULL, NULL, NULL, NULL, NULL, 0, 0, NULL, NULL, NULL),
(4, 1, 1518, 5, 15, NULL, NULL, NULL, NULL, NULL, 0, 0, NULL, NULL, NULL),
(4, 1, 1519, 6, 15, NULL, NULL, NULL, NULL, NULL, 0, 0, NULL, NULL, NULL),
(4, 1, 1520, 7, 15, NULL, NULL, 3, NULL, 1075, 0, 1, NULL, NULL, 1),
(4, 1, 1521, 8, 15, NULL, NULL, 3, NULL, 1075, 0, 1, NULL, NULL, 1),
(4, 1, 1522, 9, 15, NULL, NULL, NULL, NULL, NULL, 0, 0, NULL, NULL, NULL),
(4, 1, 1523, 10, 15, NULL, NULL, NULL, NULL, NULL, 0, 0, NULL, NULL, NULL),
(4, 1, 1524, 11, 15, NULL, NULL, NULL, NULL, NULL, 0, 0, NULL, NULL, NULL),
(4, 1, 1525, 12, 15, NULL, NULL, NULL, NULL, NULL, 0, 0, NULL, NULL, NULL),
(4, 1, 1526, 13, 15, NULL, NULL, NULL, NULL, NULL, 0, 0, NULL, NULL, NULL),
(4, 1, 1527, 14, 15, NULL, NULL, NULL, NULL, NULL, 0, 0, NULL, NULL, NULL),
(4, 1, 1528, 15, 15, NULL, NULL, NULL, NULL, NULL, 0, 0, NULL, NULL, NULL),
(4, 1, 1529, 16, 15, NULL, NULL, NULL, NULL, NULL, 0, 0, NULL, NULL, NULL),
(4, 1, 1530, 17, 15, NULL, NULL, NULL, NULL, NULL, 1, 0, NULL, NULL, NULL),
(4, 1, 1531, 18, 15, NULL, NULL, NULL, NULL, NULL, 1, 0, NULL, NULL, NULL),
(4, 1, 1532, 19, 15, NULL, NULL, NULL, NULL, NULL, 0, 0, NULL, NULL, NULL),
(4, 1, 1533, 20, 15, NULL, NULL, NULL, NULL, NULL, 0, 0, NULL, NULL, NULL),
(4, 1, 1534, 21, 15, NULL, NULL, NULL, NULL, NULL, 0, 0, NULL, NULL, NULL),
(4, 1, 1535, 22, 15, NULL, NULL, NULL, NULL, NULL, 0, 0, NULL, NULL, NULL),
(4, 1, 1536, 23, 15, NULL, NULL, NULL, NULL, NULL, 0, 0, NULL, NULL, NULL),
(5, 1, 1537, 0, 0, NULL, NULL, NULL, NULL, NULL, 0, 0, NULL, NULL, NULL),
(5, 1, 1538, 1, 0, NULL, NULL, NULL, NULL, NULL, 0, 0, NULL, NULL, NULL),
(5, 1, 1539, 2, 0, NULL, NULL, NULL, NULL, NULL, 0, 0, NULL, NULL, NULL),
(5, 1, 1540, 3, 0, NULL, NULL, NULL, NULL, NULL, 0, 0, NULL, NULL, NULL),
(5, 1, 1541, 4, 0, NULL, NULL, NULL, NULL, NULL, 0, 0, NULL, NULL, NULL),
(5, 1, 1542, 5, 0, NULL, NULL, NULL, NULL, NULL, 0, 0, NULL, NULL, NULL),
(5, 1, 1543, 6, 0, NULL, NULL, NULL, NULL, NULL, 0, 0, NULL, NULL, NULL),
(5, 1, 1544, 7, 0, NULL, NULL, NULL, NULL, NULL, 0, 0, NULL, NULL, NULL),
(5, 1, 1545, 8, 0, NULL, NULL, NULL, NULL, NULL, 0, 0, NULL, NULL, NULL),
(5, 1, 1546, 9, 0, NULL, NULL, NULL, NULL, NULL, 0, 0, NULL, NULL, NULL),
(5, 1, 1547, 10, 0, NULL, NULL, NULL, NULL, NULL, 0, 0, NULL, NULL, NULL),
(5, 1, 1548, 11, 0, NULL, NULL, NULL, NULL, NULL, 0, 0, NULL, NULL, NULL),
(5, 1, 1549, 12, 0, NULL, NULL, NULL, NULL, NULL, 0, 0, NULL, NULL, NULL),
(5, 1, 1550, 13, 0, NULL, NULL, NULL, NULL, NULL, 0, 0, NULL, NULL, NULL),
(5, 1, 1551, 14, 0, NULL, NULL, NULL, NULL, NULL, 0, 0, NULL, NULL, NULL),
(5, 1, 1552, 15, 0, NULL, NULL, NULL, NULL, NULL, 0, 0, NULL, NULL, NULL),
(5, 1, 1553, 16, 0, NULL, NULL, NULL, NULL, NULL, 0, 0, NULL, NULL, NULL),
(5, 1, 1554, 17, 0, NULL, NULL, NULL, NULL, NULL, 0, 0, NULL, NULL, NULL),
(5, 1, 1555, 18, 0, NULL, NULL, NULL, NULL, NULL, 0, 0, NULL, NULL, NULL),
(5, 1, 1556, 19, 0, NULL, NULL, NULL, NULL, NULL, 0, 0, NULL, NULL, NULL),
(5, 1, 1557, 20, 0, NULL, NULL, NULL, NULL, NULL, 0, 0, NULL, NULL, NULL),
(5, 1, 1558, 21, 0, NULL, NULL, NULL, NULL, NULL, 0, 0, NULL, NULL, NULL),
(5, 1, 1559, 22, 0, NULL, NULL, NULL, NULL, NULL, 0, 0, NULL, NULL, NULL),
(5, 1, 1560, 23, 0, NULL, NULL, NULL, NULL, NULL, 0, 0, NULL, NULL, NULL),
(5, 1, 1561, 0, 1, NULL, NULL, NULL, NULL, NULL, 0, 0, NULL, NULL, NULL),
(5, 1, 1562, 1, 1, NULL, NULL, NULL, NULL, NULL, 0, 0, NULL, NULL, NULL),
(5, 1, 1563, 2, 1, NULL, NULL, NULL, NULL, NULL, 0, 0, NULL, NULL, NULL),
(5, 1, 1564, 3, 1, NULL, NULL, NULL, NULL, NULL, 0, 0, NULL, NULL, NULL),
(5, 1, 1565, 4, 1, NULL, NULL, NULL, NULL, NULL, 0, 0, NULL, NULL, NULL),
(5, 1, 1566, 5, 1, NULL, NULL, NULL, NULL, NULL, 0, 0, NULL, NULL, NULL),
(5, 1, 1567, 6, 1, NULL, NULL, NULL, NULL, NULL, 0, 0, NULL, NULL, NULL),
(5, 1, 1568, 7, 1, NULL, NULL, NULL, NULL, NULL, 0, 0, NULL, NULL, NULL),
(5, 1, 1569, 8, 1, NULL, NULL, NULL, NULL, NULL, 0, 0, NULL, NULL, NULL),
(5, 1, 1570, 9, 1, NULL, NULL, NULL, NULL, NULL, 0, 0, NULL, NULL, NULL),
(5, 1, 1571, 10, 1, NULL, NULL, NULL, NULL, NULL, 0, 0, NULL, NULL, NULL),
(5, 1, 1572, 11, 1, NULL, NULL, NULL, NULL, NULL, 0, 0, NULL, NULL, NULL),
(5, 1, 1573, 12, 1, NULL, NULL, NULL, NULL, NULL, 0, 0, NULL, NULL, NULL),
(5, 1, 1574, 13, 1, NULL, NULL, NULL, NULL, NULL, 0, 0, NULL, NULL, NULL),
(5, 1, 1575, 14, 1, NULL, NULL, NULL, NULL, NULL, 0, 0, NULL, NULL, NULL),
(5, 1, 1576, 15, 1, NULL, NULL, NULL, NULL, NULL, 0, 0, NULL, NULL, NULL),
(5, 1, 1577, 16, 1, NULL, NULL, NULL, NULL, NULL, 0, 0, NULL, NULL, NULL),
(5, 1, 1578, 17, 1, NULL, NULL, NULL, NULL, NULL, 0, 0, NULL, NULL, NULL),
(5, 1, 1579, 18, 1, NULL, NULL, NULL, NULL, NULL, 0, 0, NULL, NULL, NULL),
(5, 1, 1580, 19, 1, NULL, NULL, NULL, NULL, NULL, 0, 0, NULL, NULL, NULL),
(5, 1, 1581, 20, 1, NULL, NULL, NULL, NULL, NULL, 0, 0, NULL, NULL, NULL),
(5, 1, 1582, 21, 1, NULL, NULL, NULL, NULL, NULL, 0, 0, NULL, NULL, NULL),
(5, 1, 1583, 22, 1, NULL, NULL, NULL, NULL, NULL, 0, 0, NULL, NULL, NULL),
(5, 1, 1584, 23, 1, NULL, NULL, NULL, NULL, NULL, 0, 0, NULL, NULL, NULL),
(5, 1, 1585, 0, 2, NULL, NULL, NULL, NULL, NULL, 0, 0, NULL, NULL, NULL),
(5, 1, 1586, 1, 2, NULL, NULL, NULL, NULL, NULL, 0, 0, NULL, NULL, NULL),
(5, 1, 1587, 2, 2, NULL, NULL, NULL, NULL, NULL, 0, 0, NULL, NULL, NULL),
(5, 1, 1588, 3, 2, NULL, NULL, NULL, NULL, NULL, 0, 0, NULL, NULL, NULL),
(5, 1, 1589, 4, 2, NULL, NULL, NULL, NULL, NULL, 0, 0, NULL, NULL, NULL),
(5, 1, 1590, 5, 2, NULL, NULL, NULL, NULL, NULL, 0, 0, NULL, NULL, NULL),
(5, 1, 1591, 6, 2, NULL, NULL, NULL, NULL, NULL, 0, 0, NULL, NULL, NULL),
(5, 1, 1592, 7, 2, NULL, NULL, NULL, NULL, NULL, 0, 0, NULL, NULL, NULL),
(5, 1, 1593, 8, 2, NULL, NULL, NULL, NULL, NULL, 0, 0, NULL, NULL, NULL),
(5, 1, 1594, 9, 2, NULL, NULL, NULL, NULL, NULL, 0, 0, NULL, NULL, NULL),
(5, 1, 1595, 10, 2, NULL, NULL, NULL, NULL, NULL, 0, 0, NULL, NULL, NULL),
(5, 1, 1596, 11, 2, NULL, NULL, NULL, NULL, NULL, 0, 0, NULL, NULL, NULL),
(5, 1, 1597, 12, 2, NULL, NULL, NULL, NULL, NULL, 0, 0, NULL, NULL, NULL),
(5, 1, 1598, 13, 2, NULL, NULL, NULL, NULL, NULL, 0, 0, NULL, NULL, NULL),
(5, 1, 1599, 14, 2, NULL, NULL, NULL, NULL, NULL, 0, 0, NULL, NULL, NULL),
(5, 1, 1600, 15, 2, NULL, NULL, NULL, NULL, NULL, 0, 0, NULL, NULL, NULL),
(5, 1, 1601, 16, 2, NULL, NULL, NULL, NULL, NULL, 0, 0, NULL, NULL, NULL),
(5, 1, 1602, 17, 2, NULL, NULL, NULL, NULL, NULL, 0, 0, NULL, NULL, NULL),
(5, 1, 1603, 18, 2, NULL, NULL, NULL, NULL, NULL, 0, 0, NULL, NULL, NULL),
(5, 1, 1604, 19, 2, NULL, NULL, NULL, NULL, NULL, 0, 0, NULL, NULL, NULL),
(5, 1, 1605, 20, 2, NULL, NULL, NULL, NULL, NULL, 0, 0, NULL, NULL, NULL),
(5, 1, 1606, 21, 2, NULL, NULL, NULL, NULL, NULL, 0, 0, NULL, NULL, NULL),
(5, 1, 1607, 22, 2, NULL, NULL, NULL, NULL, NULL, 0, 0, NULL, NULL, NULL),
(5, 1, 1608, 23, 2, NULL, NULL, NULL, NULL, NULL, 0, 0, NULL, NULL, NULL),
(5, 1, 1609, 0, 3, NULL, NULL, NULL, NULL, NULL, 0, 0, NULL, NULL, NULL),
(5, 1, 1610, 1, 3, NULL, NULL, NULL, NULL, NULL, 0, 0, NULL, NULL, NULL),
(5, 1, 1611, 2, 3, NULL, NULL, NULL, NULL, NULL, 0, 0, NULL, NULL, NULL),
(5, 1, 1612, 3, 3, NULL, NULL, NULL, NULL, NULL, 0, 0, NULL, NULL, NULL),
(5, 1, 1613, 4, 3, NULL, NULL, NULL, NULL, NULL, 0, 0, NULL, NULL, NULL),
(5, 1, 1614, 5, 3, NULL, NULL, NULL, NULL, NULL, 0, 0, NULL, NULL, NULL),
(5, 1, 1615, 6, 3, NULL, NULL, NULL, NULL, NULL, 1, 0, NULL, NULL, NULL),
(5, 1, 1616, 7, 3, NULL, NULL, NULL, NULL, NULL, 1, 0, NULL, NULL, NULL),
(5, 1, 1617, 8, 3, NULL, NULL, NULL, NULL, NULL, 0, 0, NULL, NULL, NULL),
(5, 1, 1618, 9, 3, NULL, NULL, NULL, NULL, NULL, 1, 0, NULL, NULL, NULL),
(5, 1, 1619, 10, 3, NULL, NULL, NULL, NULL, NULL, 1, 0, NULL, NULL, NULL),
(5, 1, 1620, 11, 3, NULL, NULL, NULL, NULL, NULL, 1, 0, NULL, NULL, NULL),
(5, 1, 1621, 12, 3, NULL, NULL, NULL, NULL, NULL, 1, 0, NULL, NULL, NULL),
(5, 1, 1622, 13, 3, NULL, NULL, NULL, NULL, NULL, 0, 0, NULL, NULL, NULL),
(5, 1, 1623, 14, 3, NULL, NULL, NULL, NULL, NULL, 0, 0, NULL, NULL, NULL),
(5, 1, 1624, 15, 3, NULL, NULL, NULL, NULL, NULL, 0, 0, NULL, NULL, NULL),
(5, 1, 1625, 16, 3, NULL, NULL, NULL, NULL, NULL, 0, 0, NULL, NULL, NULL),
(5, 1, 1626, 17, 3, NULL, NULL, NULL, NULL, NULL, 0, 0, NULL, NULL, NULL),
(5, 1, 1627, 18, 3, NULL, NULL, NULL, NULL, NULL, 0, 0, NULL, NULL, NULL),
(5, 1, 1628, 19, 3, NULL, NULL, NULL, NULL, NULL, 0, 0, NULL, NULL, NULL),
(5, 1, 1629, 20, 3, NULL, NULL, NULL, NULL, NULL, 0, 0, NULL, NULL, NULL),
(5, 1, 1630, 21, 3, NULL, NULL, NULL, NULL, NULL, 1, 0, NULL, NULL, NULL),
(5, 1, 1631, 22, 3, NULL, NULL, NULL, NULL, NULL, 1, 0, NULL, NULL, NULL),
(5, 1, 1632, 23, 3, NULL, NULL, NULL, NULL, NULL, 0, 0, NULL, NULL, NULL),
(5, 1, 1633, 0, 4, NULL, NULL, NULL, NULL, NULL, 0, 0, NULL, NULL, NULL),
(5, 1, 1634, 1, 4, NULL, NULL, NULL, NULL, NULL, 1, 0, NULL, NULL, NULL),
(5, 1, 1635, 2, 4, NULL, NULL, NULL, NULL, NULL, 1, 0, NULL, NULL, NULL),
(5, 1, 1636, 3, 4, NULL, NULL, NULL, NULL, NULL, 1, 0, NULL, NULL, NULL),
(5, 1, 1637, 4, 4, NULL, NULL, NULL, NULL, NULL, 1, 0, NULL, NULL, NULL),
(5, 1, 1638, 5, 4, NULL, NULL, NULL, NULL, NULL, 1, 0, NULL, NULL, NULL),
(5, 1, 1639, 6, 4, NULL, NULL, NULL, NULL, NULL, 1, 0, NULL, NULL, NULL),
(5, 1, 1640, 7, 4, NULL, NULL, NULL, NULL, NULL, 1, 0, NULL, NULL, NULL),
(5, 1, 1641, 8, 4, NULL, NULL, NULL, NULL, NULL, 0, 0, NULL, NULL, NULL),
(5, 1, 1642, 9, 4, NULL, NULL, NULL, NULL, NULL, 1, 0, NULL, NULL, NULL),
(5, 1, 1643, 10, 4, NULL, NULL, NULL, NULL, NULL, 1, 0, NULL, NULL, NULL),
(5, 1, 1644, 11, 4, NULL, NULL, NULL, NULL, NULL, 1, 0, NULL, NULL, NULL),
(5, 1, 1645, 12, 4, NULL, NULL, NULL, NULL, NULL, 1, 0, NULL, NULL, NULL),
(5, 1, 1646, 13, 4, NULL, NULL, NULL, NULL, NULL, 0, 0, NULL, NULL, NULL),
(5, 1, 1647, 14, 4, NULL, NULL, NULL, NULL, NULL, 1, 0, NULL, NULL, NULL),
(5, 1, 1648, 15, 4, NULL, NULL, NULL, NULL, NULL, 1, 0, NULL, NULL, NULL),
(5, 1, 1649, 16, 4, NULL, NULL, NULL, NULL, NULL, 1, 0, NULL, NULL, NULL),
(5, 1, 1650, 17, 4, NULL, NULL, NULL, NULL, NULL, 1, 0, NULL, NULL, NULL),
(5, 1, 1651, 18, 4, NULL, NULL, NULL, NULL, NULL, 1, 0, NULL, NULL, NULL),
(5, 1, 1652, 19, 4, NULL, NULL, NULL, NULL, NULL, 1, 0, NULL, NULL, NULL),
(5, 1, 1653, 20, 4, NULL, NULL, NULL, NULL, NULL, 1, 0, NULL, NULL, NULL),
(5, 1, 1654, 21, 4, NULL, NULL, NULL, NULL, NULL, 0, 0, NULL, NULL, NULL),
(5, 1, 1655, 22, 4, NULL, NULL, NULL, NULL, NULL, 0, 0, NULL, NULL, NULL),
(5, 1, 1656, 23, 4, NULL, NULL, NULL, NULL, NULL, 0, 0, NULL, NULL, NULL),
(5, 1, 1657, 0, 5, NULL, NULL, NULL, NULL, NULL, 0, 0, NULL, NULL, NULL),
(5, 1, 1658, 1, 5, NULL, NULL, NULL, NULL, NULL, 1, 0, NULL, NULL, NULL),
(5, 1, 1659, 2, 5, NULL, NULL, NULL, NULL, NULL, 1, 0, NULL, NULL, NULL),
(5, 1, 1660, 3, 5, NULL, NULL, NULL, NULL, NULL, 1, 0, NULL, NULL, NULL),
(5, 1, 1661, 4, 5, NULL, NULL, NULL, NULL, NULL, 1, 0, NULL, NULL, NULL),
(5, 1, 1662, 5, 5, NULL, NULL, NULL, NULL, NULL, 1, 0, NULL, NULL, NULL),
(5, 1, 1663, 6, 5, NULL, NULL, NULL, NULL, NULL, 1, 0, NULL, NULL, NULL),
(5, 1, 1664, 7, 5, NULL, NULL, NULL, NULL, NULL, 1, 0, NULL, NULL, NULL),
(5, 1, 1665, 8, 5, NULL, NULL, NULL, NULL, NULL, 0, 0, NULL, NULL, NULL),
(5, 1, 1666, 9, 5, NULL, NULL, NULL, NULL, NULL, 1, 0, NULL, NULL, NULL),
(5, 1, 1667, 10, 5, NULL, NULL, NULL, NULL, NULL, 1, 0, NULL, NULL, NULL),
(5, 1, 1668, 11, 5, NULL, NULL, NULL, NULL, NULL, 1, 0, NULL, NULL, NULL),
(5, 1, 1669, 12, 5, NULL, NULL, NULL, NULL, NULL, 1, 0, NULL, NULL, NULL),
(5, 1, 1670, 13, 5, NULL, NULL, NULL, NULL, NULL, 0, 0, NULL, NULL, NULL),
(5, 1, 1671, 14, 5, NULL, NULL, NULL, NULL, NULL, 0, 0, NULL, NULL, NULL),
(5, 1, 1672, 15, 5, NULL, NULL, NULL, NULL, NULL, 0, 0, NULL, NULL, NULL),
(5, 1, 1673, 16, 5, NULL, NULL, NULL, NULL, NULL, 0, 0, NULL, NULL, NULL),
(5, 1, 1674, 17, 5, NULL, NULL, NULL, NULL, NULL, 0, 0, NULL, NULL, NULL),
(5, 1, 1675, 18, 5, NULL, NULL, NULL, NULL, NULL, 0, 0, NULL, NULL, NULL),
(5, 1, 1676, 19, 5, NULL, NULL, NULL, NULL, NULL, 0, 0, NULL, NULL, NULL),
(5, 1, 1677, 20, 5, NULL, NULL, NULL, NULL, NULL, 0, 0, NULL, NULL, NULL),
(5, 1, 1678, 21, 5, NULL, NULL, NULL, NULL, NULL, 0, 0, NULL, NULL, NULL),
(5, 1, 1679, 22, 5, NULL, NULL, NULL, NULL, NULL, 0, 0, NULL, NULL, NULL),
(5, 1, 1680, 23, 5, NULL, NULL, NULL, NULL, NULL, 0, 0, NULL, NULL, NULL),
(5, 1, 1681, 0, 6, NULL, NULL, NULL, NULL, NULL, 0, 0, NULL, NULL, NULL),
(5, 1, 1682, 1, 6, NULL, NULL, NULL, NULL, NULL, 0, 0, NULL, NULL, NULL),
(5, 1, 1683, 2, 6, NULL, NULL, NULL, NULL, NULL, 0, 0, NULL, NULL, NULL),
(5, 1, 1684, 3, 6, NULL, NULL, NULL, NULL, NULL, 0, 0, NULL, NULL, NULL),
(5, 1, 1685, 4, 6, NULL, NULL, NULL, NULL, NULL, 0, 0, NULL, NULL, NULL),
(5, 1, 1686, 5, 6, NULL, NULL, NULL, NULL, NULL, 0, 0, NULL, NULL, NULL),
(5, 1, 1687, 6, 6, NULL, NULL, NULL, NULL, NULL, 0, 0, NULL, NULL, NULL),
(5, 1, 1688, 7, 6, NULL, NULL, NULL, NULL, NULL, 1, 0, NULL, NULL, NULL),
(5, 1, 1689, 8, 6, NULL, NULL, NULL, NULL, NULL, 0, 0, NULL, NULL, NULL),
(5, 1, 1690, 9, 6, NULL, NULL, NULL, NULL, NULL, 1, 0, NULL, NULL, NULL),
(5, 1, 1691, 10, 6, NULL, NULL, NULL, NULL, NULL, 1, 0, NULL, NULL, NULL),
(5, 1, 1692, 11, 6, NULL, NULL, NULL, NULL, NULL, 1, 0, NULL, NULL, NULL),
(5, 1, 1693, 12, 6, NULL, NULL, NULL, NULL, NULL, 1, 0, NULL, NULL, NULL),
(5, 1, 1694, 13, 6, NULL, NULL, NULL, NULL, NULL, 1, 0, NULL, NULL, NULL),
(5, 1, 1695, 14, 6, NULL, NULL, NULL, NULL, NULL, 1, 0, NULL, NULL, NULL),
(5, 1, 1696, 15, 6, NULL, NULL, NULL, NULL, NULL, 1, 0, NULL, NULL, NULL),
(5, 1, 1697, 16, 6, NULL, NULL, NULL, NULL, NULL, 1, 0, NULL, NULL, NULL),
(5, 1, 1698, 17, 6, NULL, NULL, NULL, NULL, NULL, 1, 0, NULL, NULL, NULL),
(5, 1, 1699, 18, 6, NULL, NULL, NULL, NULL, NULL, 1, 0, NULL, NULL, NULL),
(5, 1, 1700, 19, 6, NULL, NULL, NULL, NULL, NULL, 1, 0, NULL, NULL, NULL),
(5, 1, 1701, 20, 6, NULL, NULL, NULL, NULL, NULL, 1, 0, NULL, NULL, NULL),
(5, 1, 1702, 21, 6, NULL, NULL, NULL, NULL, NULL, 1, 0, NULL, NULL, NULL),
(5, 1, 1703, 22, 6, NULL, NULL, NULL, NULL, NULL, 1, 0, NULL, NULL, NULL),
(5, 1, 1704, 23, 6, NULL, NULL, NULL, NULL, NULL, 0, 0, NULL, NULL, NULL),
(5, 1, 1705, 0, 7, NULL, NULL, NULL, NULL, NULL, 0, 0, NULL, NULL, NULL),
(5, 1, 1706, 1, 7, NULL, NULL, NULL, NULL, NULL, 1, 0, NULL, NULL, NULL),
(5, 1, 1707, 2, 7, NULL, NULL, NULL, NULL, NULL, 1, 0, NULL, NULL, NULL),
(5, 1, 1708, 3, 7, NULL, NULL, NULL, NULL, NULL, 1, 0, NULL, NULL, NULL),
(5, 1, 1709, 4, 7, NULL, NULL, NULL, NULL, NULL, 1, 0, NULL, NULL, NULL),
(5, 1, 1710, 5, 7, NULL, NULL, NULL, NULL, NULL, 1, 0, NULL, NULL, NULL),
(5, 1, 1711, 6, 7, NULL, NULL, NULL, NULL, NULL, 1, 0, NULL, NULL, NULL),
(5, 1, 1712, 7, 7, NULL, NULL, NULL, NULL, NULL, 1, 0, NULL, NULL, NULL),
(5, 1, 1713, 8, 7, NULL, NULL, NULL, NULL, NULL, 1, 0, NULL, NULL, NULL),
(5, 1, 1714, 9, 7, NULL, NULL, NULL, NULL, NULL, 1, 0, NULL, NULL, NULL),
(5, 1, 1715, 10, 7, NULL, NULL, NULL, NULL, NULL, 1, 0, NULL, NULL, NULL),
(5, 1, 1716, 11, 7, NULL, NULL, NULL, NULL, NULL, 1, 0, NULL, NULL, NULL),
(5, 1, 1717, 12, 7, NULL, NULL, NULL, NULL, NULL, 1, 0, NULL, NULL, NULL),
(5, 1, 1718, 13, 7, NULL, NULL, NULL, NULL, NULL, 1, 0, NULL, NULL, NULL),
(5, 1, 1719, 14, 7, NULL, NULL, NULL, NULL, NULL, 1, 0, NULL, NULL, NULL),
(5, 1, 1720, 15, 7, NULL, NULL, NULL, NULL, NULL, 1, 0, NULL, NULL, NULL),
(5, 1, 1721, 16, 7, NULL, NULL, NULL, NULL, NULL, 1, 0, NULL, NULL, NULL),
(5, 1, 1722, 17, 7, NULL, NULL, NULL, NULL, NULL, 1, 0, NULL, NULL, NULL),
(5, 1, 1723, 18, 7, NULL, NULL, NULL, NULL, NULL, 1, 0, NULL, NULL, NULL),
(5, 1, 1724, 19, 7, NULL, NULL, NULL, NULL, NULL, 1, 0, NULL, NULL, NULL),
(5, 1, 1725, 20, 7, NULL, NULL, NULL, NULL, NULL, 1, 0, NULL, NULL, NULL),
(5, 1, 1726, 21, 7, NULL, NULL, NULL, NULL, NULL, 1, 0, NULL, NULL, NULL),
(5, 1, 1727, 22, 7, NULL, NULL, NULL, NULL, NULL, 1, 0, NULL, NULL, NULL),
(5, 1, 1728, 23, 7, NULL, NULL, NULL, NULL, NULL, 0, 0, NULL, NULL, NULL),
(5, 1, 1729, 0, 8, NULL, NULL, NULL, NULL, NULL, 0, 0, NULL, NULL, NULL),
(5, 1, 1730, 1, 8, NULL, NULL, NULL, NULL, NULL, 1, 0, NULL, NULL, NULL),
(5, 1, 1731, 2, 8, NULL, NULL, NULL, NULL, NULL, 1, 0, NULL, NULL, NULL),
(5, 1, 1732, 3, 8, NULL, NULL, NULL, NULL, NULL, 1, 0, NULL, NULL, NULL),
(5, 1, 1733, 4, 8, NULL, NULL, NULL, NULL, NULL, 1, 0, NULL, NULL, NULL),
(5, 1, 1734, 5, 8, NULL, NULL, NULL, NULL, NULL, 1, 0, NULL, NULL, NULL),
(5, 1, 1735, 6, 8, NULL, NULL, NULL, NULL, NULL, 1, 0, NULL, NULL, NULL),
(5, 1, 1736, 7, 8, NULL, NULL, NULL, NULL, NULL, 1, 0, NULL, NULL, NULL),
(5, 1, 1737, 8, 8, NULL, NULL, NULL, NULL, NULL, 1, 0, NULL, NULL, NULL),
(5, 1, 1738, 9, 8, NULL, NULL, NULL, NULL, NULL, 1, 0, NULL, NULL, NULL),
(5, 1, 1739, 10, 8, NULL, NULL, NULL, NULL, NULL, 1, 0, NULL, NULL, NULL),
(5, 1, 1740, 11, 8, NULL, NULL, NULL, NULL, NULL, 1, 0, NULL, NULL, NULL),
(5, 1, 1741, 12, 8, NULL, NULL, NULL, NULL, NULL, 1, 0, NULL, NULL, NULL),
(5, 1, 1742, 13, 8, NULL, NULL, NULL, NULL, NULL, 0, 0, NULL, NULL, NULL),
(5, 1, 1743, 14, 8, NULL, NULL, NULL, NULL, NULL, 0, 0, NULL, NULL, NULL),
(5, 1, 1744, 15, 8, NULL, NULL, NULL, NULL, NULL, 0, 0, NULL, NULL, NULL),
(5, 1, 1745, 16, 8, NULL, NULL, NULL, NULL, NULL, 0, 0, NULL, NULL, NULL),
(5, 1, 1746, 17, 8, NULL, NULL, NULL, NULL, NULL, 0, 0, NULL, NULL, NULL),
(5, 1, 1747, 18, 8, NULL, NULL, NULL, NULL, NULL, 0, 0, NULL, NULL, NULL),
(5, 1, 1748, 19, 8, NULL, NULL, NULL, NULL, NULL, 0, 0, NULL, NULL, NULL),
(5, 1, 1749, 20, 8, NULL, NULL, NULL, NULL, NULL, 0, 0, NULL, NULL, NULL),
(5, 1, 1750, 21, 8, NULL, NULL, NULL, NULL, NULL, 1, 0, NULL, NULL, NULL),
(5, 1, 1751, 22, 8, NULL, NULL, NULL, NULL, NULL, 1, 0, NULL, NULL, NULL),
(5, 1, 1752, 23, 8, NULL, NULL, NULL, NULL, NULL, 0, 0, NULL, NULL, NULL),
(5, 1, 1753, 0, 9, NULL, NULL, NULL, NULL, NULL, 0, 0, NULL, NULL, NULL),
(5, 1, 1754, 1, 9, NULL, NULL, NULL, NULL, NULL, 1, 0, NULL, NULL, NULL),
(5, 1, 1755, 2, 9, NULL, NULL, NULL, NULL, NULL, 1, 0, NULL, NULL, NULL),
(5, 1, 1756, 3, 9, NULL, NULL, NULL, NULL, NULL, 1, 0, NULL, NULL, NULL),
(5, 1, 1757, 4, 9, NULL, NULL, NULL, NULL, NULL, 1, 0, NULL, NULL, NULL),
(5, 1, 1758, 5, 9, NULL, NULL, NULL, NULL, NULL, 1, 0, NULL, NULL, NULL),
(5, 1, 1759, 6, 9, NULL, NULL, NULL, NULL, NULL, 1, 0, NULL, NULL, NULL),
(5, 1, 1760, 7, 9, NULL, NULL, NULL, NULL, NULL, 1, 0, NULL, NULL, NULL),
(5, 1, 1761, 8, 9, NULL, NULL, NULL, NULL, NULL, 1, 0, NULL, NULL, NULL),
(5, 1, 1762, 9, 9, NULL, NULL, NULL, NULL, NULL, 1, 0, NULL, NULL, NULL),
(5, 1, 1763, 10, 9, NULL, NULL, NULL, NULL, NULL, 1, 0, NULL, NULL, NULL),
(5, 1, 1764, 11, 9, NULL, NULL, NULL, NULL, NULL, 1, 0, NULL, NULL, NULL),
(5, 1, 1765, 12, 9, NULL, NULL, NULL, NULL, NULL, 1, 0, NULL, NULL, NULL),
(5, 1, 1766, 13, 9, NULL, NULL, NULL, NULL, NULL, 0, 0, NULL, NULL, NULL),
(5, 1, 1767, 14, 9, NULL, NULL, NULL, NULL, NULL, 0, 0, NULL, NULL, NULL),
(5, 1, 1768, 15, 9, NULL, NULL, NULL, NULL, NULL, 1, 0, NULL, NULL, NULL),
(5, 1, 1769, 16, 9, NULL, NULL, NULL, NULL, NULL, 1, 0, NULL, NULL, NULL),
(5, 1, 1770, 17, 9, NULL, NULL, NULL, NULL, NULL, 1, 0, NULL, NULL, NULL),
(5, 1, 1771, 18, 9, NULL, NULL, NULL, NULL, NULL, 1, 0, NULL, NULL, NULL),
(5, 1, 1772, 19, 9, NULL, NULL, NULL, NULL, NULL, 1, 0, NULL, NULL, NULL),
(5, 1, 1773, 20, 9, NULL, NULL, NULL, NULL, NULL, 1, 0, NULL, NULL, NULL),
(5, 1, 1774, 21, 9, NULL, NULL, NULL, NULL, NULL, 1, 0, NULL, NULL, NULL),
(5, 1, 1775, 22, 9, NULL, NULL, NULL, NULL, NULL, 1, 0, NULL, NULL, NULL),
(5, 1, 1776, 23, 9, NULL, NULL, NULL, NULL, NULL, 0, 0, NULL, NULL, NULL),
(5, 1, 1777, 0, 10, NULL, NULL, NULL, NULL, NULL, 0, 0, NULL, NULL, NULL),
(5, 1, 1778, 1, 10, NULL, NULL, NULL, NULL, NULL, 1, 0, NULL, NULL, NULL),
(5, 1, 1779, 2, 10, NULL, NULL, NULL, NULL, NULL, 1, 0, NULL, NULL, NULL),
(5, 1, 1780, 3, 10, NULL, NULL, NULL, NULL, NULL, 1, 0, NULL, NULL, NULL),
(5, 1, 1781, 4, 10, NULL, NULL, NULL, NULL, NULL, 1, 0, NULL, NULL, NULL),
(5, 1, 1782, 5, 10, NULL, NULL, NULL, NULL, NULL, 1, 0, NULL, NULL, NULL),
(5, 1, 1783, 6, 10, NULL, NULL, NULL, NULL, NULL, 1, 0, NULL, NULL, NULL),
(5, 1, 1784, 7, 10, NULL, NULL, NULL, NULL, NULL, 1, 0, NULL, NULL, NULL),
(5, 1, 1785, 8, 10, NULL, NULL, NULL, NULL, NULL, 1, 0, NULL, NULL, NULL),
(5, 1, 1786, 9, 10, NULL, NULL, NULL, NULL, NULL, 1, 0, NULL, NULL, NULL),
(5, 1, 1787, 10, 10, NULL, NULL, NULL, NULL, NULL, 1, 0, NULL, NULL, NULL),
(5, 1, 1788, 11, 10, NULL, NULL, NULL, NULL, NULL, 1, 0, NULL, NULL, NULL),
(5, 1, 1789, 12, 10, NULL, NULL, NULL, NULL, NULL, 1, 0, NULL, NULL, NULL),
(5, 1, 1790, 13, 10, NULL, NULL, NULL, NULL, NULL, 0, 0, NULL, NULL, NULL),
(5, 1, 1791, 14, 10, NULL, NULL, NULL, NULL, NULL, 1, 0, NULL, NULL, NULL),
(5, 1, 1792, 15, 10, NULL, NULL, NULL, NULL, NULL, 1, 0, NULL, NULL, NULL),
(5, 1, 1793, 16, 10, NULL, NULL, NULL, NULL, NULL, 1, 0, NULL, NULL, NULL),
(5, 1, 1794, 17, 10, NULL, NULL, NULL, NULL, NULL, 0, 0, NULL, NULL, NULL),
(5, 1, 1795, 18, 10, NULL, NULL, NULL, NULL, NULL, 0, 0, NULL, NULL, NULL),
(5, 1, 1796, 19, 10, NULL, NULL, NULL, NULL, NULL, 0, 0, NULL, NULL, NULL),
(5, 1, 1797, 20, 10, NULL, NULL, NULL, NULL, NULL, 1, 0, NULL, NULL, NULL),
(5, 1, 1798, 21, 10, NULL, NULL, NULL, NULL, NULL, 1, 0, NULL, NULL, NULL),
(5, 1, 1799, 22, 10, NULL, NULL, NULL, NULL, NULL, 1, 0, NULL, NULL, NULL),
(5, 1, 1800, 23, 10, NULL, NULL, NULL, NULL, NULL, 0, 0, NULL, NULL, NULL),
(5, 1, 1801, 0, 11, NULL, NULL, NULL, NULL, NULL, 0, 0, NULL, NULL, NULL),
(5, 1, 1802, 1, 11, NULL, NULL, NULL, NULL, NULL, 1, 0, NULL, NULL, NULL),
(5, 1, 1803, 2, 11, NULL, NULL, NULL, NULL, NULL, 1, 0, NULL, NULL, NULL),
(5, 1, 1804, 3, 11, NULL, NULL, NULL, NULL, NULL, 1, 0, NULL, NULL, NULL),
(5, 1, 1805, 4, 11, NULL, NULL, NULL, NULL, NULL, 1, 0, NULL, NULL, NULL),
(5, 1, 1806, 5, 11, NULL, NULL, NULL, NULL, NULL, 1, 0, NULL, NULL, NULL),
(5, 1, 1807, 6, 11, NULL, NULL, NULL, NULL, NULL, 1, 0, NULL, NULL, NULL),
(5, 1, 1808, 7, 11, NULL, NULL, NULL, NULL, NULL, 1, 0, NULL, NULL, NULL),
(5, 1, 1809, 8, 11, NULL, NULL, NULL, NULL, NULL, 1, 0, NULL, NULL, NULL),
(5, 1, 1810, 9, 11, NULL, NULL, NULL, NULL, NULL, 1, 0, NULL, NULL, NULL),
(5, 1, 1811, 10, 11, NULL, NULL, NULL, NULL, NULL, 1, 0, NULL, NULL, NULL),
(5, 1, 1812, 11, 11, NULL, NULL, NULL, NULL, NULL, 1, 0, NULL, NULL, NULL),
(5, 1, 1813, 12, 11, NULL, NULL, NULL, NULL, NULL, 1, 0, NULL, NULL, NULL),
(5, 1, 1814, 13, 11, NULL, NULL, NULL, NULL, NULL, 0, 0, NULL, NULL, NULL),
(5, 1, 1815, 14, 11, NULL, NULL, NULL, NULL, NULL, 1, 0, NULL, NULL, NULL),
(5, 1, 1816, 15, 11, NULL, NULL, NULL, NULL, NULL, 1, 0, NULL, NULL, NULL),
(5, 1, 1817, 16, 11, NULL, NULL, NULL, NULL, NULL, 1, 0, NULL, NULL, NULL),
(5, 1, 1818, 17, 11, NULL, NULL, NULL, NULL, NULL, 0, 0, NULL, NULL, NULL),
(5, 1, 1819, 18, 11, NULL, NULL, NULL, NULL, NULL, 0, 0, NULL, NULL, NULL),
(5, 1, 1820, 19, 11, NULL, NULL, NULL, NULL, NULL, 0, 0, NULL, NULL, NULL),
(5, 1, 1821, 20, 11, NULL, NULL, NULL, NULL, NULL, 1, 0, NULL, NULL, NULL),
(5, 1, 1822, 21, 11, NULL, NULL, NULL, NULL, NULL, 1, 0, NULL, NULL, NULL),
(5, 1, 1823, 22, 11, NULL, NULL, NULL, NULL, NULL, 1, 0, NULL, NULL, NULL),
(5, 1, 1824, 23, 11, NULL, NULL, NULL, NULL, NULL, 0, 0, NULL, NULL, NULL),
(5, 1, 1825, 0, 12, NULL, NULL, NULL, NULL, NULL, 0, 0, NULL, NULL, NULL),
(5, 1, 1826, 1, 12, NULL, NULL, NULL, NULL, NULL, 1, 0, NULL, NULL, NULL),
(5, 1, 1827, 2, 12, NULL, NULL, NULL, NULL, NULL, 0, 0, NULL, NULL, NULL),
(5, 1, 1828, 3, 12, NULL, NULL, NULL, NULL, NULL, 1, 0, NULL, NULL, NULL),
(5, 1, 1829, 4, 12, NULL, NULL, NULL, NULL, NULL, 1, 0, NULL, NULL, NULL),
(5, 1, 1830, 5, 12, NULL, NULL, NULL, NULL, NULL, 1, 0, NULL, NULL, NULL),
(5, 1, 1831, 6, 12, NULL, NULL, NULL, NULL, NULL, 1, 0, NULL, NULL, NULL),
(5, 1, 1832, 7, 12, NULL, NULL, NULL, NULL, NULL, 1, 0, NULL, NULL, NULL),
(5, 1, 1833, 8, 12, NULL, NULL, NULL, NULL, NULL, 1, 0, NULL, NULL, NULL),
(5, 1, 1834, 9, 12, NULL, NULL, NULL, NULL, NULL, 1, 0, NULL, NULL, NULL),
(5, 1, 1835, 10, 12, NULL, NULL, NULL, NULL, NULL, 1, 0, NULL, NULL, NULL),
(5, 1, 1836, 11, 12, NULL, NULL, NULL, NULL, NULL, 1, 0, NULL, NULL, NULL),
(5, 1, 1837, 12, 12, NULL, NULL, NULL, NULL, NULL, 1, 0, NULL, NULL, NULL),
(5, 1, 1838, 13, 12, NULL, NULL, NULL, NULL, NULL, 0, 0, NULL, NULL, NULL),
(5, 1, 1839, 14, 12, NULL, NULL, NULL, NULL, NULL, 1, 0, NULL, NULL, NULL),
(5, 1, 1840, 15, 12, NULL, NULL, NULL, NULL, NULL, 1, 0, NULL, NULL, NULL),
(5, 1, 1841, 16, 12, NULL, NULL, NULL, NULL, NULL, 1, 0, NULL, NULL, NULL),
(5, 1, 1842, 17, 12, NULL, NULL, NULL, NULL, NULL, 1, 0, NULL, NULL, NULL),
(5, 1, 1843, 18, 12, NULL, NULL, NULL, NULL, NULL, 1, 0, NULL, NULL, NULL),
(5, 1, 1844, 19, 12, NULL, NULL, NULL, NULL, NULL, 1, 0, NULL, NULL, NULL),
(5, 1, 1845, 20, 12, NULL, NULL, NULL, NULL, NULL, 1, 0, NULL, NULL, NULL),
(5, 1, 1846, 21, 12, NULL, NULL, NULL, NULL, NULL, 1, 0, NULL, NULL, NULL),
(5, 1, 1847, 22, 12, NULL, NULL, NULL, NULL, NULL, 1, 0, NULL, NULL, NULL),
(5, 1, 1848, 23, 12, NULL, NULL, NULL, NULL, NULL, 0, 0, NULL, NULL, NULL),
(5, 1, 1849, 0, 13, NULL, NULL, NULL, NULL, NULL, 0, 0, NULL, NULL, NULL),
(5, 1, 1850, 1, 13, NULL, NULL, NULL, NULL, NULL, 1, 0, NULL, NULL, NULL),
(5, 1, 1851, 2, 13, NULL, NULL, NULL, NULL, NULL, 1, 0, NULL, NULL, NULL),
(5, 1, 1852, 3, 13, NULL, NULL, NULL, NULL, NULL, 1, 0, NULL, NULL, NULL),
(5, 1, 1853, 4, 13, NULL, NULL, NULL, NULL, NULL, 1, 0, NULL, NULL, NULL),
(5, 1, 1854, 5, 13, NULL, NULL, NULL, NULL, NULL, 1, 0, NULL, NULL, NULL),
(5, 1, 1855, 6, 13, NULL, NULL, NULL, NULL, NULL, 1, 0, NULL, NULL, NULL),
(5, 1, 1856, 7, 13, NULL, NULL, NULL, NULL, NULL, 1, 0, NULL, NULL, NULL),
(5, 1, 1857, 8, 13, NULL, NULL, NULL, NULL, NULL, 1, 0, NULL, NULL, NULL),
(5, 1, 1858, 9, 13, NULL, NULL, NULL, NULL, NULL, 1, 0, NULL, NULL, NULL),
(5, 1, 1859, 10, 13, NULL, NULL, NULL, NULL, NULL, 0, 0, NULL, NULL, NULL),
(5, 1, 1860, 11, 13, NULL, NULL, NULL, NULL, NULL, 1, 0, NULL, NULL, NULL),
(5, 1, 1861, 12, 13, NULL, NULL, NULL, NULL, NULL, 0, 0, NULL, NULL, NULL),
(5, 1, 1862, 13, 13, NULL, NULL, NULL, NULL, NULL, 0, 0, NULL, NULL, NULL),
(5, 1, 1863, 14, 13, NULL, NULL, NULL, NULL, NULL, 1, 0, NULL, NULL, NULL),
(5, 1, 1864, 15, 13, NULL, NULL, NULL, NULL, NULL, 1, 0, NULL, NULL, NULL),
(5, 1, 1865, 16, 13, NULL, NULL, NULL, NULL, NULL, 1, 0, NULL, NULL, NULL),
(5, 1, 1866, 17, 13, NULL, NULL, NULL, NULL, NULL, 1, 0, NULL, NULL, NULL),
(5, 1, 1867, 18, 13, NULL, NULL, NULL, 5, NULL, 0, 0, NULL, NULL, NULL),
(5, 1, 1868, 19, 13, NULL, NULL, NULL, NULL, NULL, 1, 0, NULL, NULL, NULL),
(5, 1, 1869, 20, 13, NULL, NULL, NULL, NULL, NULL, 1, 0, NULL, NULL, NULL),
(5, 1, 1870, 21, 13, NULL, NULL, NULL, NULL, NULL, 1, 0, NULL, NULL, NULL),
(5, 1, 1871, 22, 13, NULL, NULL, NULL, NULL, NULL, 1, 0, NULL, NULL, NULL),
(5, 1, 1872, 23, 13, NULL, NULL, NULL, NULL, NULL, 0, 0, NULL, NULL, NULL),
(5, 1, 1873, 0, 14, NULL, NULL, NULL, NULL, NULL, 0, 0, NULL, NULL, NULL),
(5, 1, 1874, 1, 14, NULL, NULL, NULL, NULL, NULL, 0, 0, NULL, NULL, NULL),
(5, 1, 1875, 2, 14, NULL, NULL, NULL, NULL, NULL, 0, 0, NULL, NULL, NULL),
(5, 1, 1876, 3, 14, NULL, NULL, NULL, NULL, NULL, 0, 0, NULL, NULL, NULL),
(5, 1, 1877, 4, 14, NULL, NULL, NULL, NULL, NULL, 1, 0, NULL, NULL, NULL),
(5, 1, 1878, 5, 14, NULL, NULL, NULL, NULL, NULL, 1, 0, NULL, NULL, NULL),
(5, 1, 1879, 6, 14, NULL, NULL, NULL, NULL, NULL, 1, 0, NULL, NULL, NULL),
(5, 1, 1880, 7, 14, NULL, NULL, NULL, NULL, NULL, 1, 0, NULL, NULL, NULL),
(5, 1, 1881, 8, 14, NULL, NULL, NULL, NULL, NULL, 1, 0, NULL, NULL, NULL),
(5, 1, 1882, 9, 14, NULL, NULL, NULL, NULL, NULL, 1, 0, NULL, NULL, NULL),
(5, 1, 1883, 10, 14, NULL, NULL, NULL, NULL, NULL, 0, 0, NULL, NULL, NULL),
(5, 1, 1884, 11, 14, NULL, NULL, NULL, NULL, NULL, 1, 0, NULL, NULL, NULL),
(5, 1, 1885, 12, 14, NULL, NULL, NULL, NULL, NULL, 0, 0, NULL, NULL, NULL),
(5, 1, 1886, 13, 14, NULL, NULL, NULL, NULL, NULL, 1, 0, NULL, NULL, NULL),
(5, 1, 1887, 14, 14, NULL, NULL, NULL, NULL, NULL, 1, 0, NULL, NULL, NULL),
(5, 1, 1888, 15, 14, NULL, NULL, NULL, NULL, NULL, 1, 0, NULL, NULL, NULL),
(5, 1, 1889, 16, 14, NULL, NULL, NULL, NULL, NULL, 1, 0, NULL, NULL, NULL),
(5, 1, 1890, 17, 14, NULL, NULL, NULL, NULL, NULL, 1, 0, NULL, NULL, NULL),
(5, 1, 1891, 18, 14, NULL, NULL, NULL, NULL, NULL, 1, 0, NULL, NULL, NULL),
(5, 1, 1892, 19, 14, NULL, NULL, NULL, NULL, NULL, 1, 0, NULL, NULL, NULL),
(5, 1, 1893, 20, 14, NULL, NULL, NULL, NULL, NULL, 1, 0, NULL, NULL, NULL),
(5, 1, 1894, 21, 14, NULL, NULL, NULL, NULL, NULL, 1, 0, NULL, NULL, NULL),
(5, 1, 1895, 22, 14, NULL, NULL, NULL, NULL, NULL, 1, 0, NULL, NULL, NULL),
(5, 1, 1896, 23, 14, NULL, NULL, NULL, NULL, NULL, 0, 0, NULL, NULL, NULL),
(5, 1, 1897, 0, 15, NULL, NULL, NULL, NULL, NULL, 0, 0, NULL, NULL, NULL),
(5, 1, 1898, 1, 15, NULL, NULL, NULL, NULL, NULL, 0, 0, NULL, NULL, NULL),
(5, 1, 1899, 2, 15, NULL, NULL, NULL, NULL, NULL, 0, 0, NULL, NULL, NULL),
(5, 1, 1900, 3, 15, NULL, NULL, NULL, NULL, NULL, 0, 0, NULL, NULL, NULL),
(5, 1, 1901, 4, 15, NULL, NULL, NULL, NULL, NULL, 0, 0, NULL, NULL, NULL),
(5, 1, 1902, 5, 15, NULL, NULL, NULL, NULL, NULL, 0, 0, NULL, NULL, NULL),
(5, 1, 1903, 6, 15, NULL, NULL, NULL, NULL, NULL, 0, 0, NULL, NULL, NULL),
(5, 1, 1904, 7, 15, NULL, NULL, NULL, NULL, NULL, 0, 0, NULL, NULL, NULL),
(5, 1, 1905, 8, 15, NULL, NULL, NULL, NULL, NULL, 0, 0, NULL, NULL, NULL),
(5, 1, 1906, 9, 15, NULL, NULL, NULL, NULL, NULL, 0, 0, NULL, NULL, NULL),
(5, 1, 1907, 10, 15, NULL, NULL, NULL, NULL, NULL, 0, 0, NULL, NULL, NULL),
(5, 1, 1908, 11, 15, NULL, NULL, 3, NULL, 886, 0, 1, NULL, NULL, 1),
(5, 1, 1909, 12, 15, NULL, NULL, NULL, NULL, NULL, 0, 0, NULL, NULL, NULL),
(5, 1, 1910, 13, 15, NULL, NULL, NULL, NULL, NULL, 0, 0, NULL, NULL, NULL),
(5, 1, 1911, 14, 15, NULL, NULL, NULL, NULL, NULL, 0, 0, NULL, NULL, NULL),
(5, 1, 1912, 15, 15, NULL, NULL, NULL, NULL, NULL, 0, 0, NULL, NULL, NULL),
(5, 1, 1913, 16, 15, NULL, NULL, NULL, NULL, NULL, 0, 0, NULL, NULL, NULL),
(5, 1, 1914, 17, 15, NULL, NULL, NULL, NULL, NULL, 0, 0, NULL, NULL, NULL),
(5, 1, 1915, 18, 15, NULL, NULL, NULL, NULL, NULL, 0, 0, NULL, NULL, NULL),
(5, 1, 1916, 19, 15, NULL, NULL, NULL, NULL, NULL, 0, 0, NULL, NULL, NULL),
(5, 1, 1917, 20, 15, NULL, NULL, NULL, NULL, NULL, 0, 0, NULL, NULL, NULL),
(5, 1, 1918, 21, 15, NULL, NULL, NULL, NULL, NULL, 0, 0, NULL, NULL, NULL),
(5, 1, 1919, 22, 15, NULL, NULL, NULL, NULL, NULL, 0, 0, NULL, NULL, NULL),
(5, 1, 1920, 23, 15, NULL, NULL, NULL, NULL, NULL, 0, 0, NULL, NULL, NULL),
(6, 1, 1921, 0, 0, NULL, NULL, NULL, NULL, NULL, 0, 0, NULL, NULL, NULL),
(6, 1, 1922, 1, 0, NULL, NULL, NULL, NULL, NULL, 0, 0, NULL, NULL, NULL),
(6, 1, 1923, 2, 0, NULL, NULL, NULL, NULL, NULL, 0, 0, NULL, NULL, NULL),
(6, 1, 1924, 3, 0, NULL, NULL, NULL, NULL, NULL, 0, 0, NULL, NULL, NULL),
(6, 1, 1925, 4, 0, NULL, NULL, NULL, NULL, NULL, 0, 0, NULL, NULL, NULL),
(6, 1, 1926, 5, 0, NULL, 7, NULL, NULL, NULL, 1, 0, NULL, NULL, NULL),
(6, 1, 1927, 6, 0, NULL, NULL, NULL, NULL, NULL, 1, 0, NULL, NULL, NULL),
(6, 1, 1928, 7, 0, NULL, NULL, NULL, NULL, NULL, 1, 0, NULL, NULL, NULL),
(6, 1, 1929, 8, 0, NULL, NULL, NULL, NULL, NULL, 0, 0, NULL, NULL, NULL),
(6, 1, 1930, 9, 0, NULL, NULL, NULL, NULL, NULL, 0, 0, NULL, NULL, NULL),
(6, 1, 1931, 10, 0, NULL, NULL, NULL, NULL, NULL, 1, 0, NULL, NULL, NULL),
(6, 1, 1932, 11, 0, NULL, NULL, NULL, NULL, NULL, 1, 0, NULL, NULL, NULL),
(6, 1, 1933, 12, 0, NULL, NULL, NULL, NULL, NULL, 1, 0, NULL, NULL, NULL),
(6, 1, 1934, 13, 0, NULL, NULL, NULL, NULL, NULL, 1, 0, NULL, NULL, NULL),
(6, 1, 1935, 14, 0, NULL, NULL, NULL, NULL, NULL, 1, 0, NULL, NULL, NULL),
(6, 1, 1936, 15, 0, NULL, NULL, NULL, NULL, NULL, 1, 0, NULL, NULL, NULL),
(6, 1, 1937, 16, 0, NULL, NULL, NULL, NULL, NULL, 1, 0, NULL, NULL, NULL),
(6, 1, 1938, 17, 0, NULL, NULL, NULL, NULL, NULL, 1, 0, NULL, NULL, NULL),
(6, 1, 1939, 18, 0, NULL, NULL, NULL, NULL, NULL, 0, 0, NULL, NULL, NULL),
(6, 1, 1940, 19, 0, NULL, NULL, NULL, NULL, NULL, 0, 0, NULL, NULL, NULL),
(6, 1, 1941, 20, 0, NULL, NULL, NULL, NULL, NULL, 0, 0, NULL, NULL, NULL),
(6, 1, 1942, 21, 0, NULL, NULL, NULL, NULL, NULL, 0, 0, NULL, NULL, NULL),
(6, 1, 1943, 22, 0, NULL, NULL, NULL, NULL, NULL, 0, 0, NULL, NULL, NULL),
(6, 1, 1944, 23, 0, NULL, NULL, NULL, NULL, NULL, 0, 0, NULL, NULL, NULL),
(6, 1, 1945, 0, 1, NULL, NULL, NULL, NULL, NULL, 1, 0, NULL, NULL, NULL),
(6, 1, 1946, 1, 1, NULL, NULL, NULL, NULL, NULL, 0, 0, NULL, NULL, NULL),
(6, 1, 1947, 2, 1, NULL, NULL, NULL, NULL, NULL, 0, 0, NULL, NULL, NULL),
(6, 1, 1948, 3, 1, NULL, NULL, NULL, NULL, NULL, 1, 0, NULL, NULL, NULL),
(6, 1, 1949, 4, 1, NULL, NULL, NULL, NULL, NULL, 1, 0, NULL, NULL, NULL),
(6, 1, 1950, 5, 1, NULL, NULL, NULL, NULL, NULL, 1, 0, NULL, NULL, NULL),
(6, 1, 1951, 6, 1, NULL, NULL, NULL, NULL, NULL, 1, 0, NULL, NULL, NULL),
(6, 1, 1952, 7, 1, NULL, NULL, NULL, NULL, NULL, 1, 0, NULL, NULL, NULL),
(6, 1, 1953, 8, 1, NULL, NULL, NULL, NULL, NULL, 1, 0, NULL, NULL, NULL),
(6, 1, 1954, 9, 1, NULL, NULL, NULL, NULL, NULL, 1, 0, NULL, NULL, NULL),
(6, 1, 1955, 10, 1, NULL, NULL, NULL, NULL, NULL, 1, 0, NULL, NULL, NULL),
(6, 1, 1956, 11, 1, NULL, NULL, NULL, NULL, NULL, 1, 0, NULL, NULL, NULL),
(6, 1, 1957, 12, 1, NULL, NULL, NULL, NULL, NULL, 1, 0, NULL, NULL, NULL),
(6, 1, 1958, 13, 1, NULL, NULL, NULL, NULL, NULL, 1, 0, NULL, NULL, NULL),
(6, 1, 1959, 14, 1, NULL, NULL, NULL, NULL, NULL, 1, 0, NULL, NULL, NULL),
(6, 1, 1960, 15, 1, NULL, NULL, NULL, NULL, NULL, 1, 0, NULL, NULL, NULL),
(6, 1, 1961, 16, 1, NULL, NULL, NULL, NULL, NULL, 1, 0, NULL, NULL, NULL),
(6, 1, 1962, 17, 1, NULL, NULL, NULL, NULL, NULL, 1, 0, NULL, NULL, NULL),
(6, 1, 1963, 18, 1, NULL, NULL, NULL, NULL, NULL, 1, 0, NULL, NULL, NULL),
(6, 1, 1964, 19, 1, NULL, NULL, NULL, NULL, NULL, 1, 0, NULL, NULL, NULL),
(6, 1, 1965, 20, 1, NULL, NULL, NULL, NULL, NULL, 1, 0, NULL, NULL, NULL),
(6, 1, 1966, 21, 1, NULL, NULL, NULL, NULL, NULL, 1, 0, NULL, NULL, NULL),
(6, 1, 1967, 22, 1, NULL, NULL, NULL, NULL, NULL, 1, 0, NULL, NULL, NULL),
(6, 1, 1968, 23, 1, NULL, NULL, NULL, NULL, NULL, 0, 0, NULL, NULL, NULL),
(6, 1, 1969, 0, 2, NULL, NULL, NULL, NULL, NULL, 0, 0, NULL, NULL, NULL),
(6, 1, 1970, 1, 2, NULL, NULL, NULL, NULL, NULL, 0, 0, NULL, NULL, NULL),
(6, 1, 1971, 2, 2, NULL, NULL, NULL, NULL, NULL, 0, 0, NULL, NULL, NULL),
(6, 1, 1972, 3, 2, NULL, NULL, NULL, NULL, NULL, 0, 0, NULL, NULL, NULL),
(6, 1, 1973, 4, 2, NULL, NULL, NULL, NULL, NULL, 0, 0, NULL, NULL, NULL),
(6, 1, 1974, 5, 2, NULL, NULL, NULL, NULL, NULL, 1, 0, NULL, NULL, NULL),
(6, 1, 1975, 6, 2, NULL, NULL, NULL, NULL, NULL, 1, 0, NULL, NULL, NULL),
(6, 1, 1976, 7, 2, NULL, NULL, NULL, NULL, NULL, 1, 0, NULL, NULL, NULL),
(6, 1, 1977, 8, 2, NULL, NULL, NULL, NULL, NULL, 0, 0, NULL, NULL, NULL),
(6, 1, 1978, 9, 2, NULL, NULL, NULL, NULL, NULL, 0, 0, NULL, NULL, NULL),
(6, 1, 1979, 10, 2, NULL, NULL, 8, NULL, 3062, 0, 1, NULL, NULL, 3),
(6, 1, 1980, 11, 2, NULL, NULL, NULL, NULL, NULL, 0, 0, NULL, NULL, NULL),
(6, 1, 1981, 12, 2, NULL, NULL, NULL, NULL, NULL, 0, 0, NULL, NULL, NULL),
(6, 1, 1982, 13, 2, NULL, NULL, NULL, NULL, NULL, 0, 0, NULL, NULL, NULL),
(6, 1, 1983, 14, 2, NULL, NULL, NULL, NULL, NULL, 0, 0, NULL, NULL, NULL),
(6, 1, 1984, 15, 2, NULL, NULL, NULL, NULL, NULL, 0, 0, NULL, NULL, NULL),
(6, 1, 1985, 16, 2, NULL, NULL, NULL, NULL, NULL, 1, 0, NULL, NULL, NULL),
(6, 1, 1986, 17, 2, NULL, NULL, NULL, NULL, NULL, 0, 0, NULL, NULL, NULL),
(6, 1, 1987, 18, 2, NULL, NULL, NULL, NULL, NULL, 0, 0, NULL, NULL, NULL),
(6, 1, 1988, 19, 2, NULL, NULL, NULL, NULL, NULL, 0, 0, NULL, NULL, NULL),
(6, 1, 1989, 20, 2, NULL, NULL, NULL, NULL, NULL, 0, 0, NULL, NULL, NULL),
(6, 1, 1990, 21, 2, NULL, NULL, NULL, NULL, NULL, 1, 0, NULL, NULL, NULL),
(6, 1, 1991, 22, 2, NULL, NULL, NULL, NULL, NULL, 1, 0, NULL, NULL, NULL),
(6, 1, 1992, 23, 2, NULL, NULL, NULL, NULL, NULL, 1, 0, NULL, NULL, NULL),
(6, 1, 1993, 0, 3, NULL, NULL, NULL, NULL, NULL, 1, 0, NULL, NULL, NULL),
(6, 1, 1994, 1, 3, NULL, NULL, NULL, NULL, NULL, 1, 0, NULL, NULL, NULL),
(6, 1, 1995, 2, 3, NULL, NULL, NULL, NULL, NULL, 1, 0, NULL, NULL, NULL),
(6, 1, 1996, 3, 3, NULL, NULL, NULL, NULL, NULL, 1, 0, NULL, NULL, NULL),
(6, 1, 1997, 4, 3, NULL, NULL, NULL, NULL, NULL, 1, 0, NULL, NULL, NULL),
(6, 1, 1998, 5, 3, NULL, NULL, NULL, NULL, NULL, 1, 0, NULL, NULL, NULL),
(6, 1, 1999, 6, 3, NULL, NULL, NULL, NULL, NULL, 1, 0, NULL, NULL, NULL),
(6, 1, 2000, 7, 3, NULL, NULL, NULL, NULL, NULL, 1, 0, NULL, NULL, NULL),
(6, 1, 2001, 8, 3, 11, NULL, NULL, NULL, NULL, 1, 0, NULL, NULL, NULL),
(6, 1, 2002, 9, 3, NULL, NULL, NULL, NULL, NULL, 1, 0, NULL, NULL, NULL),
(6, 1, 2003, 10, 3, NULL, NULL, NULL, NULL, NULL, 1, 0, NULL, NULL, NULL),
(6, 1, 2004, 11, 3, NULL, NULL, NULL, NULL, NULL, 1, 0, NULL, NULL, NULL),
(6, 1, 2005, 12, 3, NULL, NULL, NULL, NULL, NULL, 1, 0, NULL, NULL, NULL),
(6, 1, 2006, 13, 3, NULL, NULL, NULL, NULL, NULL, 1, 0, NULL, NULL, NULL),
(6, 1, 2007, 14, 3, NULL, NULL, NULL, NULL, NULL, 1, 0, NULL, NULL, NULL),
(6, 1, 2008, 15, 3, NULL, NULL, NULL, NULL, NULL, 1, 0, NULL, NULL, NULL),
(6, 1, 2009, 16, 3, NULL, NULL, NULL, NULL, NULL, 1, 0, NULL, NULL, NULL),
(6, 1, 2010, 17, 3, NULL, NULL, NULL, NULL, NULL, 1, 0, NULL, NULL, NULL),
(6, 1, 2011, 18, 3, NULL, NULL, NULL, NULL, NULL, 0, 0, NULL, NULL, NULL),
(6, 1, 2012, 19, 3, NULL, NULL, NULL, NULL, NULL, 0, 0, NULL, NULL, NULL),
(6, 1, 2013, 20, 3, NULL, NULL, NULL, NULL, NULL, 0, 0, NULL, NULL, NULL),
(6, 1, 2014, 21, 3, NULL, NULL, NULL, NULL, NULL, 0, 0, NULL, NULL, NULL),
(6, 1, 2015, 22, 3, NULL, NULL, NULL, NULL, NULL, 1, 0, NULL, NULL, NULL),
(6, 1, 2016, 23, 3, NULL, NULL, NULL, NULL, NULL, 0, 0, NULL, NULL, NULL),
(6, 1, 2017, 0, 4, NULL, 8, NULL, NULL, NULL, 1, 0, NULL, NULL, NULL),
(6, 1, 2018, 1, 4, NULL, NULL, NULL, NULL, NULL, 1, 0, NULL, NULL, NULL),
(6, 1, 2019, 2, 4, NULL, NULL, NULL, NULL, NULL, 1, 0, NULL, NULL, NULL),
(6, 1, 2020, 3, 4, NULL, NULL, NULL, NULL, NULL, 1, 0, NULL, NULL, NULL),
(6, 1, 2021, 4, 4, NULL, NULL, NULL, NULL, NULL, 1, 0, NULL, NULL, NULL),
(6, 1, 2022, 5, 4, NULL, NULL, NULL, NULL, NULL, 0, 0, NULL, NULL, NULL),
(6, 1, 2023, 6, 4, NULL, NULL, NULL, NULL, NULL, 0, 0, NULL, NULL, NULL),
(6, 1, 2024, 7, 4, NULL, NULL, NULL, NULL, NULL, 0, 0, NULL, NULL, NULL),
(6, 1, 2025, 8, 4, NULL, NULL, NULL, NULL, NULL, 0, 0, NULL, NULL, NULL),
(6, 1, 2026, 9, 4, NULL, NULL, NULL, NULL, NULL, 1, 0, NULL, NULL, NULL),
(6, 1, 2027, 10, 4, NULL, NULL, NULL, NULL, NULL, 1, 0, NULL, NULL, NULL),
(6, 1, 2028, 11, 4, NULL, NULL, NULL, NULL, NULL, 0, 0, NULL, NULL, NULL),
(6, 1, 2029, 12, 4, NULL, NULL, NULL, NULL, NULL, 0, 0, NULL, NULL, NULL),
(6, 1, 2030, 13, 4, NULL, NULL, NULL, NULL, NULL, 0, 0, NULL, NULL, NULL),
(6, 1, 2031, 14, 4, NULL, NULL, NULL, NULL, NULL, 0, 0, NULL, NULL, NULL),
(6, 1, 2032, 15, 4, NULL, NULL, NULL, NULL, NULL, 1, 0, NULL, NULL, NULL),
(6, 1, 2033, 16, 4, NULL, 9, NULL, NULL, NULL, 1, 0, NULL, NULL, NULL),
(6, 1, 2034, 17, 4, NULL, NULL, NULL, NULL, NULL, 1, 0, NULL, NULL, NULL),
(6, 1, 2035, 18, 4, NULL, NULL, NULL, NULL, NULL, 0, 0, NULL, NULL, NULL),
(6, 1, 2036, 19, 4, NULL, NULL, NULL, NULL, NULL, 0, 0, NULL, NULL, NULL),
(6, 1, 2037, 20, 4, NULL, NULL, NULL, NULL, NULL, 0, 0, NULL, NULL, NULL),
(6, 1, 2038, 21, 4, NULL, NULL, NULL, NULL, NULL, 1, 0, NULL, NULL, NULL),
(6, 1, 2039, 22, 4, NULL, NULL, NULL, NULL, NULL, 1, 0, NULL, NULL, NULL),
(6, 1, 2040, 23, 4, NULL, NULL, NULL, NULL, NULL, 1, 0, NULL, NULL, NULL),
(6, 1, 2041, 0, 5, NULL, NULL, NULL, NULL, NULL, 1, 0, NULL, NULL, NULL),
(6, 1, 2042, 1, 5, NULL, NULL, NULL, NULL, NULL, 0, 0, NULL, NULL, NULL),
(6, 1, 2043, 2, 5, NULL, NULL, NULL, NULL, NULL, 0, 0, NULL, NULL, NULL),
(6, 1, 2044, 3, 5, NULL, NULL, NULL, NULL, NULL, 0, 0, NULL, NULL, NULL),
(6, 1, 2045, 4, 5, NULL, NULL, NULL, NULL, NULL, 0, 0, NULL, NULL, NULL),
(6, 1, 2046, 5, 5, NULL, NULL, NULL, NULL, NULL, 0, 0, NULL, NULL, NULL),
(6, 1, 2047, 6, 5, NULL, NULL, NULL, NULL, NULL, 0, 0, NULL, NULL, NULL),
(6, 1, 2048, 7, 5, NULL, NULL, NULL, NULL, NULL, 0, 0, NULL, NULL, NULL),
(6, 1, 2049, 8, 5, NULL, NULL, NULL, NULL, NULL, 0, 0, NULL, NULL, NULL),
(6, 1, 2050, 9, 5, NULL, NULL, NULL, NULL, NULL, 0, 0, NULL, NULL, NULL),
(6, 1, 2051, 10, 5, NULL, NULL, NULL, NULL, NULL, 1, 0, NULL, NULL, NULL),
(6, 1, 2052, 11, 5, NULL, NULL, NULL, NULL, NULL, 0, 0, NULL, NULL, NULL),
(6, 1, 2053, 12, 5, NULL, NULL, NULL, NULL, NULL, 0, 0, NULL, NULL, NULL),
(6, 1, 2054, 13, 5, NULL, NULL, NULL, NULL, NULL, 0, 0, NULL, NULL, NULL),
(6, 1, 2055, 14, 5, NULL, NULL, NULL, NULL, NULL, 0, 0, NULL, NULL, NULL),
(6, 1, 2056, 15, 5, NULL, NULL, NULL, NULL, NULL, 0, 0, NULL, NULL, NULL),
(6, 1, 2057, 16, 5, NULL, NULL, NULL, NULL, NULL, 0, 0, NULL, NULL, NULL),
(6, 1, 2058, 17, 5, NULL, NULL, NULL, NULL, NULL, 0, 0, NULL, NULL, NULL),
(6, 1, 2059, 18, 5, NULL, NULL, NULL, NULL, NULL, 0, 0, NULL, NULL, NULL),
(6, 1, 2060, 19, 5, NULL, NULL, NULL, NULL, NULL, 0, 0, NULL, NULL, NULL),
(6, 1, 2061, 20, 5, NULL, NULL, NULL, NULL, NULL, 0, 0, NULL, NULL, NULL),
(6, 1, 2062, 21, 5, NULL, NULL, NULL, NULL, NULL, 1, 0, NULL, NULL, NULL),
(6, 1, 2063, 22, 5, NULL, NULL, NULL, NULL, NULL, 0, 0, NULL, NULL, NULL);
INSERT INTO `carte_carreau` (`carte_id`, `carreau_id`, `id`, `abscisse`, `ordonnee`, `joueur_id`, `monstre_carreau_id`, `target_map_id`, `pnj_id`, `target_wrap`, `is_usable`, `is_wrap`, `action_id`, `boss_id`, `wrap_id`) VALUES
(6, 1, 2064, 23, 5, NULL, NULL, NULL, NULL, NULL, 0, 0, NULL, NULL, NULL),
(6, 1, 2065, 0, 6, NULL, NULL, NULL, NULL, NULL, 1, 0, NULL, NULL, NULL),
(6, 1, 2066, 1, 6, NULL, NULL, NULL, NULL, NULL, 0, 0, NULL, NULL, NULL),
(6, 1, 2067, 2, 6, NULL, NULL, NULL, NULL, NULL, 0, 0, NULL, NULL, NULL),
(6, 1, 2068, 3, 6, NULL, NULL, NULL, NULL, NULL, 0, 0, NULL, NULL, NULL),
(6, 1, 2069, 4, 6, NULL, NULL, NULL, NULL, NULL, 0, 0, NULL, NULL, NULL),
(6, 1, 2070, 5, 6, NULL, NULL, NULL, NULL, NULL, 0, 0, NULL, NULL, NULL),
(6, 1, 2071, 6, 6, NULL, NULL, NULL, NULL, NULL, 0, 0, NULL, NULL, NULL),
(6, 1, 2072, 7, 6, NULL, NULL, NULL, NULL, NULL, 0, 0, NULL, NULL, NULL),
(6, 1, 2073, 8, 6, NULL, NULL, NULL, NULL, NULL, 0, 0, NULL, NULL, NULL),
(6, 1, 2074, 9, 6, NULL, NULL, NULL, NULL, NULL, 0, 0, NULL, NULL, NULL),
(6, 1, 2075, 10, 6, 4, NULL, NULL, NULL, NULL, 1, 0, NULL, NULL, NULL),
(6, 1, 2076, 11, 6, NULL, NULL, NULL, NULL, NULL, 0, 0, NULL, NULL, NULL),
(6, 1, 2077, 12, 6, NULL, NULL, NULL, NULL, NULL, 0, 0, NULL, NULL, NULL),
(6, 1, 2078, 13, 6, NULL, NULL, NULL, NULL, NULL, 0, 0, NULL, NULL, NULL),
(6, 1, 2079, 14, 6, NULL, NULL, NULL, NULL, NULL, 0, 0, NULL, NULL, NULL),
(6, 1, 2080, 15, 6, NULL, NULL, NULL, NULL, NULL, 0, 0, NULL, NULL, NULL),
(6, 1, 2081, 16, 6, NULL, NULL, NULL, NULL, NULL, 0, 0, NULL, NULL, NULL),
(6, 1, 2082, 17, 6, NULL, NULL, NULL, NULL, NULL, 0, 0, NULL, NULL, NULL),
(6, 1, 2083, 18, 6, NULL, NULL, NULL, NULL, NULL, 0, 0, NULL, NULL, NULL),
(6, 1, 2084, 19, 6, NULL, NULL, NULL, NULL, NULL, 0, 0, NULL, NULL, NULL),
(6, 1, 2085, 20, 6, NULL, NULL, NULL, NULL, NULL, 1, 0, NULL, NULL, NULL),
(6, 1, 2086, 21, 6, NULL, NULL, NULL, NULL, NULL, 1, 0, NULL, NULL, NULL),
(6, 1, 2087, 22, 6, NULL, NULL, NULL, NULL, NULL, 0, 0, NULL, NULL, NULL),
(6, 1, 2088, 23, 6, NULL, NULL, NULL, NULL, NULL, 0, 0, NULL, NULL, NULL),
(6, 1, 2089, 0, 7, NULL, NULL, NULL, NULL, NULL, 1, 0, NULL, NULL, NULL),
(6, 1, 2090, 1, 7, NULL, NULL, NULL, NULL, NULL, 0, 0, NULL, NULL, NULL),
(6, 1, 2091, 2, 7, NULL, NULL, NULL, NULL, NULL, 0, 0, NULL, NULL, NULL),
(6, 1, 2092, 3, 7, NULL, NULL, NULL, NULL, NULL, 0, 0, NULL, NULL, NULL),
(6, 1, 2093, 4, 7, NULL, NULL, NULL, NULL, NULL, 0, 0, NULL, NULL, NULL),
(6, 1, 2094, 5, 7, NULL, NULL, NULL, NULL, NULL, 0, 0, NULL, NULL, NULL),
(6, 1, 2095, 6, 7, NULL, NULL, NULL, NULL, NULL, 0, 0, NULL, NULL, NULL),
(6, 1, 2096, 7, 7, NULL, NULL, NULL, NULL, NULL, 0, 0, NULL, NULL, NULL),
(6, 1, 2097, 8, 7, NULL, NULL, NULL, NULL, NULL, 0, 0, NULL, NULL, NULL),
(6, 1, 2098, 9, 7, NULL, NULL, NULL, NULL, NULL, 0, 0, NULL, NULL, NULL),
(6, 1, 2099, 10, 7, NULL, NULL, NULL, NULL, NULL, 1, 0, NULL, NULL, NULL),
(6, 1, 2100, 11, 7, NULL, NULL, NULL, NULL, NULL, 0, 0, NULL, NULL, NULL),
(6, 1, 2101, 12, 7, NULL, NULL, NULL, NULL, NULL, 0, 0, NULL, NULL, NULL),
(6, 1, 2102, 13, 7, NULL, NULL, NULL, NULL, NULL, 0, 0, NULL, NULL, NULL),
(6, 1, 2103, 14, 7, NULL, NULL, NULL, NULL, NULL, 0, 0, NULL, NULL, NULL),
(6, 1, 2104, 15, 7, NULL, NULL, NULL, NULL, NULL, 0, 0, NULL, NULL, NULL),
(6, 1, 2105, 16, 7, NULL, NULL, NULL, NULL, NULL, 0, 0, NULL, NULL, NULL),
(6, 1, 2106, 17, 7, NULL, NULL, NULL, NULL, NULL, 0, 0, NULL, NULL, NULL),
(6, 1, 2107, 18, 7, NULL, NULL, NULL, NULL, NULL, 0, 0, NULL, NULL, NULL),
(6, 1, 2108, 19, 7, NULL, NULL, NULL, NULL, NULL, 0, 0, NULL, NULL, NULL),
(6, 1, 2109, 20, 7, NULL, NULL, NULL, NULL, NULL, 0, 0, NULL, NULL, NULL),
(6, 1, 2110, 21, 7, NULL, NULL, NULL, NULL, NULL, 1, 0, NULL, NULL, NULL),
(6, 1, 2111, 22, 7, NULL, NULL, NULL, NULL, NULL, 0, 0, NULL, NULL, NULL),
(6, 1, 2112, 23, 7, NULL, NULL, NULL, NULL, NULL, 0, 0, NULL, NULL, NULL),
(6, 1, 2113, 0, 8, NULL, NULL, NULL, NULL, NULL, 1, 0, NULL, NULL, NULL),
(6, 1, 2114, 1, 8, NULL, NULL, NULL, NULL, NULL, 0, 0, NULL, NULL, NULL),
(6, 1, 2115, 2, 8, NULL, NULL, NULL, NULL, NULL, 0, 0, NULL, NULL, NULL),
(6, 1, 2116, 3, 8, NULL, NULL, NULL, NULL, NULL, 0, 0, NULL, NULL, NULL),
(6, 1, 2117, 4, 8, NULL, NULL, NULL, NULL, NULL, 0, 0, NULL, NULL, NULL),
(6, 1, 2118, 5, 8, NULL, NULL, NULL, NULL, NULL, 0, 0, NULL, NULL, NULL),
(6, 1, 2119, 6, 8, NULL, NULL, NULL, NULL, NULL, 0, 0, NULL, NULL, NULL),
(6, 1, 2120, 7, 8, NULL, NULL, NULL, NULL, NULL, 0, 0, NULL, NULL, NULL),
(6, 1, 2121, 8, 8, NULL, NULL, NULL, NULL, NULL, 0, 0, NULL, NULL, NULL),
(6, 1, 2122, 9, 8, NULL, NULL, NULL, NULL, NULL, 1, 0, NULL, NULL, NULL),
(6, 1, 2123, 10, 8, NULL, NULL, NULL, NULL, NULL, 1, 0, NULL, NULL, NULL),
(6, 1, 2124, 11, 8, NULL, NULL, NULL, NULL, NULL, 1, 0, NULL, NULL, NULL),
(6, 1, 2125, 12, 8, NULL, NULL, NULL, NULL, NULL, 0, 0, NULL, NULL, NULL),
(6, 1, 2126, 13, 8, NULL, NULL, NULL, NULL, NULL, 0, 0, NULL, NULL, NULL),
(6, 1, 2127, 14, 8, NULL, NULL, NULL, NULL, NULL, 0, 0, NULL, NULL, NULL),
(6, 1, 2128, 15, 8, NULL, NULL, NULL, NULL, NULL, 0, 0, NULL, NULL, NULL),
(6, 1, 2129, 16, 8, NULL, NULL, NULL, NULL, NULL, 0, 0, NULL, NULL, NULL),
(6, 1, 2130, 17, 8, NULL, NULL, NULL, NULL, NULL, 0, 0, NULL, NULL, NULL),
(6, 1, 2131, 18, 8, NULL, NULL, NULL, NULL, NULL, 0, 0, NULL, NULL, NULL),
(6, 1, 2132, 19, 8, NULL, NULL, NULL, NULL, NULL, 0, 0, NULL, NULL, NULL),
(6, 1, 2133, 20, 8, NULL, NULL, NULL, NULL, NULL, 0, 0, NULL, NULL, NULL),
(6, 1, 2134, 21, 8, NULL, NULL, NULL, NULL, NULL, 1, 0, NULL, NULL, NULL),
(6, 1, 2135, 22, 8, NULL, NULL, NULL, NULL, NULL, 0, 0, NULL, NULL, NULL),
(6, 1, 2136, 23, 8, NULL, NULL, NULL, NULL, NULL, 0, 0, NULL, NULL, NULL),
(6, 1, 2137, 0, 9, NULL, NULL, NULL, NULL, NULL, 1, 0, NULL, NULL, NULL),
(6, 1, 2138, 1, 9, NULL, NULL, NULL, NULL, NULL, 0, 0, NULL, NULL, NULL),
(6, 1, 2139, 2, 9, NULL, NULL, NULL, NULL, NULL, 0, 0, NULL, NULL, NULL),
(6, 1, 2140, 3, 9, NULL, NULL, NULL, NULL, NULL, 0, 0, NULL, NULL, NULL),
(6, 1, 2141, 4, 9, NULL, NULL, NULL, NULL, NULL, 0, 0, NULL, NULL, NULL),
(6, 1, 2142, 5, 9, NULL, NULL, NULL, NULL, NULL, 0, 0, NULL, NULL, NULL),
(6, 1, 2143, 6, 9, NULL, NULL, NULL, NULL, NULL, 0, 0, NULL, NULL, NULL),
(6, 1, 2144, 7, 9, NULL, NULL, NULL, NULL, NULL, 0, 0, NULL, NULL, NULL),
(6, 1, 2145, 8, 9, NULL, NULL, NULL, NULL, NULL, 0, 0, NULL, NULL, NULL),
(6, 1, 2146, 9, 9, NULL, NULL, NULL, NULL, NULL, 1, 0, NULL, NULL, NULL),
(6, 1, 2147, 10, 9, NULL, NULL, NULL, NULL, NULL, 1, 0, NULL, NULL, NULL),
(6, 1, 2148, 11, 9, NULL, NULL, NULL, NULL, NULL, 1, 0, NULL, NULL, NULL),
(6, 1, 2149, 12, 9, NULL, NULL, NULL, NULL, NULL, 0, 0, NULL, NULL, NULL),
(6, 1, 2150, 13, 9, NULL, NULL, NULL, NULL, NULL, 0, 0, NULL, NULL, NULL),
(6, 1, 2151, 14, 9, NULL, NULL, NULL, NULL, NULL, 0, 0, NULL, NULL, NULL),
(6, 1, 2152, 15, 9, NULL, NULL, NULL, NULL, NULL, 0, 0, NULL, NULL, NULL),
(6, 1, 2153, 16, 9, NULL, NULL, NULL, NULL, NULL, 0, 0, NULL, NULL, NULL),
(6, 1, 2154, 17, 9, NULL, NULL, NULL, NULL, NULL, 0, 0, NULL, NULL, NULL),
(6, 1, 2155, 18, 9, NULL, NULL, NULL, NULL, NULL, 0, 0, NULL, NULL, NULL),
(6, 1, 2156, 19, 9, NULL, NULL, NULL, NULL, NULL, 0, 0, NULL, NULL, NULL),
(6, 1, 2157, 20, 9, NULL, NULL, NULL, NULL, NULL, 0, 0, NULL, NULL, NULL),
(6, 1, 2158, 21, 9, NULL, NULL, NULL, NULL, NULL, 1, 0, NULL, NULL, NULL),
(6, 1, 2159, 22, 9, NULL, NULL, NULL, NULL, NULL, 0, 0, NULL, NULL, NULL),
(6, 1, 2160, 23, 9, NULL, NULL, NULL, NULL, NULL, 0, 0, NULL, NULL, NULL),
(6, 1, 2161, 0, 10, NULL, NULL, NULL, NULL, NULL, 1, 0, NULL, NULL, NULL),
(6, 1, 2162, 1, 10, NULL, NULL, NULL, NULL, NULL, 0, 0, NULL, NULL, NULL),
(6, 1, 2163, 2, 10, NULL, NULL, NULL, NULL, NULL, 0, 0, NULL, NULL, NULL),
(6, 1, 2164, 3, 10, NULL, NULL, NULL, NULL, NULL, 0, 0, NULL, NULL, NULL),
(6, 1, 2165, 4, 10, NULL, NULL, NULL, NULL, NULL, 0, 0, NULL, NULL, NULL),
(6, 1, 2166, 5, 10, NULL, NULL, NULL, NULL, NULL, 0, 0, NULL, NULL, NULL),
(6, 1, 2167, 6, 10, NULL, NULL, NULL, NULL, NULL, 0, 0, NULL, NULL, NULL),
(6, 1, 2168, 7, 10, NULL, NULL, NULL, NULL, NULL, 0, 0, NULL, NULL, NULL),
(6, 1, 2169, 8, 10, NULL, NULL, NULL, NULL, NULL, 0, 0, NULL, NULL, NULL),
(6, 1, 2170, 9, 10, NULL, NULL, NULL, NULL, NULL, 1, 0, NULL, NULL, NULL),
(6, 1, 2171, 10, 10, NULL, NULL, NULL, NULL, NULL, 1, 0, NULL, NULL, NULL),
(6, 1, 2172, 11, 10, NULL, NULL, NULL, NULL, NULL, 1, 0, NULL, NULL, NULL),
(6, 1, 2173, 12, 10, NULL, NULL, NULL, NULL, NULL, 0, 0, NULL, NULL, NULL),
(6, 1, 2174, 13, 10, NULL, NULL, NULL, NULL, NULL, 0, 0, NULL, NULL, NULL),
(6, 1, 2175, 14, 10, NULL, NULL, NULL, NULL, NULL, 0, 0, NULL, NULL, NULL),
(6, 1, 2176, 15, 10, NULL, NULL, NULL, NULL, NULL, 0, 0, NULL, NULL, NULL),
(6, 1, 2177, 16, 10, NULL, NULL, NULL, NULL, NULL, 0, 0, NULL, NULL, NULL),
(6, 1, 2178, 17, 10, NULL, NULL, NULL, NULL, NULL, 0, 0, NULL, NULL, NULL),
(6, 1, 2179, 18, 10, NULL, NULL, NULL, NULL, NULL, 0, 0, NULL, NULL, NULL),
(6, 1, 2180, 19, 10, NULL, NULL, NULL, NULL, NULL, 0, 0, NULL, NULL, NULL),
(6, 1, 2181, 20, 10, NULL, NULL, NULL, NULL, NULL, 0, 0, NULL, NULL, NULL),
(6, 1, 2182, 21, 10, NULL, NULL, NULL, NULL, NULL, 1, 0, NULL, NULL, NULL),
(6, 1, 2183, 22, 10, NULL, NULL, NULL, NULL, NULL, 0, 0, NULL, NULL, NULL),
(6, 1, 2184, 23, 10, NULL, NULL, NULL, NULL, NULL, 0, 0, NULL, NULL, NULL),
(6, 1, 2185, 0, 11, NULL, NULL, NULL, NULL, NULL, 1, 0, NULL, NULL, NULL),
(6, 1, 2186, 1, 11, NULL, NULL, NULL, NULL, NULL, 0, 0, NULL, NULL, NULL),
(6, 1, 2187, 2, 11, NULL, NULL, NULL, NULL, NULL, 0, 0, NULL, NULL, NULL),
(6, 1, 2188, 3, 11, NULL, NULL, NULL, NULL, NULL, 0, 0, NULL, NULL, NULL),
(6, 1, 2189, 4, 11, NULL, NULL, NULL, NULL, NULL, 0, 0, NULL, NULL, NULL),
(6, 1, 2190, 5, 11, NULL, NULL, NULL, NULL, NULL, 0, 0, NULL, NULL, NULL),
(6, 1, 2191, 6, 11, NULL, NULL, NULL, NULL, NULL, 0, 0, NULL, NULL, NULL),
(6, 1, 2192, 7, 11, NULL, NULL, NULL, NULL, NULL, 0, 0, NULL, NULL, NULL),
(6, 1, 2193, 8, 11, NULL, NULL, NULL, NULL, NULL, 0, 0, NULL, NULL, NULL),
(6, 1, 2194, 9, 11, NULL, NULL, NULL, NULL, NULL, 0, 0, NULL, NULL, NULL),
(6, 1, 2195, 10, 11, NULL, NULL, NULL, NULL, NULL, 0, 0, NULL, NULL, NULL),
(6, 1, 2196, 11, 11, NULL, NULL, NULL, NULL, NULL, 0, 0, NULL, NULL, NULL),
(6, 1, 2197, 12, 11, NULL, NULL, NULL, NULL, NULL, 0, 0, NULL, NULL, NULL),
(6, 1, 2198, 13, 11, NULL, NULL, NULL, NULL, NULL, 0, 0, NULL, NULL, NULL),
(6, 1, 2199, 14, 11, NULL, NULL, NULL, NULL, NULL, 0, 0, NULL, NULL, NULL),
(6, 1, 2200, 15, 11, NULL, NULL, NULL, NULL, NULL, 0, 0, NULL, NULL, NULL),
(6, 1, 2201, 16, 11, NULL, NULL, NULL, NULL, NULL, 0, 0, NULL, NULL, NULL),
(6, 1, 2202, 17, 11, NULL, NULL, NULL, NULL, NULL, 0, 0, NULL, NULL, NULL),
(6, 1, 2203, 18, 11, NULL, NULL, NULL, NULL, NULL, 0, 0, NULL, NULL, NULL),
(6, 1, 2204, 19, 11, NULL, NULL, NULL, NULL, NULL, 0, 0, NULL, NULL, NULL),
(6, 1, 2205, 20, 11, NULL, NULL, NULL, NULL, NULL, 0, 0, NULL, NULL, NULL),
(6, 1, 2206, 21, 11, NULL, NULL, NULL, NULL, NULL, 1, 0, NULL, NULL, NULL),
(6, 1, 2207, 22, 11, NULL, NULL, NULL, NULL, NULL, 0, 0, NULL, NULL, NULL),
(6, 1, 2208, 23, 11, NULL, NULL, NULL, NULL, NULL, 0, 0, NULL, NULL, NULL),
(6, 1, 2209, 0, 12, NULL, NULL, NULL, NULL, NULL, 1, 0, NULL, NULL, NULL),
(6, 1, 2210, 1, 12, NULL, NULL, NULL, NULL, NULL, 0, 0, NULL, NULL, NULL),
(6, 1, 2211, 2, 12, NULL, NULL, NULL, NULL, NULL, 0, 0, NULL, NULL, NULL),
(6, 1, 2212, 3, 12, NULL, NULL, NULL, NULL, NULL, 0, 0, NULL, NULL, NULL),
(6, 1, 2213, 4, 12, NULL, NULL, NULL, NULL, NULL, 0, 0, NULL, NULL, NULL),
(6, 1, 2214, 5, 12, NULL, NULL, NULL, NULL, NULL, 1, 0, NULL, NULL, NULL),
(6, 1, 2215, 6, 12, NULL, NULL, NULL, NULL, NULL, 0, 0, NULL, NULL, NULL),
(6, 1, 2216, 7, 12, NULL, NULL, NULL, NULL, NULL, 0, 0, NULL, NULL, NULL),
(6, 1, 2217, 8, 12, NULL, NULL, NULL, NULL, NULL, 0, 0, NULL, NULL, NULL),
(6, 1, 2218, 9, 12, NULL, NULL, NULL, NULL, NULL, 0, 0, NULL, NULL, NULL),
(6, 1, 2219, 10, 12, NULL, NULL, NULL, NULL, NULL, 0, 0, NULL, NULL, NULL),
(6, 1, 2220, 11, 12, NULL, NULL, NULL, NULL, NULL, 0, 0, NULL, NULL, NULL),
(6, 1, 2221, 12, 12, NULL, NULL, NULL, NULL, NULL, 0, 0, NULL, NULL, NULL),
(6, 1, 2222, 13, 12, NULL, NULL, NULL, NULL, NULL, 0, 0, NULL, NULL, NULL),
(6, 1, 2223, 14, 12, NULL, NULL, NULL, NULL, NULL, 0, 0, NULL, NULL, NULL),
(6, 1, 2224, 15, 12, NULL, NULL, NULL, NULL, NULL, 0, 0, NULL, NULL, NULL),
(6, 1, 2225, 16, 12, NULL, NULL, NULL, NULL, NULL, 0, 0, NULL, NULL, NULL),
(6, 1, 2226, 17, 12, NULL, NULL, NULL, NULL, NULL, 0, 0, NULL, NULL, NULL),
(6, 1, 2227, 18, 12, NULL, NULL, NULL, NULL, NULL, 0, 0, NULL, NULL, NULL),
(6, 1, 2228, 19, 12, NULL, NULL, NULL, NULL, NULL, 1, 0, NULL, NULL, NULL),
(6, 1, 2229, 20, 12, NULL, NULL, NULL, NULL, NULL, 0, 0, NULL, NULL, NULL),
(6, 1, 2230, 21, 12, NULL, NULL, NULL, NULL, NULL, 1, 0, NULL, NULL, NULL),
(6, 1, 2231, 22, 12, NULL, NULL, NULL, NULL, NULL, 0, 0, NULL, NULL, NULL),
(6, 1, 2232, 23, 12, NULL, NULL, NULL, NULL, NULL, 0, 0, NULL, NULL, NULL),
(6, 1, 2233, 0, 13, NULL, NULL, NULL, NULL, NULL, 1, 0, NULL, NULL, NULL),
(6, 1, 2234, 1, 13, NULL, NULL, NULL, NULL, NULL, 1, 0, NULL, NULL, NULL),
(6, 1, 2235, 2, 13, NULL, NULL, NULL, NULL, NULL, 1, 0, NULL, NULL, NULL),
(6, 1, 2236, 3, 13, NULL, NULL, NULL, NULL, NULL, 1, 0, NULL, NULL, NULL),
(6, 1, 2237, 4, 13, NULL, NULL, NULL, NULL, NULL, 1, 0, NULL, NULL, NULL),
(6, 1, 2238, 5, 13, NULL, NULL, NULL, NULL, NULL, 1, 0, NULL, NULL, NULL),
(6, 1, 2239, 6, 13, NULL, NULL, NULL, NULL, NULL, 0, 0, NULL, NULL, NULL),
(6, 1, 2240, 7, 13, NULL, NULL, NULL, NULL, NULL, 1, 0, NULL, NULL, NULL),
(6, 1, 2241, 8, 13, NULL, NULL, NULL, NULL, NULL, 0, 0, NULL, NULL, NULL),
(6, 1, 2242, 9, 13, NULL, NULL, NULL, NULL, NULL, 1, 0, NULL, NULL, NULL),
(6, 1, 2243, 10, 13, NULL, NULL, NULL, NULL, NULL, 1, 0, NULL, NULL, NULL),
(6, 1, 2244, 11, 13, NULL, NULL, NULL, NULL, NULL, 1, 0, NULL, NULL, NULL),
(6, 1, 2245, 12, 13, NULL, NULL, NULL, NULL, NULL, 1, 0, NULL, NULL, NULL),
(6, 1, 2246, 13, 13, NULL, NULL, NULL, NULL, NULL, 1, 0, NULL, NULL, NULL),
(6, 1, 2247, 14, 13, NULL, NULL, NULL, NULL, NULL, 1, 0, NULL, NULL, NULL),
(6, 1, 2248, 15, 13, NULL, NULL, NULL, NULL, NULL, 1, 0, NULL, NULL, NULL),
(6, 1, 2249, 16, 13, NULL, NULL, NULL, NULL, NULL, 0, 0, NULL, NULL, NULL),
(6, 1, 2250, 17, 13, NULL, NULL, NULL, NULL, NULL, 0, 0, NULL, NULL, NULL),
(6, 1, 2251, 18, 13, NULL, NULL, NULL, NULL, NULL, 0, 0, NULL, NULL, NULL),
(6, 1, 2252, 19, 13, NULL, NULL, NULL, NULL, NULL, 1, 0, NULL, NULL, NULL),
(6, 1, 2253, 20, 13, NULL, NULL, NULL, NULL, NULL, 1, 0, NULL, NULL, NULL),
(6, 1, 2254, 21, 13, NULL, NULL, NULL, NULL, NULL, 1, 0, NULL, NULL, NULL),
(6, 1, 2255, 22, 13, NULL, NULL, NULL, NULL, NULL, 1, 0, NULL, NULL, NULL),
(6, 1, 2256, 23, 13, NULL, NULL, NULL, NULL, NULL, 0, 0, NULL, NULL, NULL),
(6, 1, 2257, 0, 14, NULL, NULL, NULL, NULL, NULL, 1, 0, NULL, NULL, NULL),
(6, 1, 2258, 1, 14, NULL, NULL, NULL, NULL, NULL, 1, 0, NULL, NULL, NULL),
(6, 1, 2259, 2, 14, NULL, NULL, NULL, NULL, NULL, 1, 0, NULL, NULL, NULL),
(6, 1, 2260, 3, 14, NULL, NULL, NULL, NULL, NULL, 1, 0, NULL, NULL, NULL),
(6, 1, 2261, 4, 14, NULL, NULL, NULL, NULL, NULL, 0, 0, NULL, NULL, NULL),
(6, 1, 2262, 5, 14, NULL, NULL, NULL, NULL, NULL, 0, 0, NULL, NULL, NULL),
(6, 1, 2263, 6, 14, NULL, NULL, NULL, NULL, NULL, 1, 0, NULL, NULL, NULL),
(6, 1, 2264, 7, 14, NULL, NULL, NULL, NULL, NULL, 1, 0, NULL, NULL, NULL),
(6, 1, 2265, 8, 14, NULL, NULL, NULL, NULL, NULL, 1, 0, NULL, NULL, NULL),
(6, 1, 2266, 9, 14, NULL, NULL, NULL, NULL, NULL, 1, 0, NULL, NULL, NULL),
(6, 1, 2267, 10, 14, NULL, NULL, NULL, NULL, NULL, 1, 0, NULL, NULL, NULL),
(6, 1, 2268, 11, 14, NULL, NULL, NULL, NULL, NULL, 1, 0, NULL, NULL, NULL),
(6, 1, 2269, 12, 14, NULL, NULL, NULL, NULL, NULL, 1, 0, NULL, NULL, NULL),
(6, 1, 2270, 13, 14, NULL, NULL, NULL, NULL, NULL, 1, 0, NULL, NULL, NULL),
(6, 1, 2271, 14, 14, NULL, NULL, NULL, NULL, NULL, 1, 0, NULL, NULL, NULL),
(6, 1, 2272, 15, 14, NULL, NULL, NULL, NULL, NULL, 1, 0, NULL, NULL, NULL),
(6, 1, 2273, 16, 14, NULL, NULL, NULL, NULL, NULL, 0, 0, NULL, NULL, NULL),
(6, 1, 2274, 17, 14, NULL, NULL, NULL, NULL, NULL, 0, 0, NULL, NULL, NULL),
(6, 1, 2275, 18, 14, NULL, NULL, NULL, NULL, NULL, 1, 0, NULL, NULL, NULL),
(6, 1, 2276, 19, 14, NULL, NULL, NULL, NULL, NULL, 1, 0, NULL, NULL, NULL),
(6, 1, 2277, 20, 14, NULL, NULL, NULL, NULL, NULL, 0, 0, NULL, NULL, NULL),
(6, 1, 2278, 21, 14, NULL, NULL, NULL, NULL, NULL, 1, 0, NULL, NULL, NULL),
(6, 1, 2279, 22, 14, NULL, NULL, NULL, NULL, NULL, 1, 0, NULL, NULL, NULL),
(6, 1, 2280, 23, 14, NULL, NULL, NULL, NULL, NULL, 1, 0, NULL, NULL, NULL),
(6, 1, 2281, 0, 15, NULL, NULL, NULL, NULL, NULL, 1, 0, NULL, NULL, NULL),
(6, 1, 2282, 1, 15, NULL, NULL, NULL, NULL, NULL, 1, 0, NULL, NULL, NULL),
(6, 1, 2283, 2, 15, NULL, NULL, NULL, NULL, NULL, 0, 0, NULL, NULL, NULL),
(6, 1, 2284, 3, 15, NULL, NULL, NULL, NULL, NULL, 0, 0, NULL, NULL, NULL),
(6, 1, 2285, 4, 15, NULL, NULL, NULL, NULL, NULL, 0, 0, NULL, NULL, NULL),
(6, 1, 2286, 5, 15, NULL, NULL, NULL, NULL, NULL, 0, 0, NULL, NULL, NULL),
(6, 1, 2287, 6, 15, NULL, NULL, NULL, NULL, NULL, 1, 0, NULL, NULL, NULL),
(6, 1, 2288, 7, 15, NULL, 10, NULL, NULL, NULL, 1, 0, NULL, NULL, NULL),
(6, 1, 2289, 8, 15, NULL, NULL, NULL, NULL, NULL, 1, 0, NULL, NULL, NULL),
(6, 1, 2290, 9, 15, NULL, NULL, 7, NULL, 2314, 0, 1, NULL, NULL, 1),
(6, 1, 2291, 10, 15, NULL, NULL, NULL, NULL, NULL, 0, 0, NULL, NULL, NULL),
(6, 1, 2292, 11, 15, NULL, NULL, NULL, NULL, NULL, 0, 0, NULL, NULL, NULL),
(6, 1, 2293, 12, 15, NULL, NULL, NULL, NULL, NULL, 0, 0, NULL, NULL, NULL),
(6, 1, 2294, 13, 15, NULL, NULL, NULL, NULL, NULL, 1, 0, NULL, NULL, NULL),
(6, 1, 2295, 14, 15, NULL, NULL, NULL, NULL, NULL, 1, 0, NULL, NULL, NULL),
(6, 1, 2296, 15, 15, NULL, NULL, NULL, NULL, NULL, 1, 0, NULL, NULL, NULL),
(6, 1, 2297, 16, 15, NULL, NULL, NULL, NULL, NULL, 1, 0, NULL, NULL, NULL),
(6, 1, 2298, 17, 15, NULL, NULL, NULL, NULL, NULL, 1, 0, NULL, NULL, NULL),
(6, 1, 2299, 18, 15, NULL, NULL, NULL, NULL, NULL, 1, 0, NULL, NULL, NULL),
(6, 1, 2300, 19, 15, NULL, NULL, NULL, NULL, NULL, 1, 0, NULL, NULL, NULL),
(6, 1, 2301, 20, 15, NULL, NULL, NULL, NULL, NULL, 1, 0, NULL, NULL, NULL),
(6, 1, 2302, 21, 15, NULL, NULL, NULL, NULL, NULL, 1, 0, NULL, NULL, NULL),
(6, 1, 2303, 22, 15, NULL, NULL, NULL, NULL, NULL, 1, 0, NULL, NULL, NULL),
(6, 1, 2304, 23, 15, NULL, NULL, 3, NULL, 1105, 0, 1, NULL, NULL, 1),
(7, 1, 2305, 0, 0, NULL, NULL, NULL, NULL, NULL, 1, 0, NULL, NULL, NULL),
(7, 1, 2306, 1, 0, NULL, NULL, NULL, NULL, NULL, 1, 0, NULL, NULL, NULL),
(7, 1, 2307, 2, 0, NULL, NULL, NULL, NULL, NULL, 1, 0, NULL, NULL, NULL),
(7, 1, 2308, 3, 0, NULL, NULL, NULL, NULL, NULL, 1, 0, NULL, NULL, NULL),
(7, 1, 2309, 4, 0, NULL, NULL, NULL, NULL, NULL, 1, 0, NULL, NULL, NULL),
(7, 1, 2310, 5, 0, NULL, NULL, NULL, NULL, NULL, 1, 0, NULL, NULL, NULL),
(7, 1, 2311, 6, 0, NULL, NULL, NULL, NULL, NULL, 1, 0, NULL, NULL, NULL),
(7, 1, 2312, 7, 0, NULL, NULL, NULL, NULL, NULL, 1, 0, NULL, NULL, NULL),
(7, 1, 2313, 8, 0, NULL, NULL, NULL, NULL, NULL, 1, 0, NULL, NULL, NULL),
(7, 1, 2314, 9, 0, NULL, NULL, 6, NULL, 2290, 0, 1, NULL, NULL, 1),
(7, 1, 2315, 10, 0, NULL, NULL, NULL, NULL, NULL, 0, 0, NULL, NULL, NULL),
(7, 1, 2316, 11, 0, NULL, NULL, NULL, NULL, NULL, 0, 0, NULL, NULL, NULL),
(7, 1, 2317, 12, 0, NULL, NULL, NULL, NULL, NULL, 0, 0, NULL, NULL, NULL),
(7, 1, 2318, 13, 0, NULL, NULL, 6, NULL, 2291, 0, 1, NULL, NULL, 1),
(7, 1, 2319, 14, 0, NULL, NULL, NULL, NULL, NULL, 1, 0, NULL, NULL, NULL),
(7, 1, 2320, 15, 0, NULL, NULL, NULL, NULL, NULL, 1, 0, NULL, NULL, NULL),
(7, 1, 2321, 16, 0, NULL, NULL, NULL, NULL, NULL, 1, 0, NULL, NULL, NULL),
(7, 1, 2322, 17, 0, NULL, NULL, NULL, NULL, NULL, 1, 0, NULL, NULL, NULL),
(7, 1, 2323, 18, 0, NULL, NULL, NULL, NULL, NULL, 1, 0, NULL, NULL, NULL),
(7, 1, 2324, 19, 0, NULL, NULL, NULL, NULL, NULL, 1, 0, NULL, NULL, NULL),
(7, 1, 2325, 20, 0, NULL, NULL, NULL, NULL, NULL, 0, 0, NULL, NULL, NULL),
(7, 1, 2326, 21, 0, NULL, NULL, NULL, NULL, NULL, 1, 0, NULL, NULL, NULL),
(7, 1, 2327, 22, 0, NULL, NULL, NULL, NULL, NULL, 1, 0, NULL, NULL, NULL),
(7, 1, 2328, 23, 0, NULL, NULL, NULL, NULL, NULL, 1, 0, NULL, NULL, NULL),
(7, 1, 2329, 0, 1, NULL, NULL, NULL, NULL, NULL, 1, 0, NULL, NULL, NULL),
(7, 1, 2330, 1, 1, NULL, NULL, NULL, NULL, NULL, 1, 0, NULL, NULL, NULL),
(7, 1, 2331, 2, 1, NULL, NULL, NULL, NULL, NULL, 1, 0, NULL, NULL, NULL),
(7, 1, 2332, 3, 1, NULL, NULL, NULL, NULL, NULL, 1, 0, NULL, NULL, NULL),
(7, 1, 2333, 4, 1, NULL, NULL, NULL, NULL, NULL, 1, 0, NULL, NULL, NULL),
(7, 1, 2334, 5, 1, NULL, NULL, NULL, NULL, NULL, 1, 0, NULL, NULL, NULL),
(7, 1, 2335, 6, 1, NULL, NULL, NULL, NULL, NULL, 1, 0, NULL, NULL, NULL),
(7, 1, 2336, 7, 1, NULL, NULL, NULL, NULL, NULL, 0, 0, NULL, NULL, NULL),
(7, 1, 2337, 8, 1, NULL, NULL, NULL, NULL, NULL, 1, 0, NULL, NULL, NULL),
(7, 1, 2338, 9, 1, NULL, NULL, NULL, NULL, NULL, 1, 0, NULL, NULL, NULL),
(7, 1, 2339, 10, 1, NULL, NULL, NULL, NULL, NULL, 1, 0, NULL, NULL, NULL),
(7, 1, 2340, 11, 1, NULL, NULL, NULL, NULL, NULL, 1, 0, NULL, NULL, NULL),
(7, 1, 2341, 12, 1, NULL, NULL, NULL, NULL, NULL, 1, 0, NULL, NULL, NULL),
(7, 1, 2342, 13, 1, NULL, NULL, NULL, NULL, NULL, 1, 0, NULL, NULL, NULL),
(7, 1, 2343, 14, 1, NULL, NULL, NULL, NULL, NULL, 1, 0, NULL, NULL, NULL),
(7, 1, 2344, 15, 1, NULL, NULL, NULL, NULL, NULL, 1, 0, NULL, NULL, NULL),
(7, 1, 2345, 16, 1, NULL, NULL, NULL, NULL, NULL, 1, 0, NULL, NULL, NULL),
(7, 1, 2346, 17, 1, NULL, NULL, NULL, NULL, NULL, 1, 0, NULL, NULL, NULL),
(7, 1, 2347, 18, 1, NULL, NULL, NULL, NULL, NULL, 1, 0, NULL, NULL, NULL),
(7, 1, 2348, 19, 1, NULL, NULL, NULL, NULL, NULL, 1, 0, NULL, NULL, NULL),
(7, 1, 2349, 20, 1, NULL, NULL, NULL, NULL, NULL, 0, 0, NULL, NULL, NULL),
(7, 1, 2350, 21, 1, NULL, NULL, NULL, NULL, NULL, 0, 0, NULL, NULL, NULL),
(7, 1, 2351, 22, 1, NULL, NULL, NULL, NULL, NULL, 1, 0, NULL, NULL, NULL),
(7, 1, 2352, 23, 1, NULL, NULL, NULL, NULL, NULL, 1, 0, NULL, NULL, NULL),
(7, 1, 2353, 0, 2, NULL, NULL, NULL, NULL, NULL, 1, 0, NULL, NULL, NULL),
(7, 1, 2354, 1, 2, NULL, NULL, NULL, NULL, NULL, 1, 0, NULL, NULL, NULL),
(7, 1, 2355, 2, 2, NULL, NULL, NULL, NULL, NULL, 0, 0, NULL, NULL, NULL),
(7, 1, 2356, 3, 2, NULL, NULL, NULL, NULL, NULL, 1, 0, NULL, NULL, NULL),
(7, 1, 2357, 4, 2, NULL, NULL, NULL, NULL, NULL, 1, 0, NULL, NULL, NULL),
(7, 1, 2358, 5, 2, NULL, NULL, NULL, NULL, NULL, 0, 0, NULL, NULL, NULL),
(7, 1, 2359, 6, 2, NULL, NULL, NULL, NULL, NULL, 1, 0, NULL, NULL, NULL),
(7, 1, 2360, 7, 2, NULL, NULL, NULL, NULL, NULL, 0, 0, NULL, NULL, NULL),
(7, 1, 2361, 8, 2, NULL, NULL, NULL, NULL, NULL, 1, 0, NULL, NULL, NULL),
(7, 1, 2362, 9, 2, NULL, NULL, NULL, NULL, NULL, 1, 0, NULL, NULL, NULL),
(7, 1, 2363, 10, 2, NULL, NULL, NULL, NULL, NULL, 1, 0, NULL, NULL, NULL),
(7, 1, 2364, 11, 2, NULL, NULL, NULL, NULL, NULL, 1, 0, NULL, NULL, NULL),
(7, 1, 2365, 12, 2, NULL, NULL, NULL, NULL, NULL, 1, 0, NULL, NULL, NULL),
(7, 1, 2366, 13, 2, NULL, NULL, NULL, NULL, NULL, 0, 0, NULL, NULL, NULL),
(7, 1, 2367, 14, 2, NULL, NULL, NULL, NULL, NULL, 1, 0, NULL, NULL, NULL),
(7, 1, 2368, 15, 2, NULL, NULL, NULL, NULL, NULL, 1, 0, NULL, NULL, NULL),
(7, 1, 2369, 16, 2, NULL, NULL, NULL, NULL, NULL, 0, 0, NULL, NULL, NULL),
(7, 1, 2370, 17, 2, NULL, NULL, NULL, NULL, NULL, 1, 0, NULL, NULL, NULL),
(7, 1, 2371, 18, 2, NULL, NULL, NULL, NULL, NULL, 1, 0, NULL, NULL, NULL),
(7, 1, 2372, 19, 2, NULL, NULL, NULL, NULL, NULL, 1, 0, NULL, NULL, NULL),
(7, 1, 2373, 20, 2, NULL, NULL, NULL, NULL, NULL, 1, 0, NULL, NULL, NULL),
(7, 1, 2374, 21, 2, NULL, NULL, NULL, NULL, NULL, 1, 0, NULL, NULL, NULL),
(7, 1, 2375, 22, 2, NULL, NULL, NULL, NULL, NULL, 1, 0, NULL, NULL, NULL),
(7, 1, 2376, 23, 2, NULL, NULL, NULL, NULL, NULL, 1, 0, NULL, NULL, NULL),
(7, 1, 2377, 0, 3, NULL, NULL, NULL, NULL, NULL, 0, 0, NULL, NULL, NULL),
(7, 1, 2378, 1, 3, NULL, NULL, NULL, NULL, NULL, 0, 0, NULL, NULL, NULL),
(7, 1, 2379, 2, 3, NULL, NULL, NULL, NULL, NULL, 0, 0, NULL, NULL, NULL),
(7, 1, 2380, 3, 3, NULL, NULL, NULL, NULL, NULL, 1, 0, NULL, NULL, NULL),
(7, 1, 2381, 4, 3, NULL, NULL, NULL, NULL, NULL, 1, 0, NULL, NULL, NULL),
(7, 1, 2382, 5, 3, NULL, NULL, NULL, NULL, NULL, 0, 0, NULL, NULL, NULL),
(7, 1, 2383, 6, 3, NULL, NULL, NULL, NULL, NULL, 0, 0, NULL, NULL, NULL),
(7, 1, 2384, 7, 3, NULL, NULL, NULL, NULL, NULL, 0, 0, NULL, NULL, NULL),
(7, 1, 2385, 8, 3, NULL, NULL, NULL, NULL, NULL, 0, 0, NULL, NULL, NULL),
(7, 1, 2386, 9, 3, NULL, NULL, NULL, NULL, NULL, 1, 0, NULL, NULL, NULL),
(7, 1, 2387, 10, 3, NULL, NULL, NULL, NULL, NULL, 0, 0, NULL, NULL, NULL),
(7, 1, 2388, 11, 3, NULL, NULL, NULL, NULL, NULL, 0, 0, NULL, NULL, NULL),
(7, 1, 2389, 12, 3, NULL, NULL, NULL, NULL, NULL, 1, 0, NULL, NULL, NULL),
(7, 1, 2390, 13, 3, NULL, NULL, NULL, NULL, NULL, 0, 0, NULL, NULL, NULL),
(7, 1, 2391, 14, 3, NULL, NULL, NULL, NULL, NULL, 1, 0, NULL, NULL, NULL),
(7, 1, 2392, 15, 3, NULL, NULL, NULL, NULL, NULL, 1, 0, NULL, NULL, NULL),
(7, 1, 2393, 16, 3, NULL, NULL, NULL, NULL, NULL, 0, 0, NULL, NULL, NULL),
(7, 1, 2394, 17, 3, NULL, NULL, NULL, NULL, NULL, 1, 0, NULL, NULL, NULL),
(7, 1, 2395, 18, 3, NULL, NULL, NULL, NULL, NULL, 0, 0, NULL, NULL, NULL),
(7, 1, 2396, 19, 3, NULL, NULL, NULL, NULL, NULL, 0, 0, NULL, NULL, NULL),
(7, 1, 2397, 20, 3, NULL, NULL, NULL, NULL, NULL, 1, 0, NULL, NULL, NULL),
(7, 1, 2398, 21, 3, NULL, NULL, NULL, NULL, NULL, 1, 0, NULL, NULL, NULL),
(7, 1, 2399, 22, 3, NULL, NULL, NULL, NULL, NULL, 0, 0, NULL, NULL, NULL),
(7, 1, 2400, 23, 3, NULL, NULL, NULL, NULL, NULL, 0, 0, NULL, NULL, NULL),
(7, 1, 2401, 0, 4, NULL, NULL, NULL, NULL, NULL, 0, 0, NULL, NULL, NULL),
(7, 1, 2402, 1, 4, NULL, NULL, NULL, NULL, NULL, 0, 0, NULL, NULL, NULL),
(7, 1, 2403, 2, 4, NULL, NULL, NULL, NULL, NULL, 0, 0, NULL, NULL, NULL),
(7, 1, 2404, 3, 4, NULL, NULL, NULL, NULL, NULL, 0, 0, NULL, NULL, NULL),
(7, 1, 2405, 4, 4, NULL, NULL, NULL, NULL, NULL, 0, 0, NULL, NULL, NULL),
(7, 1, 2406, 5, 4, NULL, NULL, NULL, NULL, NULL, 0, 0, NULL, NULL, NULL),
(7, 1, 2407, 6, 4, NULL, NULL, NULL, NULL, NULL, 0, 0, NULL, NULL, NULL),
(7, 1, 2408, 7, 4, NULL, NULL, NULL, NULL, NULL, 0, 0, NULL, NULL, NULL),
(7, 1, 2409, 8, 4, NULL, NULL, NULL, NULL, NULL, 0, 0, NULL, NULL, NULL),
(7, 1, 2410, 9, 4, NULL, NULL, NULL, NULL, NULL, 1, 0, NULL, NULL, NULL),
(7, 1, 2411, 10, 4, NULL, NULL, NULL, NULL, NULL, 0, 0, NULL, NULL, NULL),
(7, 1, 2412, 11, 4, NULL, NULL, NULL, NULL, NULL, 0, 0, NULL, NULL, NULL),
(7, 1, 2413, 12, 4, NULL, NULL, NULL, NULL, NULL, 0, 0, NULL, NULL, NULL),
(7, 1, 2414, 13, 4, NULL, NULL, NULL, NULL, NULL, 0, 0, NULL, NULL, NULL),
(7, 1, 2415, 14, 4, NULL, NULL, NULL, NULL, NULL, 1, 0, NULL, NULL, NULL),
(7, 1, 2416, 15, 4, NULL, NULL, NULL, NULL, NULL, 0, 0, NULL, NULL, NULL),
(7, 1, 2417, 16, 4, NULL, NULL, NULL, NULL, NULL, 0, 0, NULL, NULL, NULL),
(7, 1, 2418, 17, 4, NULL, NULL, NULL, NULL, NULL, 0, 0, NULL, NULL, NULL),
(7, 1, 2419, 18, 4, NULL, NULL, NULL, NULL, NULL, 0, 0, NULL, NULL, NULL),
(7, 1, 2420, 19, 4, NULL, NULL, NULL, NULL, NULL, 0, 0, NULL, NULL, NULL),
(7, 1, 2421, 20, 4, NULL, NULL, NULL, NULL, NULL, 1, 0, NULL, NULL, NULL),
(7, 1, 2422, 21, 4, NULL, NULL, NULL, NULL, NULL, 1, 0, NULL, NULL, NULL),
(7, 1, 2423, 22, 4, NULL, NULL, NULL, NULL, NULL, 0, 0, NULL, NULL, NULL),
(7, 1, 2424, 23, 4, NULL, NULL, NULL, NULL, NULL, 0, 0, NULL, NULL, NULL),
(7, 1, 2425, 0, 5, NULL, NULL, NULL, NULL, NULL, 0, 0, NULL, NULL, NULL),
(7, 1, 2426, 1, 5, NULL, NULL, NULL, NULL, NULL, 1, 0, NULL, NULL, NULL),
(7, 1, 2427, 2, 5, NULL, NULL, NULL, NULL, NULL, 0, 0, NULL, NULL, NULL),
(7, 1, 2428, 3, 5, NULL, NULL, NULL, NULL, NULL, 0, 0, NULL, NULL, NULL),
(7, 1, 2429, 4, 5, NULL, NULL, NULL, NULL, NULL, 0, 0, NULL, NULL, NULL),
(7, 1, 2430, 5, 5, NULL, NULL, NULL, NULL, NULL, 0, 0, NULL, NULL, NULL),
(7, 1, 2431, 6, 5, NULL, NULL, NULL, NULL, NULL, 0, 0, NULL, NULL, NULL),
(7, 1, 2432, 7, 5, NULL, NULL, NULL, NULL, NULL, 0, 0, NULL, NULL, NULL),
(7, 1, 2433, 8, 5, NULL, NULL, NULL, NULL, NULL, 1, 0, NULL, NULL, NULL),
(7, 1, 2434, 9, 5, NULL, NULL, NULL, NULL, NULL, 1, 0, NULL, NULL, NULL),
(7, 1, 2435, 10, 5, NULL, NULL, NULL, NULL, NULL, 0, 0, NULL, NULL, NULL),
(7, 1, 2436, 11, 5, NULL, NULL, NULL, NULL, NULL, 0, 0, NULL, NULL, NULL),
(7, 1, 2437, 12, 5, NULL, NULL, NULL, NULL, NULL, 0, 0, NULL, NULL, NULL),
(7, 1, 2438, 13, 5, NULL, NULL, NULL, NULL, NULL, 0, 0, NULL, NULL, NULL),
(7, 1, 2439, 14, 5, NULL, NULL, NULL, NULL, NULL, 0, 0, NULL, NULL, NULL),
(7, 1, 2440, 15, 5, NULL, NULL, NULL, NULL, NULL, 0, 0, NULL, NULL, NULL),
(7, 1, 2441, 16, 5, NULL, NULL, NULL, NULL, NULL, 0, 0, NULL, NULL, NULL),
(7, 1, 2442, 17, 5, NULL, NULL, NULL, NULL, NULL, 0, 0, NULL, NULL, NULL),
(7, 1, 2443, 18, 5, NULL, NULL, NULL, NULL, NULL, 0, 0, NULL, NULL, NULL),
(7, 1, 2444, 19, 5, NULL, NULL, NULL, NULL, NULL, 0, 0, NULL, NULL, NULL),
(7, 1, 2445, 20, 5, NULL, NULL, NULL, NULL, NULL, 1, 0, NULL, NULL, NULL),
(7, 1, 2446, 21, 5, NULL, NULL, NULL, NULL, NULL, 1, 0, NULL, NULL, NULL),
(7, 1, 2447, 22, 5, NULL, NULL, NULL, NULL, NULL, 0, 0, NULL, NULL, NULL),
(7, 1, 2448, 23, 5, NULL, NULL, NULL, NULL, NULL, 0, 0, NULL, NULL, NULL),
(7, 1, 2449, 0, 6, NULL, NULL, NULL, NULL, NULL, 1, 0, NULL, NULL, NULL),
(7, 1, 2450, 1, 6, NULL, NULL, NULL, NULL, NULL, 1, 0, NULL, NULL, NULL),
(7, 1, 2451, 2, 6, NULL, NULL, NULL, NULL, NULL, 1, 0, NULL, NULL, NULL),
(7, 1, 2452, 3, 6, NULL, NULL, NULL, NULL, NULL, 0, 0, NULL, NULL, NULL),
(7, 1, 2453, 4, 6, NULL, NULL, NULL, NULL, NULL, 1, 0, NULL, NULL, NULL),
(7, 1, 2454, 5, 6, NULL, NULL, NULL, NULL, NULL, 1, 0, NULL, NULL, NULL),
(7, 1, 2455, 6, 6, NULL, NULL, NULL, NULL, NULL, 1, 0, NULL, NULL, NULL),
(7, 1, 2456, 7, 6, NULL, NULL, NULL, NULL, NULL, 1, 0, NULL, NULL, NULL),
(7, 1, 2457, 8, 6, NULL, NULL, NULL, NULL, NULL, 1, 0, NULL, NULL, NULL),
(7, 1, 2458, 9, 6, NULL, NULL, NULL, NULL, NULL, 1, 0, NULL, NULL, NULL),
(7, 1, 2459, 10, 6, NULL, NULL, NULL, NULL, NULL, 1, 0, NULL, NULL, NULL),
(7, 1, 2460, 11, 6, NULL, NULL, NULL, NULL, NULL, 0, 0, NULL, NULL, NULL),
(7, 1, 2461, 12, 6, NULL, NULL, NULL, NULL, NULL, 1, 0, NULL, NULL, NULL),
(7, 1, 2462, 13, 6, NULL, NULL, NULL, NULL, NULL, 0, 0, NULL, NULL, NULL),
(7, 1, 2463, 14, 6, NULL, NULL, NULL, NULL, NULL, 0, 0, NULL, NULL, NULL),
(7, 1, 2464, 15, 6, NULL, NULL, NULL, NULL, NULL, 0, 0, NULL, NULL, NULL),
(7, 1, 2465, 16, 6, NULL, NULL, NULL, NULL, NULL, 1, 0, NULL, NULL, NULL),
(7, 1, 2466, 17, 6, NULL, NULL, NULL, NULL, NULL, 1, 0, NULL, NULL, NULL),
(7, 1, 2467, 18, 6, NULL, NULL, NULL, NULL, NULL, 0, 0, NULL, NULL, NULL),
(7, 1, 2468, 19, 6, NULL, NULL, NULL, NULL, NULL, 1, 0, NULL, NULL, NULL),
(7, 1, 2469, 20, 6, NULL, NULL, NULL, NULL, NULL, 1, 0, NULL, NULL, NULL),
(7, 1, 2470, 21, 6, NULL, NULL, NULL, NULL, NULL, 1, 0, NULL, NULL, NULL),
(7, 1, 2471, 22, 6, NULL, NULL, NULL, NULL, NULL, 0, 0, NULL, NULL, NULL),
(7, 1, 2472, 23, 6, NULL, NULL, NULL, NULL, NULL, 1, 0, NULL, NULL, NULL),
(7, 1, 2473, 0, 7, NULL, NULL, NULL, NULL, NULL, 1, 0, NULL, NULL, NULL),
(7, 1, 2474, 1, 7, NULL, NULL, NULL, NULL, NULL, 1, 0, NULL, NULL, NULL),
(7, 1, 2475, 2, 7, NULL, NULL, NULL, NULL, NULL, 1, 0, NULL, NULL, NULL),
(7, 1, 2476, 3, 7, NULL, NULL, NULL, NULL, NULL, 1, 0, NULL, NULL, NULL),
(7, 1, 2477, 4, 7, NULL, NULL, NULL, NULL, NULL, 1, 0, NULL, NULL, NULL),
(7, 1, 2478, 5, 7, NULL, NULL, NULL, NULL, NULL, 1, 0, NULL, NULL, NULL),
(7, 1, 2479, 6, 7, NULL, NULL, NULL, NULL, NULL, 1, 0, NULL, NULL, NULL),
(7, 1, 2480, 7, 7, NULL, NULL, NULL, NULL, NULL, 0, 0, NULL, NULL, NULL),
(7, 1, 2481, 8, 7, NULL, NULL, NULL, NULL, NULL, 1, 0, NULL, NULL, NULL),
(7, 1, 2482, 9, 7, NULL, NULL, NULL, NULL, NULL, 0, 0, NULL, NULL, NULL),
(7, 1, 2483, 10, 7, NULL, NULL, NULL, NULL, NULL, 1, 0, NULL, NULL, NULL),
(7, 1, 2484, 11, 7, NULL, NULL, NULL, NULL, NULL, 1, 0, NULL, NULL, NULL),
(7, 1, 2485, 12, 7, NULL, NULL, NULL, NULL, NULL, 1, 0, NULL, NULL, NULL),
(7, 1, 2486, 13, 7, NULL, NULL, NULL, NULL, NULL, 1, 0, NULL, NULL, NULL),
(7, 1, 2487, 14, 7, NULL, NULL, NULL, NULL, NULL, 0, 0, NULL, NULL, NULL),
(7, 1, 2488, 15, 7, NULL, NULL, NULL, NULL, NULL, 1, 0, NULL, NULL, NULL),
(7, 1, 2489, 16, 7, NULL, NULL, NULL, NULL, NULL, 1, 0, NULL, NULL, NULL),
(7, 1, 2490, 17, 7, NULL, NULL, NULL, NULL, NULL, 1, 0, NULL, NULL, NULL),
(7, 1, 2491, 18, 7, NULL, NULL, NULL, NULL, NULL, 1, 0, NULL, NULL, NULL),
(7, 1, 2492, 19, 7, NULL, NULL, NULL, NULL, NULL, 1, 0, NULL, NULL, NULL),
(7, 1, 2493, 20, 7, NULL, NULL, NULL, NULL, NULL, 1, 0, NULL, NULL, NULL),
(7, 1, 2494, 21, 7, NULL, NULL, NULL, NULL, NULL, 1, 0, NULL, NULL, NULL),
(7, 1, 2495, 22, 7, NULL, NULL, NULL, NULL, NULL, 1, 0, NULL, NULL, NULL),
(7, 1, 2496, 23, 7, NULL, NULL, NULL, NULL, NULL, 1, 0, NULL, NULL, NULL),
(7, 1, 2497, 0, 8, NULL, NULL, NULL, NULL, NULL, 1, 0, NULL, NULL, NULL),
(7, 1, 2498, 1, 8, NULL, NULL, NULL, NULL, NULL, 1, 0, NULL, NULL, NULL),
(7, 1, 2499, 2, 8, NULL, NULL, NULL, NULL, NULL, 1, 0, NULL, NULL, NULL),
(7, 1, 2500, 3, 8, NULL, NULL, NULL, NULL, NULL, 1, 0, NULL, NULL, NULL),
(7, 1, 2501, 4, 8, NULL, NULL, NULL, NULL, NULL, 1, 0, NULL, NULL, NULL),
(7, 1, 2502, 5, 8, NULL, NULL, NULL, NULL, NULL, 1, 0, NULL, NULL, NULL),
(7, 1, 2503, 6, 8, NULL, NULL, NULL, NULL, NULL, 1, 0, NULL, NULL, NULL),
(7, 1, 2504, 7, 8, NULL, NULL, NULL, NULL, NULL, 0, 0, NULL, NULL, NULL),
(7, 1, 2505, 8, 8, NULL, NULL, NULL, NULL, NULL, 0, 0, NULL, NULL, NULL),
(7, 1, 2506, 9, 8, NULL, NULL, NULL, NULL, NULL, 0, 0, NULL, NULL, NULL),
(7, 1, 2507, 10, 8, NULL, NULL, NULL, NULL, NULL, 1, 0, NULL, NULL, NULL),
(7, 1, 2508, 11, 8, NULL, NULL, NULL, NULL, NULL, 1, 0, NULL, NULL, NULL),
(7, 1, 2509, 12, 8, NULL, NULL, NULL, NULL, NULL, 1, 0, NULL, NULL, NULL),
(7, 1, 2510, 13, 8, NULL, NULL, NULL, NULL, NULL, 1, 0, NULL, NULL, NULL),
(7, 1, 2511, 14, 8, NULL, NULL, NULL, NULL, NULL, 1, 0, NULL, NULL, NULL),
(7, 1, 2512, 15, 8, NULL, NULL, NULL, NULL, NULL, 0, 0, NULL, NULL, NULL),
(7, 1, 2513, 16, 8, NULL, NULL, NULL, NULL, NULL, 0, 0, NULL, NULL, NULL),
(7, 1, 2514, 17, 8, NULL, NULL, NULL, NULL, NULL, 1, 0, NULL, NULL, NULL),
(7, 1, 2515, 18, 8, NULL, NULL, NULL, NULL, NULL, 1, 0, NULL, NULL, NULL),
(7, 1, 2516, 19, 8, NULL, NULL, NULL, NULL, NULL, 1, 0, NULL, NULL, NULL),
(7, 1, 2517, 20, 8, NULL, NULL, NULL, NULL, NULL, 1, 0, NULL, NULL, NULL),
(7, 1, 2518, 21, 8, NULL, NULL, NULL, NULL, NULL, 1, 0, NULL, NULL, NULL),
(7, 1, 2519, 22, 8, NULL, NULL, NULL, NULL, NULL, 1, 0, NULL, NULL, NULL),
(7, 1, 2520, 23, 8, NULL, NULL, NULL, NULL, NULL, 1, 0, NULL, NULL, NULL),
(7, 1, 2521, 0, 9, NULL, NULL, NULL, NULL, NULL, 1, 0, NULL, NULL, NULL),
(7, 1, 2522, 1, 9, NULL, NULL, NULL, NULL, NULL, 1, 0, NULL, NULL, NULL),
(7, 1, 2523, 2, 9, NULL, NULL, NULL, NULL, NULL, 1, 0, NULL, NULL, NULL),
(7, 1, 2524, 3, 9, NULL, NULL, NULL, NULL, NULL, 1, 0, NULL, NULL, NULL),
(7, 1, 2525, 4, 9, NULL, NULL, NULL, NULL, NULL, 1, 0, NULL, NULL, NULL),
(7, 1, 2526, 5, 9, NULL, NULL, NULL, NULL, NULL, 1, 0, NULL, NULL, NULL),
(7, 1, 2527, 6, 9, NULL, NULL, NULL, NULL, NULL, 1, 0, NULL, NULL, NULL),
(7, 1, 2528, 7, 9, NULL, NULL, NULL, NULL, NULL, 1, 0, NULL, NULL, NULL),
(7, 1, 2529, 8, 9, NULL, NULL, NULL, NULL, NULL, 0, 0, NULL, NULL, NULL),
(7, 1, 2530, 9, 9, NULL, NULL, NULL, NULL, NULL, 1, 0, NULL, NULL, NULL),
(7, 1, 2531, 10, 9, NULL, NULL, NULL, NULL, NULL, 1, 0, NULL, NULL, NULL),
(7, 1, 2532, 11, 9, NULL, NULL, NULL, NULL, NULL, 1, 0, NULL, NULL, NULL),
(7, 1, 2533, 12, 9, NULL, NULL, NULL, NULL, NULL, 1, 0, NULL, NULL, NULL),
(7, 1, 2534, 13, 9, NULL, NULL, NULL, NULL, NULL, 1, 0, NULL, NULL, NULL),
(7, 1, 2535, 14, 9, NULL, NULL, NULL, NULL, NULL, 0, 0, NULL, NULL, NULL),
(7, 1, 2536, 15, 9, NULL, NULL, NULL, NULL, NULL, 0, 0, NULL, NULL, NULL),
(7, 1, 2537, 16, 9, NULL, NULL, NULL, NULL, NULL, 0, 0, NULL, NULL, NULL),
(7, 1, 2538, 17, 9, NULL, NULL, NULL, NULL, NULL, 1, 0, NULL, NULL, NULL),
(7, 1, 2539, 18, 9, NULL, NULL, NULL, NULL, NULL, 1, 0, NULL, NULL, NULL),
(7, 1, 2540, 19, 9, NULL, NULL, NULL, NULL, NULL, 1, 0, NULL, NULL, NULL),
(7, 1, 2541, 20, 9, NULL, NULL, NULL, NULL, NULL, 1, 0, NULL, NULL, NULL),
(7, 1, 2542, 21, 9, NULL, NULL, NULL, NULL, NULL, 1, 0, NULL, NULL, NULL),
(7, 1, 2543, 22, 9, NULL, NULL, NULL, NULL, NULL, 0, 0, NULL, NULL, NULL),
(7, 1, 2544, 23, 9, NULL, NULL, NULL, NULL, NULL, 0, 0, NULL, NULL, NULL),
(7, 1, 2545, 0, 10, NULL, NULL, NULL, NULL, NULL, 1, 0, NULL, NULL, NULL),
(7, 1, 2546, 1, 10, NULL, NULL, NULL, NULL, NULL, 1, 0, NULL, NULL, NULL),
(7, 1, 2547, 2, 10, NULL, NULL, NULL, NULL, NULL, 1, 0, NULL, NULL, NULL),
(7, 1, 2548, 3, 10, NULL, NULL, NULL, NULL, NULL, 1, 0, NULL, NULL, NULL),
(7, 1, 2549, 4, 10, NULL, NULL, NULL, NULL, NULL, 1, 0, NULL, NULL, NULL),
(7, 1, 2550, 5, 10, NULL, NULL, NULL, NULL, NULL, 1, 0, NULL, NULL, NULL),
(7, 1, 2551, 6, 10, NULL, NULL, NULL, NULL, NULL, 1, 0, NULL, NULL, NULL),
(7, 1, 2552, 7, 10, NULL, NULL, NULL, NULL, NULL, 1, 0, NULL, NULL, NULL),
(7, 1, 2553, 8, 10, NULL, NULL, NULL, NULL, NULL, 1, 0, NULL, NULL, NULL),
(7, 1, 2554, 9, 10, NULL, NULL, NULL, NULL, NULL, 1, 0, NULL, NULL, NULL),
(7, 1, 2555, 10, 10, NULL, NULL, NULL, NULL, NULL, 1, 0, NULL, NULL, NULL),
(7, 1, 2556, 11, 10, NULL, NULL, NULL, NULL, NULL, 1, 0, NULL, NULL, NULL),
(7, 1, 2557, 12, 10, NULL, NULL, NULL, NULL, NULL, 1, 0, NULL, NULL, NULL),
(7, 1, 2558, 13, 10, NULL, NULL, NULL, NULL, NULL, 1, 0, NULL, NULL, NULL),
(7, 1, 2559, 14, 10, NULL, NULL, NULL, NULL, NULL, 0, 0, NULL, NULL, NULL),
(7, 1, 2560, 15, 10, NULL, NULL, NULL, NULL, NULL, 0, 0, NULL, NULL, NULL),
(7, 1, 2561, 16, 10, NULL, NULL, NULL, NULL, NULL, 1, 0, NULL, NULL, NULL),
(7, 1, 2562, 17, 10, NULL, NULL, NULL, NULL, NULL, 1, 0, NULL, NULL, NULL),
(7, 1, 2563, 18, 10, NULL, NULL, NULL, NULL, NULL, 1, 0, NULL, NULL, NULL),
(7, 1, 2564, 19, 10, NULL, NULL, NULL, NULL, NULL, 1, 0, NULL, NULL, NULL),
(7, 1, 2565, 20, 10, NULL, NULL, NULL, NULL, NULL, 1, 0, NULL, NULL, NULL),
(7, 1, 2566, 21, 10, NULL, NULL, NULL, NULL, NULL, 0, 0, NULL, NULL, NULL),
(7, 1, 2567, 22, 10, NULL, NULL, NULL, NULL, NULL, 0, 0, NULL, NULL, NULL),
(7, 1, 2568, 23, 10, NULL, NULL, NULL, NULL, NULL, 0, 0, NULL, NULL, NULL),
(7, 1, 2569, 0, 11, NULL, NULL, NULL, NULL, NULL, 1, 0, NULL, NULL, NULL),
(7, 1, 2570, 1, 11, NULL, NULL, NULL, NULL, NULL, 0, 0, NULL, NULL, NULL),
(7, 1, 2571, 2, 11, NULL, NULL, NULL, NULL, NULL, 1, 0, NULL, NULL, NULL),
(7, 1, 2572, 3, 11, NULL, NULL, NULL, NULL, NULL, 1, 0, NULL, NULL, NULL),
(7, 1, 2573, 4, 11, NULL, NULL, NULL, NULL, NULL, 1, 0, NULL, NULL, NULL),
(7, 1, 2574, 5, 11, NULL, NULL, NULL, NULL, NULL, 0, 0, NULL, NULL, NULL),
(7, 1, 2575, 6, 11, NULL, NULL, NULL, NULL, NULL, 0, 0, NULL, NULL, NULL),
(7, 1, 2576, 7, 11, NULL, NULL, NULL, NULL, NULL, 1, 0, NULL, NULL, NULL),
(7, 1, 2577, 8, 11, NULL, NULL, NULL, NULL, NULL, 1, 0, NULL, NULL, NULL),
(7, 1, 2578, 9, 11, NULL, NULL, NULL, NULL, NULL, 1, 0, NULL, NULL, NULL),
(7, 1, 2579, 10, 11, NULL, NULL, NULL, NULL, NULL, 1, 0, NULL, NULL, NULL),
(7, 1, 2580, 11, 11, NULL, NULL, NULL, NULL, NULL, 0, 0, NULL, NULL, NULL),
(7, 1, 2581, 12, 11, NULL, NULL, NULL, NULL, NULL, 1, 0, NULL, NULL, NULL),
(7, 1, 2582, 13, 11, NULL, NULL, NULL, NULL, NULL, 1, 0, NULL, NULL, NULL),
(7, 1, 2583, 14, 11, NULL, NULL, NULL, NULL, NULL, 1, 0, NULL, NULL, NULL),
(7, 1, 2584, 15, 11, NULL, NULL, NULL, NULL, NULL, 1, 0, NULL, NULL, NULL),
(7, 1, 2585, 16, 11, NULL, NULL, NULL, NULL, NULL, 1, 0, NULL, NULL, NULL),
(7, 1, 2586, 17, 11, NULL, NULL, NULL, NULL, NULL, 1, 0, NULL, NULL, NULL),
(7, 1, 2587, 18, 11, NULL, NULL, NULL, NULL, NULL, 1, 0, NULL, NULL, NULL),
(7, 1, 2588, 19, 11, NULL, NULL, NULL, NULL, NULL, 1, 0, NULL, NULL, NULL),
(7, 1, 2589, 20, 11, NULL, NULL, NULL, NULL, NULL, 1, 0, NULL, NULL, NULL),
(7, 1, 2590, 21, 11, NULL, NULL, NULL, NULL, NULL, 0, 0, NULL, NULL, NULL),
(7, 1, 2591, 22, 11, NULL, NULL, NULL, NULL, NULL, 0, 0, NULL, NULL, NULL),
(7, 1, 2592, 23, 11, NULL, NULL, NULL, NULL, NULL, 1, 0, NULL, NULL, NULL),
(7, 1, 2593, 0, 12, NULL, NULL, NULL, NULL, NULL, 1, 0, NULL, NULL, NULL),
(7, 1, 2594, 1, 12, NULL, NULL, NULL, NULL, NULL, 0, 0, NULL, NULL, NULL),
(7, 1, 2595, 2, 12, NULL, NULL, NULL, NULL, NULL, 0, 0, NULL, NULL, NULL),
(7, 1, 2596, 3, 12, NULL, NULL, NULL, NULL, NULL, 1, 0, NULL, NULL, NULL),
(7, 1, 2597, 4, 12, NULL, NULL, NULL, NULL, NULL, 1, 0, NULL, NULL, NULL),
(7, 1, 2598, 5, 12, NULL, NULL, NULL, NULL, NULL, 0, 0, NULL, NULL, NULL),
(7, 1, 2599, 6, 12, NULL, NULL, NULL, NULL, NULL, 0, 0, NULL, NULL, NULL),
(7, 1, 2600, 7, 12, NULL, NULL, NULL, NULL, NULL, 1, 0, NULL, NULL, NULL),
(7, 1, 2601, 8, 12, NULL, NULL, NULL, NULL, NULL, 1, 0, NULL, NULL, NULL),
(7, 1, 2602, 9, 12, NULL, NULL, NULL, NULL, NULL, 1, 0, NULL, NULL, NULL),
(7, 1, 2603, 10, 12, NULL, NULL, NULL, NULL, NULL, 1, 0, NULL, NULL, NULL),
(7, 1, 2604, 11, 12, NULL, NULL, NULL, NULL, NULL, 0, 0, NULL, NULL, NULL),
(7, 1, 2605, 12, 12, NULL, NULL, NULL, NULL, NULL, 1, 0, NULL, NULL, NULL),
(7, 1, 2606, 13, 12, NULL, NULL, NULL, NULL, NULL, 1, 0, NULL, NULL, NULL),
(7, 1, 2607, 14, 12, NULL, NULL, NULL, NULL, NULL, 1, 0, NULL, NULL, NULL),
(7, 1, 2608, 15, 12, NULL, NULL, NULL, NULL, NULL, 1, 0, NULL, NULL, NULL),
(7, 1, 2609, 16, 12, NULL, NULL, NULL, NULL, NULL, 1, 0, NULL, NULL, NULL),
(7, 1, 2610, 17, 12, NULL, NULL, NULL, NULL, NULL, 1, 0, NULL, NULL, NULL),
(7, 1, 2611, 18, 12, NULL, NULL, NULL, NULL, NULL, 1, 0, NULL, NULL, NULL),
(7, 1, 2612, 19, 12, NULL, NULL, NULL, NULL, NULL, 1, 0, NULL, NULL, NULL),
(7, 1, 2613, 20, 12, NULL, NULL, NULL, NULL, NULL, 1, 0, NULL, NULL, NULL),
(7, 1, 2614, 21, 12, NULL, NULL, NULL, NULL, NULL, 1, 0, NULL, NULL, NULL),
(7, 1, 2615, 22, 12, NULL, NULL, NULL, NULL, NULL, 1, 0, NULL, NULL, NULL),
(7, 1, 2616, 23, 12, NULL, NULL, NULL, NULL, NULL, 1, 0, NULL, NULL, NULL),
(7, 1, 2617, 0, 13, NULL, NULL, NULL, NULL, NULL, 1, 0, NULL, NULL, NULL),
(7, 1, 2618, 1, 13, NULL, NULL, NULL, NULL, NULL, 1, 0, NULL, NULL, NULL),
(7, 1, 2619, 2, 13, NULL, NULL, NULL, NULL, NULL, 1, 0, NULL, NULL, NULL),
(7, 1, 2620, 3, 13, NULL, NULL, NULL, NULL, NULL, 1, 0, NULL, NULL, NULL),
(7, 1, 2621, 4, 13, NULL, NULL, NULL, NULL, NULL, 1, 0, NULL, NULL, NULL),
(7, 1, 2622, 5, 13, NULL, NULL, NULL, NULL, NULL, 1, 0, NULL, NULL, NULL),
(7, 1, 2623, 6, 13, NULL, NULL, NULL, NULL, NULL, 1, 0, NULL, NULL, NULL),
(7, 1, 2624, 7, 13, NULL, NULL, NULL, NULL, NULL, 1, 0, NULL, NULL, NULL),
(7, 1, 2625, 8, 13, NULL, NULL, NULL, NULL, NULL, 1, 0, NULL, NULL, NULL),
(7, 1, 2626, 9, 13, NULL, NULL, NULL, NULL, NULL, 1, 0, NULL, NULL, NULL),
(7, 1, 2627, 10, 13, NULL, NULL, NULL, NULL, NULL, 1, 0, NULL, NULL, NULL),
(7, 1, 2628, 11, 13, NULL, NULL, NULL, NULL, NULL, 1, 0, NULL, NULL, NULL),
(7, 1, 2629, 12, 13, NULL, NULL, NULL, NULL, NULL, 1, 0, NULL, NULL, NULL),
(7, 1, 2630, 13, 13, NULL, NULL, NULL, NULL, NULL, 1, 0, NULL, NULL, NULL),
(7, 1, 2631, 14, 13, NULL, NULL, NULL, NULL, NULL, 1, 0, NULL, NULL, NULL),
(7, 1, 2632, 15, 13, NULL, NULL, NULL, NULL, NULL, 1, 0, NULL, NULL, NULL),
(7, 1, 2633, 16, 13, NULL, NULL, NULL, NULL, NULL, 1, 0, NULL, NULL, NULL),
(7, 1, 2634, 17, 13, NULL, NULL, NULL, NULL, NULL, 1, 0, NULL, NULL, NULL),
(7, 1, 2635, 18, 13, NULL, NULL, NULL, NULL, NULL, 1, 0, NULL, NULL, NULL),
(7, 1, 2636, 19, 13, NULL, NULL, NULL, NULL, NULL, 0, 0, NULL, NULL, NULL),
(7, 1, 2637, 20, 13, NULL, NULL, NULL, NULL, NULL, 0, 0, NULL, NULL, NULL),
(7, 1, 2638, 21, 13, NULL, NULL, NULL, NULL, NULL, 0, 0, NULL, NULL, NULL),
(7, 1, 2639, 22, 13, NULL, NULL, NULL, NULL, NULL, 0, 0, NULL, NULL, NULL),
(7, 1, 2640, 23, 13, NULL, NULL, NULL, NULL, NULL, 1, 0, NULL, NULL, NULL),
(7, 1, 2641, 0, 14, NULL, NULL, NULL, NULL, NULL, 1, 0, NULL, NULL, NULL),
(7, 1, 2642, 1, 14, NULL, NULL, NULL, NULL, NULL, 1, 0, NULL, NULL, NULL),
(7, 1, 2643, 2, 14, NULL, NULL, NULL, NULL, NULL, 1, 0, NULL, NULL, NULL),
(7, 1, 2644, 3, 14, NULL, NULL, NULL, NULL, NULL, 1, 0, NULL, NULL, NULL),
(7, 1, 2645, 4, 14, NULL, NULL, NULL, NULL, NULL, 1, 0, NULL, NULL, NULL),
(7, 1, 2646, 5, 14, NULL, NULL, NULL, NULL, NULL, 1, 0, NULL, NULL, NULL),
(7, 1, 2647, 6, 14, NULL, NULL, NULL, NULL, NULL, 1, 0, NULL, NULL, NULL),
(7, 1, 2648, 7, 14, NULL, NULL, NULL, NULL, NULL, 1, 0, NULL, NULL, NULL),
(7, 1, 2649, 8, 14, NULL, NULL, NULL, NULL, NULL, 0, 0, NULL, NULL, NULL),
(7, 1, 2650, 9, 14, NULL, NULL, NULL, NULL, NULL, 1, 0, NULL, NULL, NULL),
(7, 1, 2651, 10, 14, NULL, NULL, NULL, NULL, NULL, 0, 0, NULL, NULL, NULL),
(7, 1, 2652, 11, 14, NULL, NULL, NULL, NULL, NULL, 1, 0, NULL, NULL, NULL),
(7, 1, 2653, 12, 14, NULL, NULL, NULL, NULL, NULL, 1, 0, NULL, NULL, NULL),
(7, 1, 2654, 13, 14, NULL, NULL, NULL, NULL, NULL, 0, 0, NULL, NULL, NULL),
(7, 1, 2655, 14, 14, NULL, NULL, NULL, NULL, NULL, 1, 0, NULL, NULL, NULL),
(7, 1, 2656, 15, 14, NULL, NULL, NULL, NULL, NULL, 1, 0, NULL, NULL, NULL),
(7, 1, 2657, 16, 14, NULL, NULL, NULL, NULL, NULL, 1, 0, NULL, NULL, NULL),
(7, 1, 2658, 17, 14, NULL, NULL, NULL, NULL, NULL, 1, 0, NULL, NULL, NULL),
(7, 1, 2659, 18, 14, NULL, NULL, NULL, NULL, NULL, 1, 0, NULL, NULL, NULL),
(7, 1, 2660, 19, 14, NULL, NULL, NULL, NULL, NULL, 0, 0, NULL, NULL, NULL),
(7, 1, 2661, 20, 14, NULL, NULL, NULL, NULL, NULL, 0, 0, NULL, NULL, NULL),
(7, 1, 2662, 21, 14, NULL, NULL, NULL, NULL, NULL, 0, 0, NULL, NULL, NULL),
(7, 1, 2663, 22, 14, NULL, NULL, NULL, NULL, NULL, 0, 0, NULL, NULL, NULL),
(7, 1, 2664, 23, 14, NULL, NULL, NULL, NULL, NULL, 1, 0, NULL, NULL, NULL),
(7, 1, 2665, 0, 15, NULL, NULL, NULL, NULL, NULL, 1, 0, NULL, NULL, NULL),
(7, 1, 2666, 1, 15, NULL, NULL, NULL, NULL, NULL, 1, 0, NULL, NULL, NULL),
(7, 1, 2667, 2, 15, NULL, NULL, NULL, NULL, NULL, 1, 0, NULL, NULL, NULL),
(7, 1, 2668, 3, 15, NULL, NULL, NULL, NULL, NULL, 1, 0, NULL, NULL, NULL),
(7, 1, 2669, 4, 15, NULL, NULL, NULL, NULL, NULL, 1, 0, NULL, NULL, NULL),
(7, 1, 2670, 5, 15, NULL, NULL, NULL, NULL, NULL, 1, 0, NULL, NULL, NULL),
(7, 1, 2671, 6, 15, NULL, NULL, NULL, NULL, NULL, 1, 0, NULL, NULL, NULL),
(7, 1, 2672, 7, 15, NULL, NULL, NULL, NULL, NULL, 1, 0, NULL, NULL, NULL),
(7, 1, 2673, 8, 15, NULL, NULL, NULL, NULL, NULL, 0, 0, NULL, NULL, NULL),
(7, 1, 2674, 9, 15, NULL, NULL, 13, NULL, 4618, 0, 1, NULL, NULL, 1),
(7, 1, 2675, 10, 15, NULL, NULL, NULL, NULL, NULL, 1, 0, NULL, NULL, NULL),
(7, 1, 2676, 11, 15, NULL, NULL, NULL, NULL, NULL, 1, 0, NULL, NULL, NULL),
(7, 1, 2677, 12, 15, NULL, NULL, NULL, NULL, NULL, 1, 0, NULL, NULL, NULL),
(7, 1, 2678, 13, 15, NULL, NULL, NULL, NULL, NULL, 0, 0, NULL, NULL, NULL),
(7, 1, 2679, 14, 15, NULL, NULL, NULL, NULL, NULL, 1, 0, NULL, NULL, NULL),
(7, 1, 2680, 15, 15, NULL, NULL, NULL, NULL, NULL, 1, 0, NULL, NULL, NULL),
(7, 1, 2681, 16, 15, NULL, NULL, NULL, NULL, NULL, 1, 0, NULL, NULL, NULL),
(7, 1, 2682, 17, 15, NULL, NULL, NULL, NULL, NULL, 1, 0, NULL, NULL, NULL),
(7, 1, 2683, 18, 15, NULL, NULL, NULL, NULL, NULL, 1, 0, NULL, NULL, NULL),
(7, 1, 2684, 19, 15, NULL, NULL, NULL, NULL, NULL, 1, 0, NULL, NULL, NULL),
(7, 1, 2685, 20, 15, NULL, NULL, NULL, NULL, NULL, 0, 0, NULL, NULL, NULL),
(7, 1, 2686, 21, 15, NULL, NULL, NULL, NULL, NULL, 0, 0, NULL, NULL, NULL),
(7, 1, 2687, 22, 15, NULL, NULL, NULL, NULL, NULL, 1, 0, NULL, NULL, NULL),
(7, 1, 2688, 23, 15, NULL, NULL, NULL, NULL, NULL, 1, 0, NULL, NULL, NULL),
(8, 1, 2689, 0, 0, NULL, NULL, NULL, NULL, NULL, 0, 0, NULL, NULL, NULL),
(8, 1, 2690, 1, 0, NULL, NULL, NULL, NULL, NULL, 0, 0, NULL, NULL, NULL),
(8, 1, 2691, 2, 0, NULL, NULL, NULL, NULL, NULL, 0, 0, NULL, NULL, NULL),
(8, 1, 2692, 3, 0, NULL, NULL, NULL, NULL, NULL, 0, 0, NULL, NULL, NULL),
(8, 1, 2693, 4, 0, NULL, NULL, NULL, NULL, NULL, 0, 0, NULL, NULL, NULL),
(8, 1, 2694, 5, 0, NULL, NULL, NULL, NULL, NULL, 0, 0, NULL, NULL, NULL),
(8, 1, 2695, 6, 0, NULL, NULL, NULL, NULL, NULL, 0, 0, NULL, NULL, NULL),
(8, 1, 2696, 7, 0, NULL, NULL, NULL, NULL, NULL, 0, 0, NULL, NULL, NULL),
(8, 1, 2697, 8, 0, NULL, NULL, NULL, NULL, NULL, 0, 0, NULL, NULL, NULL),
(8, 1, 2698, 9, 0, NULL, NULL, NULL, NULL, NULL, 0, 0, NULL, NULL, NULL),
(8, 1, 2699, 10, 0, NULL, NULL, NULL, NULL, NULL, 0, 0, NULL, NULL, NULL),
(8, 1, 2700, 11, 0, NULL, NULL, NULL, NULL, NULL, 0, 0, NULL, NULL, NULL),
(8, 1, 2701, 12, 0, NULL, NULL, NULL, NULL, NULL, 1, 0, NULL, NULL, NULL),
(8, 1, 2702, 13, 0, NULL, NULL, 9, NULL, 3444, 0, 1, NULL, NULL, 1),
(8, 1, 2703, 14, 0, NULL, NULL, NULL, NULL, NULL, 1, 0, NULL, NULL, NULL),
(8, 1, 2704, 15, 0, NULL, NULL, NULL, NULL, NULL, 0, 0, NULL, NULL, NULL),
(8, 1, 2705, 16, 0, NULL, NULL, NULL, NULL, NULL, 0, 0, NULL, NULL, NULL),
(8, 1, 2706, 17, 0, NULL, NULL, NULL, NULL, NULL, 0, 0, NULL, NULL, NULL),
(8, 1, 2707, 18, 0, NULL, NULL, NULL, NULL, NULL, 0, 0, NULL, NULL, NULL),
(8, 1, 2708, 19, 0, NULL, NULL, NULL, NULL, NULL, 0, 0, NULL, NULL, NULL),
(8, 1, 2709, 20, 0, NULL, NULL, NULL, NULL, NULL, 0, 0, NULL, NULL, NULL),
(8, 1, 2710, 21, 0, NULL, NULL, NULL, NULL, NULL, 0, 0, NULL, NULL, NULL),
(8, 1, 2711, 22, 0, NULL, NULL, NULL, NULL, NULL, 0, 0, NULL, NULL, NULL),
(8, 1, 2712, 23, 0, NULL, NULL, NULL, NULL, NULL, 0, 0, NULL, NULL, NULL),
(8, 1, 2713, 0, 1, NULL, NULL, NULL, NULL, NULL, 0, 0, NULL, NULL, NULL),
(8, 1, 2714, 1, 1, NULL, NULL, NULL, NULL, NULL, 0, 0, NULL, NULL, NULL),
(8, 1, 2715, 2, 1, NULL, NULL, NULL, NULL, NULL, 0, 0, NULL, NULL, NULL),
(8, 1, 2716, 3, 1, NULL, NULL, NULL, NULL, NULL, 0, 0, NULL, NULL, NULL),
(8, 1, 2717, 4, 1, NULL, NULL, NULL, NULL, NULL, 0, 0, NULL, NULL, NULL),
(8, 1, 2718, 5, 1, NULL, NULL, NULL, NULL, NULL, 0, 0, NULL, NULL, NULL),
(8, 1, 2719, 6, 1, NULL, NULL, NULL, NULL, NULL, 0, 0, NULL, NULL, NULL),
(8, 1, 2720, 7, 1, NULL, NULL, NULL, NULL, NULL, 0, 0, NULL, NULL, NULL),
(8, 1, 2721, 8, 1, NULL, NULL, NULL, NULL, NULL, 0, 0, NULL, NULL, NULL),
(8, 1, 2722, 9, 1, NULL, NULL, NULL, NULL, NULL, 0, 0, NULL, NULL, NULL),
(8, 1, 2723, 10, 1, NULL, NULL, NULL, NULL, NULL, 0, 0, NULL, NULL, NULL),
(8, 1, 2724, 11, 1, NULL, NULL, NULL, NULL, NULL, 0, 0, NULL, NULL, NULL),
(8, 1, 2725, 12, 1, NULL, NULL, NULL, NULL, NULL, 1, 0, NULL, NULL, NULL),
(8, 1, 2726, 13, 1, NULL, NULL, NULL, NULL, NULL, 1, 0, NULL, NULL, NULL),
(8, 1, 2727, 14, 1, NULL, NULL, NULL, NULL, NULL, 1, 0, NULL, NULL, NULL),
(8, 1, 2728, 15, 1, NULL, NULL, NULL, NULL, NULL, 0, 0, NULL, NULL, NULL),
(8, 1, 2729, 16, 1, NULL, NULL, NULL, NULL, NULL, 0, 0, NULL, NULL, NULL),
(8, 1, 2730, 17, 1, NULL, NULL, NULL, NULL, NULL, 0, 0, NULL, NULL, NULL),
(8, 1, 2731, 18, 1, NULL, NULL, NULL, NULL, NULL, 0, 0, NULL, NULL, NULL),
(8, 1, 2732, 19, 1, NULL, NULL, NULL, NULL, NULL, 0, 0, NULL, NULL, NULL),
(8, 1, 2733, 20, 1, NULL, NULL, NULL, NULL, NULL, 0, 0, NULL, NULL, NULL),
(8, 1, 2734, 21, 1, NULL, NULL, NULL, NULL, NULL, 0, 0, NULL, NULL, NULL),
(8, 1, 2735, 22, 1, NULL, NULL, NULL, NULL, NULL, 0, 0, NULL, NULL, NULL),
(8, 1, 2736, 23, 1, NULL, NULL, NULL, NULL, NULL, 0, 0, NULL, NULL, NULL),
(8, 1, 2737, 0, 2, NULL, NULL, NULL, NULL, NULL, 0, 0, NULL, NULL, NULL),
(8, 1, 2738, 1, 2, NULL, NULL, NULL, NULL, NULL, 0, 0, NULL, NULL, NULL),
(8, 1, 2739, 2, 2, NULL, NULL, NULL, NULL, NULL, 0, 0, NULL, NULL, NULL),
(8, 1, 2740, 3, 2, NULL, NULL, NULL, NULL, NULL, 0, 0, NULL, NULL, NULL),
(8, 1, 2741, 4, 2, NULL, NULL, NULL, NULL, NULL, 0, 0, NULL, NULL, NULL),
(8, 1, 2742, 5, 2, NULL, NULL, NULL, NULL, NULL, 0, 0, NULL, NULL, NULL),
(8, 1, 2743, 6, 2, NULL, NULL, NULL, NULL, NULL, 0, 0, NULL, NULL, NULL),
(8, 1, 2744, 7, 2, NULL, NULL, NULL, NULL, NULL, 0, 0, NULL, NULL, NULL),
(8, 1, 2745, 8, 2, NULL, NULL, NULL, NULL, NULL, 0, 0, NULL, NULL, NULL);
INSERT INTO `carte_carreau` (`carte_id`, `carreau_id`, `id`, `abscisse`, `ordonnee`, `joueur_id`, `monstre_carreau_id`, `target_map_id`, `pnj_id`, `target_wrap`, `is_usable`, `is_wrap`, `action_id`, `boss_id`, `wrap_id`) VALUES
(8, 1, 2746, 9, 2, NULL, NULL, NULL, NULL, NULL, 0, 0, NULL, NULL, NULL),
(8, 1, 2747, 10, 2, NULL, NULL, NULL, NULL, NULL, 0, 0, NULL, NULL, NULL),
(8, 1, 2748, 11, 2, NULL, NULL, NULL, NULL, NULL, 0, 0, NULL, NULL, NULL),
(8, 1, 2749, 12, 2, NULL, NULL, NULL, NULL, NULL, 1, 0, NULL, NULL, NULL),
(8, 1, 2750, 13, 2, NULL, NULL, NULL, NULL, NULL, 1, 0, NULL, NULL, NULL),
(8, 1, 2751, 14, 2, NULL, NULL, NULL, NULL, NULL, 1, 0, NULL, NULL, NULL),
(8, 1, 2752, 15, 2, NULL, NULL, NULL, NULL, NULL, 0, 0, NULL, NULL, NULL),
(8, 1, 2753, 16, 2, NULL, NULL, NULL, NULL, NULL, 0, 0, NULL, NULL, NULL),
(8, 1, 2754, 17, 2, NULL, NULL, NULL, NULL, NULL, 0, 0, NULL, NULL, NULL),
(8, 1, 2755, 18, 2, NULL, NULL, NULL, NULL, NULL, 0, 0, NULL, NULL, NULL),
(8, 1, 2756, 19, 2, NULL, NULL, NULL, NULL, NULL, 0, 0, NULL, NULL, NULL),
(8, 1, 2757, 20, 2, NULL, NULL, NULL, NULL, NULL, 0, 0, NULL, NULL, NULL),
(8, 1, 2758, 21, 2, NULL, NULL, NULL, NULL, NULL, 0, 0, NULL, NULL, NULL),
(8, 1, 2759, 22, 2, NULL, NULL, NULL, NULL, NULL, 0, 0, NULL, NULL, NULL),
(8, 1, 2760, 23, 2, NULL, NULL, NULL, NULL, NULL, 0, 0, NULL, NULL, NULL),
(8, 1, 2761, 0, 3, NULL, NULL, NULL, NULL, NULL, 0, 0, NULL, NULL, NULL),
(8, 1, 2762, 1, 3, NULL, NULL, NULL, NULL, NULL, 0, 0, NULL, NULL, NULL),
(8, 1, 2763, 2, 3, NULL, NULL, NULL, NULL, NULL, 0, 0, NULL, NULL, NULL),
(8, 1, 2764, 3, 3, NULL, NULL, NULL, NULL, NULL, 0, 0, NULL, NULL, NULL),
(8, 1, 2765, 4, 3, NULL, NULL, NULL, NULL, NULL, 0, 0, NULL, NULL, NULL),
(8, 1, 2766, 5, 3, NULL, NULL, NULL, NULL, NULL, 0, 0, NULL, NULL, NULL),
(8, 1, 2767, 6, 3, NULL, NULL, NULL, NULL, NULL, 0, 0, NULL, NULL, NULL),
(8, 1, 2768, 7, 3, NULL, NULL, NULL, NULL, NULL, 0, 0, NULL, NULL, NULL),
(8, 1, 2769, 8, 3, NULL, NULL, NULL, NULL, NULL, 0, 0, NULL, NULL, NULL),
(8, 1, 2770, 9, 3, NULL, NULL, NULL, NULL, NULL, 0, 0, NULL, NULL, NULL),
(8, 1, 2771, 10, 3, NULL, NULL, NULL, NULL, NULL, 0, 0, NULL, NULL, NULL),
(8, 1, 2772, 11, 3, NULL, NULL, NULL, NULL, NULL, 0, 0, NULL, NULL, NULL),
(8, 1, 2773, 12, 3, NULL, NULL, NULL, NULL, NULL, 1, 0, NULL, NULL, NULL),
(8, 1, 2774, 13, 3, NULL, NULL, NULL, NULL, NULL, 1, 0, NULL, NULL, NULL),
(8, 1, 2775, 14, 3, NULL, NULL, NULL, NULL, NULL, 1, 0, NULL, NULL, NULL),
(8, 1, 2776, 15, 3, NULL, NULL, NULL, NULL, NULL, 0, 0, NULL, NULL, NULL),
(8, 1, 2777, 16, 3, NULL, NULL, NULL, NULL, NULL, 0, 0, NULL, NULL, NULL),
(8, 1, 2778, 17, 3, NULL, NULL, NULL, NULL, NULL, 0, 0, NULL, NULL, NULL),
(8, 1, 2779, 18, 3, NULL, NULL, NULL, NULL, NULL, 0, 0, NULL, NULL, NULL),
(8, 1, 2780, 19, 3, NULL, NULL, NULL, NULL, NULL, 0, 0, NULL, NULL, NULL),
(8, 1, 2781, 20, 3, NULL, NULL, NULL, NULL, NULL, 0, 0, NULL, NULL, NULL),
(8, 1, 2782, 21, 3, NULL, NULL, NULL, NULL, NULL, 0, 0, NULL, NULL, NULL),
(8, 1, 2783, 22, 3, NULL, NULL, NULL, NULL, NULL, 0, 0, NULL, NULL, NULL),
(8, 1, 2784, 23, 3, NULL, NULL, NULL, NULL, NULL, 0, 0, NULL, NULL, NULL),
(8, 1, 2785, 0, 4, NULL, NULL, NULL, NULL, NULL, 0, 0, NULL, NULL, NULL),
(8, 1, 2786, 1, 4, NULL, NULL, NULL, NULL, NULL, 0, 0, NULL, NULL, NULL),
(8, 1, 2787, 2, 4, NULL, NULL, NULL, NULL, NULL, 0, 0, NULL, NULL, NULL),
(8, 1, 2788, 3, 4, NULL, NULL, NULL, NULL, NULL, 0, 0, NULL, NULL, NULL),
(8, 1, 2789, 4, 4, NULL, NULL, NULL, NULL, NULL, 0, 0, NULL, NULL, NULL),
(8, 1, 2790, 5, 4, NULL, NULL, NULL, NULL, NULL, 0, 0, NULL, NULL, NULL),
(8, 1, 2791, 6, 4, NULL, NULL, NULL, NULL, NULL, 0, 0, NULL, NULL, NULL),
(8, 1, 2792, 7, 4, NULL, NULL, NULL, NULL, NULL, 0, 0, NULL, NULL, NULL),
(8, 1, 2793, 8, 4, NULL, NULL, NULL, NULL, NULL, 0, 0, NULL, NULL, NULL),
(8, 1, 2794, 9, 4, NULL, NULL, NULL, NULL, NULL, 1, 0, NULL, NULL, NULL),
(8, 1, 2795, 10, 4, NULL, NULL, NULL, NULL, NULL, 1, 0, NULL, NULL, NULL),
(8, 1, 2796, 11, 4, NULL, NULL, NULL, NULL, NULL, 1, 0, NULL, NULL, NULL),
(8, 1, 2797, 12, 4, NULL, NULL, NULL, NULL, NULL, 1, 0, NULL, NULL, NULL),
(8, 1, 2798, 13, 4, NULL, NULL, NULL, NULL, NULL, 1, 0, NULL, NULL, NULL),
(8, 1, 2799, 14, 4, NULL, NULL, NULL, NULL, NULL, 1, 0, NULL, NULL, NULL),
(8, 1, 2800, 15, 4, NULL, NULL, NULL, NULL, NULL, 1, 0, NULL, NULL, NULL),
(8, 1, 2801, 16, 4, NULL, NULL, NULL, NULL, NULL, 1, 0, NULL, NULL, NULL),
(8, 1, 2802, 17, 4, NULL, NULL, NULL, NULL, NULL, 1, 0, NULL, NULL, NULL),
(8, 1, 2803, 18, 4, NULL, NULL, NULL, NULL, NULL, 0, 0, NULL, NULL, NULL),
(8, 1, 2804, 19, 4, NULL, NULL, NULL, NULL, NULL, 0, 0, NULL, NULL, NULL),
(8, 1, 2805, 20, 4, NULL, NULL, NULL, NULL, NULL, 0, 0, NULL, NULL, NULL),
(8, 1, 2806, 21, 4, NULL, NULL, NULL, NULL, NULL, 0, 0, NULL, NULL, NULL),
(8, 1, 2807, 22, 4, NULL, NULL, NULL, NULL, NULL, 0, 0, NULL, NULL, NULL),
(8, 1, 2808, 23, 4, NULL, NULL, NULL, NULL, NULL, 0, 0, NULL, NULL, NULL),
(8, 1, 2809, 0, 5, NULL, NULL, NULL, NULL, NULL, 0, 0, NULL, NULL, NULL),
(8, 1, 2810, 1, 5, NULL, NULL, NULL, NULL, NULL, 0, 0, NULL, NULL, NULL),
(8, 1, 2811, 2, 5, NULL, NULL, NULL, NULL, NULL, 0, 0, NULL, NULL, NULL),
(8, 1, 2812, 3, 5, NULL, NULL, NULL, NULL, NULL, 0, 0, NULL, NULL, NULL),
(8, 1, 2813, 4, 5, NULL, NULL, NULL, NULL, NULL, 0, 0, NULL, NULL, NULL),
(8, 1, 2814, 5, 5, NULL, NULL, NULL, NULL, NULL, 0, 0, NULL, NULL, NULL),
(8, 1, 2815, 6, 5, NULL, NULL, NULL, NULL, NULL, 0, 0, NULL, NULL, NULL),
(8, 1, 2816, 7, 5, NULL, NULL, NULL, NULL, NULL, 0, 0, NULL, NULL, NULL),
(8, 1, 2817, 8, 5, NULL, NULL, NULL, NULL, NULL, 0, 0, NULL, NULL, NULL),
(8, 1, 2818, 9, 5, NULL, NULL, NULL, NULL, NULL, 1, 0, NULL, NULL, NULL),
(8, 1, 2819, 10, 5, NULL, NULL, NULL, NULL, NULL, 0, 0, NULL, NULL, NULL),
(8, 1, 2820, 11, 5, NULL, NULL, NULL, NULL, NULL, 0, 0, NULL, NULL, NULL),
(8, 1, 2821, 12, 5, NULL, NULL, NULL, NULL, NULL, 0, 0, NULL, NULL, NULL),
(8, 1, 2822, 13, 5, NULL, NULL, NULL, NULL, NULL, 0, 0, NULL, NULL, NULL),
(8, 1, 2823, 14, 5, NULL, NULL, NULL, NULL, NULL, 0, 0, NULL, NULL, NULL),
(8, 1, 2824, 15, 5, NULL, NULL, NULL, NULL, NULL, 0, 0, NULL, NULL, NULL),
(8, 1, 2825, 16, 5, NULL, NULL, NULL, NULL, NULL, 0, 0, NULL, NULL, NULL),
(8, 1, 2826, 17, 5, NULL, NULL, NULL, NULL, NULL, 1, 0, NULL, NULL, NULL),
(8, 1, 2827, 18, 5, NULL, NULL, NULL, NULL, NULL, 0, 0, NULL, NULL, NULL),
(8, 1, 2828, 19, 5, NULL, NULL, NULL, NULL, NULL, 0, 0, NULL, NULL, NULL),
(8, 1, 2829, 20, 5, NULL, NULL, NULL, NULL, NULL, 0, 0, NULL, NULL, NULL),
(8, 1, 2830, 21, 5, NULL, NULL, NULL, NULL, NULL, 0, 0, NULL, NULL, NULL),
(8, 1, 2831, 22, 5, NULL, NULL, NULL, NULL, NULL, 0, 0, NULL, NULL, NULL),
(8, 1, 2832, 23, 5, NULL, NULL, NULL, NULL, NULL, 0, 0, NULL, NULL, NULL),
(8, 1, 2833, 0, 6, NULL, NULL, NULL, NULL, NULL, 1, 0, NULL, NULL, NULL),
(8, 1, 2834, 1, 6, NULL, NULL, NULL, NULL, NULL, 0, 0, NULL, NULL, NULL),
(8, 1, 2835, 2, 6, NULL, NULL, NULL, NULL, NULL, 1, 0, NULL, NULL, NULL),
(8, 1, 2836, 3, 6, NULL, NULL, NULL, NULL, NULL, 0, 0, NULL, NULL, NULL),
(8, 1, 2837, 4, 6, NULL, NULL, NULL, NULL, NULL, 1, 0, NULL, NULL, NULL),
(8, 1, 2838, 5, 6, NULL, NULL, NULL, NULL, NULL, 0, 0, NULL, NULL, NULL),
(8, 1, 2839, 6, 6, NULL, NULL, NULL, NULL, NULL, 0, 0, NULL, NULL, NULL),
(8, 1, 2840, 7, 6, NULL, NULL, NULL, NULL, NULL, 1, 0, NULL, NULL, NULL),
(8, 1, 2841, 8, 6, NULL, NULL, NULL, NULL, NULL, 1, 0, NULL, NULL, NULL),
(8, 1, 2842, 9, 6, NULL, NULL, NULL, NULL, NULL, 1, 0, NULL, NULL, NULL),
(8, 1, 2843, 10, 6, NULL, NULL, NULL, NULL, NULL, 0, 0, NULL, NULL, NULL),
(8, 1, 2844, 11, 6, NULL, NULL, NULL, NULL, NULL, 0, 0, NULL, NULL, NULL),
(8, 1, 2845, 12, 6, NULL, NULL, NULL, NULL, NULL, 0, 0, NULL, NULL, NULL),
(8, 1, 2846, 13, 6, NULL, NULL, NULL, NULL, NULL, 0, 0, NULL, NULL, NULL),
(8, 1, 2847, 14, 6, NULL, NULL, NULL, NULL, NULL, 0, 0, NULL, NULL, NULL),
(8, 1, 2848, 15, 6, NULL, NULL, NULL, NULL, NULL, 0, 0, NULL, NULL, NULL),
(8, 1, 2849, 16, 6, NULL, NULL, NULL, NULL, NULL, 0, 0, NULL, NULL, NULL),
(8, 1, 2850, 17, 6, NULL, NULL, NULL, NULL, NULL, 1, 0, NULL, NULL, NULL),
(8, 1, 2851, 18, 6, NULL, NULL, NULL, NULL, NULL, 1, 0, NULL, NULL, NULL),
(8, 1, 2852, 19, 6, NULL, NULL, NULL, NULL, NULL, 1, 0, NULL, NULL, NULL),
(8, 1, 2853, 20, 6, NULL, NULL, NULL, NULL, NULL, 0, 0, NULL, NULL, NULL),
(8, 1, 2854, 21, 6, NULL, NULL, NULL, NULL, NULL, 0, 0, NULL, NULL, NULL),
(8, 1, 2855, 22, 6, NULL, NULL, NULL, NULL, NULL, 0, 0, NULL, NULL, NULL),
(8, 1, 2856, 23, 6, NULL, NULL, NULL, NULL, NULL, 0, 0, NULL, NULL, NULL),
(8, 1, 2857, 0, 7, NULL, NULL, NULL, NULL, NULL, 1, 0, NULL, NULL, NULL),
(8, 1, 2858, 1, 7, NULL, NULL, NULL, NULL, NULL, 1, 0, NULL, NULL, NULL),
(8, 1, 2859, 2, 7, NULL, NULL, NULL, NULL, NULL, 1, 0, NULL, NULL, NULL),
(8, 1, 2860, 3, 7, NULL, NULL, NULL, NULL, NULL, 1, 0, NULL, NULL, NULL),
(8, 1, 2861, 4, 7, NULL, NULL, NULL, NULL, NULL, 1, 0, NULL, NULL, NULL),
(8, 1, 2862, 5, 7, NULL, NULL, NULL, NULL, NULL, 1, 0, NULL, NULL, NULL),
(8, 1, 2863, 6, 7, NULL, NULL, NULL, NULL, NULL, 1, 0, NULL, NULL, NULL),
(8, 1, 2864, 7, 7, NULL, NULL, NULL, NULL, NULL, 1, 0, NULL, NULL, NULL),
(8, 1, 2865, 8, 7, NULL, NULL, NULL, NULL, NULL, 1, 0, NULL, NULL, NULL),
(8, 1, 2866, 9, 7, NULL, NULL, NULL, NULL, NULL, 1, 0, NULL, NULL, NULL),
(8, 1, 2867, 10, 7, NULL, NULL, NULL, NULL, NULL, 0, 0, NULL, NULL, NULL),
(8, 1, 2868, 11, 7, NULL, NULL, NULL, NULL, NULL, 0, 0, NULL, NULL, NULL),
(8, 1, 2869, 12, 7, NULL, NULL, NULL, NULL, NULL, 0, 0, NULL, NULL, NULL),
(8, 1, 2870, 13, 7, NULL, NULL, NULL, NULL, NULL, 0, 0, NULL, NULL, NULL),
(8, 1, 2871, 14, 7, NULL, NULL, NULL, NULL, NULL, 0, 0, NULL, NULL, NULL),
(8, 1, 2872, 15, 7, NULL, NULL, NULL, NULL, NULL, 0, 0, NULL, NULL, NULL),
(8, 1, 2873, 16, 7, NULL, NULL, NULL, NULL, NULL, 0, 0, NULL, NULL, NULL),
(8, 1, 2874, 17, 7, NULL, NULL, NULL, NULL, NULL, 1, 0, NULL, NULL, NULL),
(8, 1, 2875, 18, 7, NULL, NULL, NULL, NULL, NULL, 1, 0, NULL, NULL, NULL),
(8, 1, 2876, 19, 7, NULL, NULL, NULL, NULL, NULL, 1, 0, NULL, NULL, NULL),
(8, 1, 2877, 20, 7, NULL, NULL, NULL, NULL, NULL, 1, 0, NULL, NULL, NULL),
(8, 1, 2878, 21, 7, NULL, NULL, NULL, NULL, NULL, 0, 0, NULL, NULL, NULL),
(8, 1, 2879, 22, 7, NULL, NULL, NULL, NULL, NULL, 0, 0, NULL, NULL, NULL),
(8, 1, 2880, 23, 7, NULL, NULL, NULL, NULL, NULL, 0, 0, NULL, NULL, NULL),
(8, 1, 2881, 0, 8, NULL, NULL, NULL, NULL, NULL, 1, 0, NULL, NULL, NULL),
(8, 1, 2882, 1, 8, NULL, NULL, NULL, NULL, NULL, 1, 0, NULL, NULL, NULL),
(8, 1, 2883, 2, 8, NULL, NULL, NULL, NULL, NULL, 1, 0, NULL, NULL, NULL),
(8, 1, 2884, 3, 8, NULL, NULL, NULL, NULL, NULL, 1, 0, NULL, NULL, NULL),
(8, 1, 2885, 4, 8, NULL, NULL, NULL, NULL, NULL, 1, 0, NULL, NULL, NULL),
(8, 1, 2886, 5, 8, NULL, NULL, NULL, NULL, NULL, 0, 0, NULL, NULL, NULL),
(8, 1, 2887, 6, 8, NULL, NULL, NULL, NULL, NULL, 0, 0, NULL, NULL, NULL),
(8, 1, 2888, 7, 8, NULL, NULL, NULL, NULL, NULL, 1, 0, NULL, NULL, NULL),
(8, 1, 2889, 8, 8, NULL, NULL, NULL, NULL, NULL, 1, 0, NULL, NULL, NULL),
(8, 1, 2890, 9, 8, NULL, NULL, NULL, NULL, NULL, 1, 0, NULL, NULL, NULL),
(8, 1, 2891, 10, 8, NULL, NULL, NULL, NULL, NULL, 0, 0, NULL, NULL, NULL),
(8, 1, 2892, 11, 8, NULL, NULL, NULL, NULL, NULL, 0, 0, NULL, NULL, NULL),
(8, 1, 2893, 12, 8, NULL, NULL, NULL, NULL, NULL, 0, 0, NULL, NULL, NULL),
(8, 1, 2894, 13, 8, NULL, NULL, NULL, NULL, NULL, 0, 0, NULL, NULL, NULL),
(8, 1, 2895, 14, 8, NULL, NULL, NULL, NULL, NULL, 0, 0, NULL, NULL, NULL),
(8, 1, 2896, 15, 8, NULL, NULL, NULL, NULL, NULL, 0, 0, NULL, NULL, NULL),
(8, 1, 2897, 16, 8, NULL, NULL, NULL, NULL, NULL, 0, 0, NULL, NULL, NULL),
(8, 1, 2898, 17, 8, NULL, NULL, NULL, NULL, NULL, 1, 0, NULL, NULL, NULL),
(8, 1, 2899, 18, 8, NULL, NULL, NULL, NULL, NULL, 1, 0, NULL, NULL, NULL),
(8, 1, 2900, 19, 8, NULL, NULL, NULL, NULL, NULL, 1, 0, NULL, NULL, NULL),
(8, 1, 2901, 20, 8, NULL, NULL, NULL, NULL, NULL, 0, 0, NULL, NULL, NULL),
(8, 1, 2902, 21, 8, NULL, NULL, NULL, NULL, NULL, 0, 0, NULL, NULL, NULL),
(8, 1, 2903, 22, 8, NULL, NULL, NULL, NULL, NULL, 0, 0, NULL, NULL, NULL),
(8, 1, 2904, 23, 8, NULL, NULL, NULL, NULL, NULL, 0, 0, NULL, NULL, NULL),
(8, 1, 2905, 0, 9, NULL, NULL, NULL, NULL, NULL, 0, 0, NULL, NULL, NULL),
(8, 1, 2906, 1, 9, NULL, NULL, NULL, NULL, NULL, 0, 0, NULL, NULL, NULL),
(8, 1, 2907, 2, 9, NULL, NULL, NULL, NULL, NULL, 1, 0, NULL, NULL, NULL),
(8, 1, 2908, 3, 9, NULL, NULL, NULL, NULL, NULL, 0, 0, NULL, NULL, NULL),
(8, 1, 2909, 4, 9, NULL, NULL, NULL, NULL, NULL, 0, 0, NULL, NULL, NULL),
(8, 1, 2910, 5, 9, NULL, NULL, NULL, NULL, NULL, 0, 0, NULL, NULL, NULL),
(8, 1, 2911, 6, 9, NULL, NULL, NULL, NULL, NULL, 0, 0, NULL, NULL, NULL),
(8, 1, 2912, 7, 9, NULL, NULL, NULL, NULL, NULL, 0, 0, NULL, NULL, NULL),
(8, 1, 2913, 8, 9, NULL, NULL, NULL, NULL, NULL, 1, 0, NULL, NULL, NULL),
(8, 1, 2914, 9, 9, NULL, NULL, NULL, NULL, NULL, 1, 0, NULL, NULL, NULL),
(8, 1, 2915, 10, 9, NULL, NULL, NULL, NULL, NULL, 0, 0, NULL, NULL, NULL),
(8, 1, 2916, 11, 9, NULL, NULL, NULL, NULL, NULL, 0, 0, NULL, NULL, NULL),
(8, 1, 2917, 12, 9, NULL, NULL, NULL, NULL, NULL, 0, 0, NULL, NULL, NULL),
(8, 1, 2918, 13, 9, NULL, NULL, NULL, NULL, NULL, 0, 0, NULL, NULL, NULL),
(8, 1, 2919, 14, 9, NULL, NULL, NULL, NULL, NULL, 0, 0, NULL, NULL, NULL),
(8, 1, 2920, 15, 9, NULL, NULL, NULL, NULL, NULL, 0, 0, NULL, NULL, NULL),
(8, 1, 2921, 16, 9, NULL, NULL, NULL, NULL, NULL, 0, 0, NULL, NULL, NULL),
(8, 1, 2922, 17, 9, NULL, NULL, NULL, NULL, NULL, 1, 0, NULL, NULL, NULL),
(8, 1, 2923, 18, 9, NULL, NULL, NULL, NULL, NULL, 1, 0, NULL, NULL, NULL),
(8, 1, 2924, 19, 9, NULL, NULL, NULL, NULL, NULL, 0, 0, NULL, NULL, NULL),
(8, 1, 2925, 20, 9, NULL, NULL, NULL, NULL, NULL, 0, 0, NULL, NULL, NULL),
(8, 1, 2926, 21, 9, NULL, NULL, NULL, NULL, NULL, 0, 0, NULL, NULL, NULL),
(8, 1, 2927, 22, 9, NULL, NULL, NULL, NULL, NULL, 0, 0, NULL, NULL, NULL),
(8, 1, 2928, 23, 9, NULL, NULL, NULL, NULL, NULL, 0, 0, NULL, NULL, NULL),
(8, 1, 2929, 0, 10, NULL, NULL, NULL, NULL, NULL, 0, 0, NULL, NULL, NULL),
(8, 1, 2930, 1, 10, NULL, NULL, NULL, NULL, NULL, 1, 0, NULL, NULL, NULL),
(8, 1, 2931, 2, 10, NULL, NULL, NULL, NULL, NULL, 1, 0, NULL, NULL, NULL),
(8, 1, 2932, 3, 10, NULL, NULL, NULL, NULL, NULL, 1, 0, NULL, NULL, NULL),
(8, 1, 2933, 4, 10, NULL, NULL, NULL, NULL, NULL, 0, 0, NULL, NULL, NULL),
(8, 1, 2934, 5, 10, NULL, NULL, NULL, NULL, NULL, 0, 0, NULL, NULL, NULL),
(8, 1, 2935, 6, 10, NULL, NULL, NULL, NULL, NULL, 0, 0, NULL, NULL, NULL),
(8, 1, 2936, 7, 10, NULL, NULL, NULL, NULL, NULL, 0, 0, NULL, NULL, NULL),
(8, 1, 2937, 8, 10, NULL, NULL, NULL, NULL, NULL, 0, 0, NULL, NULL, NULL),
(8, 1, 2938, 9, 10, NULL, NULL, NULL, NULL, NULL, 1, 0, NULL, NULL, NULL),
(8, 1, 2939, 10, 10, NULL, NULL, NULL, NULL, NULL, 1, 0, NULL, NULL, NULL),
(8, 1, 2940, 11, 10, NULL, NULL, NULL, NULL, NULL, 1, 0, NULL, NULL, NULL),
(8, 1, 2941, 12, 10, NULL, NULL, NULL, NULL, NULL, 1, 0, NULL, NULL, NULL),
(8, 1, 2942, 13, 10, NULL, NULL, NULL, NULL, NULL, 1, 0, NULL, NULL, NULL),
(8, 1, 2943, 14, 10, NULL, NULL, NULL, NULL, NULL, 1, 0, NULL, NULL, NULL),
(8, 1, 2944, 15, 10, NULL, NULL, NULL, NULL, NULL, 1, 0, NULL, NULL, NULL),
(8, 1, 2945, 16, 10, NULL, NULL, NULL, NULL, NULL, 1, 0, NULL, NULL, NULL),
(8, 1, 2946, 17, 10, NULL, NULL, NULL, NULL, NULL, 1, 0, NULL, NULL, NULL),
(8, 1, 2947, 18, 10, NULL, NULL, NULL, NULL, NULL, 0, 0, NULL, NULL, NULL),
(8, 1, 2948, 19, 10, NULL, NULL, NULL, NULL, NULL, 0, 0, NULL, NULL, NULL),
(8, 1, 2949, 20, 10, NULL, NULL, NULL, NULL, NULL, 0, 0, NULL, NULL, NULL),
(8, 1, 2950, 21, 10, NULL, NULL, NULL, NULL, NULL, 0, 0, NULL, NULL, NULL),
(8, 1, 2951, 22, 10, NULL, NULL, NULL, NULL, NULL, 0, 0, NULL, NULL, NULL),
(8, 1, 2952, 23, 10, NULL, NULL, NULL, NULL, NULL, 0, 0, NULL, NULL, NULL),
(8, 1, 2953, 0, 11, NULL, NULL, NULL, NULL, NULL, 0, 0, NULL, NULL, NULL),
(8, 1, 2954, 1, 11, NULL, NULL, NULL, NULL, NULL, 1, 0, NULL, NULL, NULL),
(8, 1, 2955, 2, 11, NULL, NULL, NULL, NULL, NULL, 1, 0, NULL, NULL, NULL),
(8, 1, 2956, 3, 11, NULL, NULL, NULL, NULL, NULL, 1, 0, NULL, NULL, NULL),
(8, 1, 2957, 4, 11, NULL, NULL, NULL, NULL, NULL, 0, 0, NULL, NULL, NULL),
(8, 1, 2958, 5, 11, NULL, NULL, NULL, NULL, NULL, 0, 0, NULL, NULL, NULL),
(8, 1, 2959, 6, 11, NULL, NULL, NULL, NULL, NULL, 0, 0, NULL, NULL, NULL),
(8, 1, 2960, 7, 11, NULL, NULL, NULL, NULL, NULL, 0, 0, NULL, NULL, NULL),
(8, 1, 2961, 8, 11, NULL, NULL, NULL, NULL, NULL, 0, 0, NULL, NULL, NULL),
(8, 1, 2962, 9, 11, NULL, NULL, NULL, NULL, NULL, 0, 0, NULL, NULL, NULL),
(8, 1, 2963, 10, 11, NULL, NULL, NULL, NULL, NULL, 0, 0, NULL, NULL, NULL),
(8, 1, 2964, 11, 11, NULL, NULL, NULL, NULL, NULL, 0, 0, NULL, NULL, NULL),
(8, 1, 2965, 12, 11, NULL, NULL, NULL, NULL, NULL, 1, 0, NULL, NULL, NULL),
(8, 1, 2966, 13, 11, NULL, NULL, NULL, NULL, NULL, 1, 0, NULL, NULL, NULL),
(8, 1, 2967, 14, 11, NULL, NULL, NULL, NULL, NULL, 1, 0, NULL, NULL, NULL),
(8, 1, 2968, 15, 11, NULL, NULL, NULL, NULL, NULL, 0, 0, NULL, NULL, NULL),
(8, 1, 2969, 16, 11, NULL, NULL, NULL, NULL, NULL, 0, 0, NULL, NULL, NULL),
(8, 1, 2970, 17, 11, NULL, NULL, NULL, NULL, NULL, 0, 0, NULL, NULL, NULL),
(8, 1, 2971, 18, 11, NULL, NULL, NULL, NULL, NULL, 0, 0, NULL, NULL, NULL),
(8, 1, 2972, 19, 11, NULL, NULL, NULL, NULL, NULL, 0, 0, NULL, NULL, NULL),
(8, 1, 2973, 20, 11, NULL, NULL, NULL, NULL, NULL, 0, 0, NULL, NULL, NULL),
(8, 1, 2974, 21, 11, NULL, NULL, NULL, NULL, NULL, 0, 0, NULL, NULL, NULL),
(8, 1, 2975, 22, 11, NULL, NULL, NULL, NULL, NULL, 0, 0, NULL, NULL, NULL),
(8, 1, 2976, 23, 11, NULL, NULL, NULL, NULL, NULL, 0, 0, NULL, NULL, NULL),
(8, 1, 2977, 0, 12, NULL, NULL, NULL, NULL, NULL, 0, 0, NULL, NULL, NULL),
(8, 1, 2978, 1, 12, NULL, NULL, NULL, NULL, NULL, 1, 0, NULL, NULL, NULL),
(8, 1, 2979, 2, 12, NULL, NULL, NULL, NULL, NULL, 1, 0, NULL, NULL, NULL),
(8, 1, 2980, 3, 12, NULL, NULL, NULL, NULL, NULL, 1, 0, NULL, NULL, NULL),
(8, 1, 2981, 4, 12, NULL, NULL, NULL, NULL, NULL, 0, 0, NULL, NULL, NULL),
(8, 1, 2982, 5, 12, NULL, NULL, NULL, NULL, NULL, 0, 0, NULL, NULL, NULL),
(8, 1, 2983, 6, 12, NULL, NULL, NULL, NULL, NULL, 0, 0, NULL, NULL, NULL),
(8, 1, 2984, 7, 12, NULL, NULL, NULL, NULL, NULL, 0, 0, NULL, NULL, NULL),
(8, 1, 2985, 8, 12, NULL, NULL, NULL, NULL, NULL, 0, 0, NULL, NULL, NULL),
(8, 1, 2986, 9, 12, NULL, NULL, NULL, NULL, NULL, 0, 0, NULL, NULL, NULL),
(8, 1, 2987, 10, 12, NULL, NULL, NULL, NULL, NULL, 0, 0, NULL, NULL, NULL),
(8, 1, 2988, 11, 12, NULL, NULL, NULL, NULL, NULL, 0, 0, NULL, NULL, NULL),
(8, 1, 2989, 12, 12, NULL, NULL, NULL, NULL, NULL, 1, 0, NULL, NULL, NULL),
(8, 1, 2990, 13, 12, NULL, NULL, NULL, NULL, NULL, 1, 0, NULL, NULL, NULL),
(8, 1, 2991, 14, 12, NULL, NULL, NULL, NULL, NULL, 1, 0, NULL, NULL, NULL),
(8, 1, 2992, 15, 12, NULL, NULL, NULL, NULL, NULL, 0, 0, NULL, NULL, NULL),
(8, 1, 2993, 16, 12, NULL, NULL, NULL, NULL, NULL, 0, 0, NULL, NULL, NULL),
(8, 1, 2994, 17, 12, NULL, NULL, NULL, NULL, NULL, 0, 0, NULL, NULL, NULL),
(8, 1, 2995, 18, 12, NULL, NULL, NULL, NULL, NULL, 0, 0, NULL, NULL, NULL),
(8, 1, 2996, 19, 12, NULL, NULL, NULL, NULL, NULL, 0, 0, NULL, NULL, NULL),
(8, 1, 2997, 20, 12, NULL, NULL, NULL, NULL, NULL, 0, 0, NULL, NULL, NULL),
(8, 1, 2998, 21, 12, NULL, NULL, NULL, NULL, NULL, 0, 0, NULL, NULL, NULL),
(8, 1, 2999, 22, 12, NULL, NULL, NULL, NULL, NULL, 0, 0, NULL, NULL, NULL),
(8, 1, 3000, 23, 12, NULL, NULL, NULL, NULL, NULL, 0, 0, NULL, NULL, NULL),
(8, 1, 3001, 0, 13, NULL, NULL, NULL, NULL, NULL, 1, 0, NULL, NULL, NULL),
(8, 1, 3002, 1, 13, NULL, NULL, NULL, NULL, NULL, 1, 0, NULL, NULL, NULL),
(8, 1, 3003, 2, 13, NULL, NULL, NULL, NULL, NULL, 1, 0, NULL, NULL, NULL),
(8, 1, 3004, 3, 13, NULL, NULL, NULL, NULL, NULL, 1, 0, NULL, NULL, NULL),
(8, 1, 3005, 4, 13, NULL, NULL, NULL, NULL, NULL, 1, 0, NULL, NULL, NULL),
(8, 1, 3006, 5, 13, NULL, NULL, NULL, NULL, NULL, 0, 0, NULL, NULL, NULL),
(8, 1, 3007, 6, 13, NULL, NULL, NULL, NULL, NULL, 0, 0, NULL, NULL, NULL),
(8, 1, 3008, 7, 13, NULL, NULL, NULL, NULL, NULL, 0, 0, NULL, NULL, NULL),
(8, 1, 3009, 8, 13, NULL, NULL, NULL, NULL, NULL, 0, 0, NULL, NULL, NULL),
(8, 1, 3010, 9, 13, NULL, NULL, NULL, NULL, NULL, 0, 0, NULL, NULL, NULL),
(8, 1, 3011, 10, 13, NULL, NULL, NULL, NULL, NULL, 0, 0, NULL, NULL, NULL),
(8, 1, 3012, 11, 13, NULL, NULL, NULL, NULL, NULL, 0, 0, NULL, NULL, NULL),
(8, 1, 3013, 12, 13, NULL, NULL, NULL, NULL, NULL, 1, 0, NULL, NULL, NULL),
(8, 1, 3014, 13, 13, NULL, NULL, NULL, NULL, NULL, 1, 0, NULL, NULL, NULL),
(8, 1, 3015, 14, 13, NULL, NULL, NULL, NULL, NULL, 1, 0, NULL, NULL, NULL),
(8, 1, 3016, 15, 13, NULL, NULL, NULL, NULL, NULL, 0, 0, NULL, NULL, NULL),
(8, 1, 3017, 16, 13, NULL, NULL, NULL, NULL, NULL, 0, 0, NULL, NULL, NULL),
(8, 1, 3018, 17, 13, NULL, NULL, NULL, NULL, NULL, 0, 0, NULL, NULL, NULL),
(8, 1, 3019, 18, 13, NULL, NULL, NULL, NULL, NULL, 0, 0, NULL, NULL, NULL),
(8, 1, 3020, 19, 13, NULL, NULL, NULL, NULL, NULL, 0, 0, NULL, NULL, NULL),
(8, 1, 3021, 20, 13, NULL, NULL, NULL, NULL, NULL, 0, 0, NULL, NULL, NULL),
(8, 1, 3022, 21, 13, NULL, NULL, NULL, NULL, NULL, 0, 0, NULL, NULL, NULL),
(8, 1, 3023, 22, 13, NULL, NULL, NULL, NULL, NULL, 0, 0, NULL, NULL, NULL),
(8, 1, 3024, 23, 13, NULL, NULL, NULL, NULL, NULL, 0, 0, NULL, NULL, NULL),
(8, 1, 3025, 0, 14, NULL, NULL, NULL, NULL, NULL, 0, 0, NULL, NULL, NULL),
(8, 1, 3026, 1, 14, NULL, NULL, NULL, NULL, NULL, 1, 0, NULL, NULL, NULL),
(8, 1, 3027, 2, 14, NULL, NULL, NULL, NULL, NULL, 1, 0, NULL, NULL, NULL),
(8, 1, 3028, 3, 14, NULL, NULL, NULL, NULL, NULL, 1, 0, NULL, NULL, NULL),
(8, 1, 3029, 4, 14, NULL, NULL, NULL, NULL, NULL, 0, 0, NULL, NULL, NULL),
(8, 1, 3030, 5, 14, NULL, NULL, NULL, NULL, NULL, 0, 0, NULL, NULL, NULL),
(8, 1, 3031, 6, 14, NULL, NULL, NULL, NULL, NULL, 0, 0, NULL, NULL, NULL),
(8, 1, 3032, 7, 14, NULL, NULL, NULL, NULL, NULL, 0, 0, NULL, NULL, NULL),
(8, 1, 3033, 8, 14, NULL, NULL, NULL, NULL, NULL, 0, 0, NULL, NULL, NULL),
(8, 1, 3034, 9, 14, NULL, NULL, NULL, NULL, NULL, 1, 0, NULL, NULL, NULL),
(8, 1, 3035, 10, 14, NULL, NULL, NULL, NULL, NULL, 1, 0, NULL, NULL, NULL),
(8, 1, 3036, 11, 14, NULL, NULL, NULL, NULL, NULL, 1, 0, NULL, NULL, NULL),
(8, 1, 3037, 12, 14, NULL, NULL, NULL, NULL, NULL, 1, 0, NULL, NULL, NULL),
(8, 1, 3038, 13, 14, NULL, NULL, NULL, NULL, NULL, 1, 0, NULL, NULL, NULL),
(8, 1, 3039, 14, 14, NULL, NULL, NULL, NULL, NULL, 1, 0, NULL, NULL, NULL),
(8, 1, 3040, 15, 14, NULL, NULL, NULL, NULL, NULL, 1, 0, NULL, NULL, NULL),
(8, 1, 3041, 16, 14, NULL, NULL, NULL, NULL, NULL, 1, 0, NULL, NULL, NULL),
(8, 1, 3042, 17, 14, NULL, NULL, NULL, NULL, NULL, 1, 0, NULL, NULL, NULL),
(8, 1, 3043, 18, 14, NULL, NULL, NULL, NULL, NULL, 0, 0, NULL, NULL, NULL),
(8, 1, 3044, 19, 14, NULL, NULL, NULL, NULL, NULL, 0, 0, NULL, NULL, NULL),
(8, 1, 3045, 20, 14, NULL, NULL, NULL, NULL, NULL, 0, 0, NULL, NULL, NULL),
(8, 1, 3046, 21, 14, NULL, NULL, NULL, NULL, NULL, 0, 0, NULL, NULL, NULL),
(8, 1, 3047, 22, 14, NULL, NULL, NULL, NULL, NULL, 0, 0, NULL, NULL, NULL),
(8, 1, 3048, 23, 14, NULL, NULL, NULL, NULL, NULL, 0, 0, NULL, NULL, NULL),
(8, 1, 3049, 0, 15, NULL, NULL, NULL, NULL, NULL, 0, 0, NULL, NULL, NULL),
(8, 1, 3050, 1, 15, NULL, NULL, NULL, NULL, NULL, 1, 0, NULL, NULL, NULL),
(8, 1, 3051, 2, 15, NULL, NULL, NULL, NULL, NULL, 1, 0, NULL, NULL, NULL),
(8, 1, 3052, 3, 15, NULL, NULL, NULL, NULL, NULL, 1, 0, NULL, NULL, NULL),
(8, 1, 3053, 4, 15, NULL, NULL, NULL, NULL, NULL, 1, 0, NULL, NULL, NULL),
(8, 1, 3054, 5, 15, NULL, NULL, NULL, NULL, NULL, 1, 0, NULL, NULL, NULL),
(8, 1, 3055, 6, 15, NULL, NULL, NULL, NULL, NULL, 1, 0, NULL, NULL, NULL),
(8, 1, 3056, 7, 15, NULL, NULL, NULL, NULL, NULL, 1, 0, NULL, NULL, NULL),
(8, 1, 3057, 8, 15, NULL, NULL, NULL, NULL, NULL, 1, 0, NULL, NULL, NULL),
(8, 1, 3058, 9, 15, NULL, NULL, NULL, NULL, NULL, 1, 0, NULL, NULL, NULL),
(8, 1, 3059, 10, 15, NULL, NULL, NULL, NULL, NULL, 1, 0, NULL, NULL, NULL),
(8, 1, 3060, 11, 15, NULL, NULL, NULL, NULL, NULL, 1, 0, NULL, NULL, NULL),
(8, 1, 3061, 12, 15, NULL, NULL, NULL, NULL, NULL, 0, 0, NULL, NULL, NULL),
(8, 1, 3062, 13, 15, NULL, NULL, 6, NULL, 1980, 0, 1, NULL, NULL, 1),
(8, 1, 3063, 14, 15, NULL, NULL, NULL, NULL, NULL, 0, 0, NULL, NULL, NULL),
(8, 1, 3064, 15, 15, NULL, NULL, NULL, NULL, NULL, 1, 0, NULL, NULL, NULL),
(8, 1, 3065, 16, 15, NULL, NULL, NULL, NULL, NULL, 1, 0, NULL, NULL, NULL),
(8, 1, 3066, 17, 15, NULL, NULL, NULL, NULL, NULL, 1, 0, NULL, NULL, NULL),
(8, 1, 3067, 18, 15, NULL, NULL, NULL, NULL, NULL, 1, 0, NULL, NULL, NULL),
(8, 1, 3068, 19, 15, NULL, NULL, NULL, NULL, NULL, 0, 0, NULL, NULL, NULL),
(8, 1, 3069, 20, 15, NULL, NULL, NULL, NULL, NULL, 0, 0, NULL, NULL, NULL),
(8, 1, 3070, 21, 15, NULL, NULL, NULL, NULL, NULL, 0, 0, NULL, NULL, NULL),
(8, 1, 3071, 22, 15, NULL, NULL, NULL, NULL, NULL, 0, 0, NULL, NULL, NULL),
(8, 1, 3072, 23, 15, NULL, NULL, NULL, NULL, NULL, 0, 0, NULL, NULL, NULL),
(9, 1, 3073, 0, 0, NULL, NULL, NULL, NULL, NULL, 1, 0, NULL, NULL, NULL),
(9, 1, 3074, 1, 0, NULL, NULL, NULL, NULL, NULL, 1, 0, NULL, NULL, NULL),
(9, 1, 3075, 2, 0, NULL, NULL, NULL, NULL, NULL, 1, 0, NULL, NULL, NULL),
(9, 1, 3076, 3, 0, NULL, NULL, NULL, NULL, NULL, 1, 0, NULL, NULL, NULL),
(9, 1, 3077, 4, 0, NULL, NULL, NULL, NULL, NULL, 1, 0, NULL, NULL, NULL),
(9, 1, 3078, 5, 0, NULL, NULL, NULL, NULL, NULL, 1, 0, NULL, NULL, NULL),
(9, 1, 3079, 6, 0, NULL, NULL, NULL, NULL, NULL, 1, 0, NULL, NULL, NULL),
(9, 1, 3080, 7, 0, NULL, NULL, NULL, NULL, NULL, 1, 0, NULL, NULL, NULL),
(9, 1, 3081, 8, 0, NULL, NULL, NULL, NULL, NULL, 1, 0, NULL, NULL, NULL),
(9, 1, 3082, 9, 0, NULL, NULL, NULL, NULL, NULL, 1, 0, NULL, NULL, NULL),
(9, 1, 3083, 10, 0, NULL, NULL, NULL, NULL, NULL, 1, 0, NULL, NULL, NULL),
(9, 1, 3084, 11, 0, NULL, NULL, NULL, NULL, NULL, 1, 0, NULL, NULL, NULL),
(9, 1, 3085, 12, 0, NULL, NULL, NULL, NULL, NULL, 1, 0, NULL, NULL, NULL),
(9, 1, 3086, 13, 0, NULL, NULL, NULL, NULL, NULL, 1, 0, NULL, NULL, NULL),
(9, 1, 3087, 14, 0, NULL, NULL, NULL, NULL, NULL, 1, 0, NULL, NULL, NULL),
(9, 1, 3088, 15, 0, NULL, NULL, NULL, NULL, NULL, 1, 0, NULL, NULL, NULL),
(9, 1, 3089, 16, 0, NULL, NULL, NULL, NULL, NULL, 1, 0, NULL, NULL, NULL),
(9, 1, 3090, 17, 0, NULL, NULL, NULL, NULL, NULL, 1, 0, NULL, NULL, NULL),
(9, 1, 3091, 18, 0, NULL, NULL, NULL, NULL, NULL, 1, 0, NULL, NULL, NULL),
(9, 1, 3092, 19, 0, NULL, NULL, NULL, NULL, NULL, 1, 0, NULL, NULL, NULL),
(9, 1, 3093, 20, 0, NULL, NULL, NULL, NULL, NULL, 1, 0, NULL, NULL, NULL),
(9, 1, 3094, 21, 0, NULL, NULL, NULL, NULL, NULL, 1, 0, NULL, NULL, NULL),
(9, 1, 3095, 22, 0, NULL, NULL, NULL, NULL, NULL, 1, 0, NULL, NULL, NULL),
(9, 1, 3096, 23, 0, NULL, NULL, NULL, NULL, NULL, 1, 0, NULL, NULL, NULL),
(9, 1, 3097, 0, 1, NULL, NULL, NULL, NULL, NULL, 1, 0, NULL, NULL, NULL),
(9, 1, 3098, 1, 1, NULL, NULL, NULL, NULL, NULL, 1, 0, NULL, NULL, NULL),
(9, 1, 3099, 2, 1, NULL, NULL, NULL, NULL, NULL, 1, 0, NULL, NULL, NULL),
(9, 1, 3100, 3, 1, NULL, NULL, NULL, NULL, NULL, 1, 0, NULL, NULL, NULL),
(9, 1, 3101, 4, 1, NULL, NULL, NULL, NULL, NULL, 1, 0, NULL, NULL, NULL),
(9, 1, 3102, 5, 1, NULL, NULL, NULL, NULL, NULL, 1, 0, NULL, NULL, NULL),
(9, 1, 3103, 6, 1, NULL, NULL, NULL, NULL, NULL, 1, 0, NULL, NULL, NULL),
(9, 1, 3104, 7, 1, NULL, NULL, NULL, NULL, NULL, 1, 0, NULL, NULL, NULL),
(9, 1, 3105, 8, 1, NULL, NULL, NULL, NULL, NULL, 0, 0, NULL, NULL, NULL),
(9, 1, 3106, 9, 1, NULL, NULL, NULL, NULL, NULL, 0, 0, NULL, NULL, NULL),
(9, 1, 3107, 10, 1, NULL, NULL, NULL, NULL, NULL, 0, 0, NULL, NULL, NULL),
(9, 1, 3108, 11, 1, NULL, NULL, NULL, NULL, NULL, 0, 0, NULL, NULL, NULL),
(9, 1, 3109, 12, 1, NULL, NULL, NULL, NULL, NULL, 0, 0, NULL, NULL, NULL),
(9, 1, 3110, 13, 1, NULL, NULL, NULL, NULL, NULL, 0, 0, NULL, NULL, NULL),
(9, 1, 3111, 14, 1, NULL, NULL, NULL, NULL, NULL, 0, 0, NULL, NULL, NULL),
(9, 1, 3112, 15, 1, NULL, NULL, NULL, NULL, NULL, 1, 0, NULL, NULL, NULL),
(9, 1, 3113, 16, 1, NULL, NULL, NULL, NULL, NULL, 1, 0, NULL, NULL, NULL),
(9, 1, 3114, 17, 1, NULL, NULL, NULL, NULL, NULL, 1, 0, NULL, NULL, NULL),
(9, 1, 3115, 18, 1, NULL, NULL, NULL, NULL, NULL, 1, 0, NULL, NULL, NULL),
(9, 1, 3116, 19, 1, NULL, NULL, NULL, NULL, NULL, 1, 0, NULL, NULL, NULL),
(9, 1, 3117, 20, 1, NULL, NULL, NULL, NULL, NULL, 1, 0, NULL, NULL, NULL),
(9, 1, 3118, 21, 1, NULL, NULL, NULL, NULL, NULL, 1, 0, NULL, NULL, NULL),
(9, 1, 3119, 22, 1, NULL, NULL, NULL, NULL, NULL, 1, 0, NULL, NULL, NULL),
(9, 1, 3120, 23, 1, NULL, NULL, NULL, NULL, NULL, 1, 0, NULL, NULL, NULL),
(9, 1, 3121, 0, 2, NULL, NULL, NULL, NULL, NULL, 1, 0, NULL, NULL, NULL),
(9, 1, 3122, 1, 2, NULL, NULL, NULL, NULL, NULL, 1, 0, NULL, NULL, NULL),
(9, 1, 3123, 2, 2, NULL, NULL, NULL, NULL, NULL, 1, 0, NULL, NULL, NULL),
(9, 1, 3124, 3, 2, NULL, NULL, NULL, NULL, NULL, 1, 0, NULL, NULL, NULL),
(9, 1, 3125, 4, 2, NULL, NULL, NULL, NULL, NULL, 1, 0, NULL, NULL, NULL),
(9, 1, 3126, 5, 2, NULL, NULL, NULL, NULL, NULL, 1, 0, NULL, NULL, NULL),
(9, 1, 3127, 6, 2, NULL, NULL, NULL, NULL, NULL, 1, 0, NULL, NULL, NULL),
(9, 1, 3128, 7, 2, NULL, NULL, NULL, NULL, NULL, 1, 0, NULL, NULL, NULL),
(9, 1, 3129, 8, 2, NULL, NULL, NULL, NULL, NULL, 0, 0, NULL, NULL, NULL),
(9, 1, 3130, 9, 2, NULL, NULL, NULL, NULL, NULL, 0, 0, NULL, NULL, NULL),
(9, 1, 3131, 10, 2, NULL, NULL, NULL, NULL, NULL, 0, 0, NULL, NULL, NULL),
(9, 1, 3132, 11, 2, NULL, NULL, NULL, NULL, NULL, 0, 0, NULL, NULL, NULL),
(9, 1, 3133, 12, 2, NULL, NULL, NULL, NULL, NULL, 0, 0, NULL, NULL, NULL),
(9, 1, 3134, 13, 2, NULL, NULL, NULL, NULL, NULL, 0, 0, NULL, NULL, NULL),
(9, 1, 3135, 14, 2, NULL, NULL, NULL, NULL, NULL, 0, 0, NULL, NULL, NULL),
(9, 1, 3136, 15, 2, NULL, NULL, NULL, NULL, NULL, 1, 0, NULL, NULL, NULL),
(9, 1, 3137, 16, 2, NULL, NULL, NULL, NULL, NULL, 1, 0, NULL, NULL, NULL),
(9, 1, 3138, 17, 2, NULL, NULL, NULL, NULL, NULL, 1, 0, NULL, NULL, NULL),
(9, 1, 3139, 18, 2, NULL, NULL, NULL, NULL, NULL, 1, 0, NULL, NULL, NULL),
(9, 1, 3140, 19, 2, NULL, NULL, NULL, NULL, NULL, 1, 0, NULL, NULL, NULL),
(9, 1, 3141, 20, 2, NULL, NULL, NULL, NULL, NULL, 1, 0, NULL, NULL, NULL),
(9, 1, 3142, 21, 2, NULL, NULL, NULL, NULL, NULL, 1, 0, NULL, NULL, NULL),
(9, 1, 3143, 22, 2, NULL, NULL, NULL, NULL, NULL, 1, 0, NULL, NULL, NULL),
(9, 1, 3144, 23, 2, NULL, NULL, NULL, NULL, NULL, 1, 0, NULL, NULL, NULL),
(9, 1, 3145, 0, 3, NULL, NULL, NULL, NULL, NULL, 1, 0, NULL, NULL, NULL),
(9, 1, 3146, 1, 3, NULL, NULL, NULL, NULL, NULL, 1, 0, NULL, NULL, NULL),
(9, 1, 3147, 2, 3, NULL, NULL, NULL, NULL, NULL, 1, 0, NULL, NULL, NULL),
(9, 1, 3148, 3, 3, NULL, NULL, NULL, NULL, NULL, 1, 0, NULL, NULL, NULL),
(9, 1, 3149, 4, 3, NULL, NULL, NULL, NULL, NULL, 1, 0, NULL, NULL, NULL),
(9, 1, 3150, 5, 3, NULL, NULL, NULL, NULL, NULL, 1, 0, NULL, NULL, NULL),
(9, 1, 3151, 6, 3, NULL, NULL, NULL, NULL, NULL, 1, 0, NULL, NULL, NULL),
(9, 1, 3152, 7, 3, NULL, NULL, NULL, NULL, NULL, 0, 0, NULL, NULL, NULL),
(9, 1, 3153, 8, 3, NULL, NULL, NULL, NULL, NULL, 0, 0, NULL, NULL, NULL),
(9, 1, 3154, 9, 3, NULL, NULL, NULL, NULL, NULL, 0, 0, NULL, NULL, NULL),
(9, 1, 3155, 10, 3, NULL, NULL, NULL, NULL, NULL, 0, 0, NULL, NULL, NULL),
(9, 1, 3156, 11, 3, NULL, NULL, NULL, NULL, NULL, 0, 0, NULL, NULL, NULL),
(9, 1, 3157, 12, 3, NULL, NULL, NULL, NULL, NULL, 0, 0, NULL, NULL, NULL),
(9, 1, 3158, 13, 3, NULL, NULL, NULL, NULL, NULL, 0, 0, NULL, NULL, NULL),
(9, 1, 3159, 14, 3, NULL, NULL, NULL, NULL, NULL, 0, 0, NULL, NULL, NULL),
(9, 1, 3160, 15, 3, NULL, NULL, NULL, NULL, NULL, 0, 0, NULL, NULL, NULL),
(9, 1, 3161, 16, 3, NULL, NULL, NULL, NULL, NULL, 1, 0, NULL, NULL, NULL),
(9, 1, 3162, 17, 3, NULL, NULL, NULL, NULL, NULL, 1, 0, NULL, NULL, NULL),
(9, 1, 3163, 18, 3, NULL, NULL, NULL, NULL, NULL, 1, 0, NULL, NULL, NULL),
(9, 1, 3164, 19, 3, NULL, NULL, NULL, NULL, NULL, 1, 0, NULL, NULL, NULL),
(9, 1, 3165, 20, 3, NULL, NULL, NULL, NULL, NULL, 1, 0, NULL, NULL, NULL),
(9, 1, 3166, 21, 3, NULL, NULL, NULL, NULL, NULL, 1, 0, NULL, NULL, NULL),
(9, 1, 3167, 22, 3, NULL, NULL, NULL, NULL, NULL, 1, 0, NULL, NULL, NULL),
(9, 1, 3168, 23, 3, NULL, NULL, NULL, NULL, NULL, 1, 0, NULL, NULL, NULL),
(9, 1, 3169, 0, 4, NULL, NULL, NULL, NULL, NULL, 1, 0, NULL, NULL, NULL),
(9, 1, 3170, 1, 4, NULL, NULL, NULL, NULL, NULL, 1, 0, NULL, NULL, NULL),
(9, 1, 3171, 2, 4, NULL, NULL, NULL, NULL, NULL, 0, 0, NULL, NULL, NULL),
(9, 1, 3172, 3, 4, NULL, NULL, NULL, NULL, NULL, 0, 0, NULL, NULL, NULL),
(9, 1, 3173, 4, 4, NULL, NULL, NULL, NULL, NULL, 0, 0, NULL, NULL, NULL),
(9, 1, 3174, 5, 4, NULL, NULL, NULL, NULL, NULL, 0, 0, NULL, NULL, NULL),
(9, 1, 3175, 6, 4, NULL, NULL, NULL, NULL, NULL, 0, 0, NULL, NULL, NULL),
(9, 1, 3176, 7, 4, NULL, NULL, NULL, NULL, NULL, 0, 0, NULL, NULL, NULL),
(9, 1, 3177, 8, 4, NULL, NULL, NULL, NULL, NULL, 0, 0, NULL, NULL, NULL),
(9, 1, 3178, 9, 4, NULL, NULL, NULL, NULL, NULL, 0, 0, NULL, NULL, NULL),
(9, 1, 3179, 10, 4, NULL, NULL, NULL, NULL, NULL, 0, 0, NULL, NULL, NULL),
(9, 1, 3180, 11, 4, NULL, NULL, 10, NULL, 3828, 0, 1, NULL, NULL, 1),
(9, 1, 3181, 12, 4, NULL, NULL, NULL, NULL, NULL, 0, 0, NULL, NULL, NULL),
(9, 1, 3182, 13, 4, NULL, NULL, NULL, NULL, NULL, 0, 0, NULL, NULL, NULL),
(9, 1, 3183, 14, 4, NULL, NULL, NULL, NULL, NULL, 0, 0, NULL, NULL, NULL),
(9, 1, 3184, 15, 4, NULL, NULL, NULL, NULL, NULL, 0, 0, NULL, NULL, NULL),
(9, 1, 3185, 16, 4, NULL, NULL, NULL, NULL, NULL, 0, 0, NULL, NULL, NULL),
(9, 1, 3186, 17, 4, NULL, NULL, NULL, NULL, NULL, 0, 0, NULL, NULL, NULL),
(9, 1, 3187, 18, 4, NULL, NULL, NULL, NULL, NULL, 0, 0, NULL, NULL, NULL),
(9, 1, 3188, 19, 4, NULL, NULL, NULL, NULL, NULL, 0, 0, NULL, NULL, NULL),
(9, 1, 3189, 20, 4, NULL, NULL, NULL, NULL, NULL, 0, 0, NULL, NULL, NULL),
(9, 1, 3190, 21, 4, NULL, NULL, NULL, NULL, NULL, 1, 0, NULL, NULL, NULL),
(9, 1, 3191, 22, 4, NULL, NULL, NULL, NULL, NULL, 1, 0, NULL, NULL, NULL),
(9, 1, 3192, 23, 4, NULL, NULL, NULL, NULL, NULL, 1, 0, NULL, NULL, NULL),
(9, 1, 3193, 0, 5, NULL, NULL, NULL, NULL, NULL, 1, 0, NULL, NULL, NULL),
(9, 1, 3194, 1, 5, NULL, NULL, NULL, NULL, NULL, 1, 0, NULL, NULL, NULL),
(9, 1, 3195, 2, 5, NULL, NULL, NULL, NULL, NULL, 0, 0, NULL, NULL, NULL),
(9, 1, 3196, 3, 5, NULL, NULL, NULL, NULL, NULL, 0, 0, NULL, NULL, NULL),
(9, 1, 3197, 4, 5, NULL, NULL, NULL, NULL, NULL, 0, 0, NULL, NULL, NULL),
(9, 1, 3198, 5, 5, NULL, NULL, NULL, NULL, NULL, 0, 0, NULL, NULL, NULL),
(9, 1, 3199, 6, 5, NULL, NULL, NULL, NULL, NULL, 0, 0, NULL, NULL, NULL),
(9, 1, 3200, 7, 5, NULL, NULL, NULL, NULL, NULL, 0, 0, NULL, NULL, NULL),
(9, 1, 3201, 8, 5, NULL, NULL, NULL, NULL, NULL, 0, 0, NULL, NULL, NULL),
(9, 1, 3202, 9, 5, NULL, NULL, NULL, NULL, NULL, 0, 0, NULL, NULL, NULL),
(9, 1, 3203, 10, 5, NULL, NULL, NULL, NULL, NULL, 1, 0, NULL, NULL, NULL),
(9, 1, 3204, 11, 5, NULL, NULL, NULL, NULL, NULL, 1, 0, NULL, NULL, NULL),
(9, 1, 3205, 12, 5, NULL, NULL, NULL, NULL, NULL, 1, 0, NULL, NULL, NULL),
(9, 1, 3206, 13, 5, NULL, NULL, NULL, NULL, NULL, 0, 0, NULL, NULL, NULL),
(9, 1, 3207, 14, 5, NULL, NULL, NULL, NULL, NULL, 0, 0, NULL, NULL, NULL),
(9, 1, 3208, 15, 5, NULL, NULL, NULL, NULL, NULL, 0, 0, NULL, NULL, NULL),
(9, 1, 3209, 16, 5, NULL, NULL, NULL, NULL, NULL, 0, 0, NULL, NULL, NULL),
(9, 1, 3210, 17, 5, NULL, NULL, NULL, NULL, NULL, 0, 0, NULL, NULL, NULL),
(9, 1, 3211, 18, 5, NULL, NULL, NULL, NULL, NULL, 0, 0, NULL, NULL, NULL),
(9, 1, 3212, 19, 5, NULL, NULL, NULL, NULL, NULL, 0, 0, NULL, NULL, NULL),
(9, 1, 3213, 20, 5, NULL, NULL, NULL, NULL, NULL, 0, 0, NULL, NULL, NULL),
(9, 1, 3214, 21, 5, NULL, NULL, NULL, NULL, NULL, 1, 0, NULL, NULL, NULL),
(9, 1, 3215, 22, 5, NULL, NULL, NULL, NULL, NULL, 1, 0, NULL, NULL, NULL),
(9, 1, 3216, 23, 5, NULL, NULL, NULL, NULL, NULL, 1, 0, NULL, NULL, NULL),
(9, 1, 3217, 0, 6, NULL, NULL, NULL, NULL, NULL, 1, 0, NULL, NULL, NULL),
(9, 1, 3218, 1, 6, NULL, NULL, NULL, NULL, NULL, 1, 0, NULL, NULL, NULL),
(9, 1, 3219, 2, 6, NULL, NULL, NULL, NULL, NULL, 0, 0, NULL, NULL, NULL),
(9, 1, 3220, 3, 6, NULL, NULL, NULL, NULL, NULL, 0, 0, NULL, NULL, NULL),
(9, 1, 3221, 4, 6, NULL, NULL, NULL, NULL, NULL, 0, 0, NULL, NULL, NULL),
(9, 1, 3222, 5, 6, NULL, NULL, NULL, NULL, NULL, 0, 0, NULL, NULL, NULL),
(9, 1, 3223, 6, 6, NULL, NULL, NULL, NULL, NULL, 0, 0, NULL, NULL, NULL),
(9, 1, 3224, 7, 6, NULL, NULL, NULL, NULL, NULL, 0, 0, NULL, NULL, NULL),
(9, 1, 3225, 8, 6, NULL, NULL, NULL, NULL, NULL, 0, 0, NULL, NULL, NULL),
(9, 1, 3226, 9, 6, NULL, NULL, NULL, NULL, NULL, 0, 0, NULL, NULL, NULL),
(9, 1, 3227, 10, 6, NULL, NULL, NULL, NULL, NULL, 0, 0, NULL, NULL, NULL),
(9, 1, 3228, 11, 6, NULL, NULL, NULL, NULL, NULL, 1, 0, NULL, NULL, NULL),
(9, 1, 3229, 12, 6, NULL, NULL, NULL, NULL, NULL, 0, 0, NULL, NULL, NULL),
(9, 1, 3230, 13, 6, NULL, NULL, NULL, NULL, NULL, 0, 0, NULL, NULL, NULL),
(9, 1, 3231, 14, 6, NULL, NULL, NULL, NULL, NULL, 0, 0, NULL, NULL, NULL),
(9, 1, 3232, 15, 6, NULL, NULL, NULL, NULL, NULL, 0, 0, NULL, NULL, NULL),
(9, 1, 3233, 16, 6, NULL, NULL, NULL, NULL, NULL, 0, 0, NULL, NULL, NULL),
(9, 1, 3234, 17, 6, NULL, NULL, NULL, NULL, NULL, 0, 0, NULL, NULL, NULL),
(9, 1, 3235, 18, 6, NULL, NULL, NULL, NULL, NULL, 0, 0, NULL, NULL, NULL),
(9, 1, 3236, 19, 6, NULL, NULL, NULL, NULL, NULL, 0, 0, NULL, NULL, NULL),
(9, 1, 3237, 20, 6, NULL, NULL, NULL, NULL, NULL, 0, 0, NULL, NULL, NULL),
(9, 1, 3238, 21, 6, NULL, NULL, NULL, NULL, NULL, 1, 0, NULL, NULL, NULL),
(9, 1, 3239, 22, 6, NULL, NULL, NULL, NULL, NULL, 1, 0, NULL, NULL, NULL),
(9, 1, 3240, 23, 6, NULL, NULL, NULL, NULL, NULL, 1, 0, NULL, NULL, NULL),
(9, 1, 3241, 0, 7, NULL, NULL, NULL, NULL, NULL, 1, 0, NULL, NULL, NULL),
(9, 1, 3242, 1, 7, NULL, NULL, NULL, NULL, NULL, 1, 0, NULL, NULL, NULL),
(9, 1, 3243, 2, 7, NULL, NULL, NULL, NULL, NULL, 0, 0, NULL, NULL, NULL),
(9, 1, 3244, 3, 7, NULL, NULL, NULL, NULL, NULL, 0, 0, NULL, NULL, NULL),
(9, 1, 3245, 4, 7, NULL, NULL, NULL, NULL, NULL, 0, 0, NULL, NULL, NULL),
(9, 1, 3246, 5, 7, NULL, NULL, NULL, NULL, NULL, 0, 0, NULL, NULL, NULL),
(9, 1, 3247, 6, 7, NULL, NULL, NULL, NULL, NULL, 0, 0, NULL, NULL, NULL),
(9, 1, 3248, 7, 7, NULL, NULL, NULL, NULL, NULL, 0, 0, NULL, NULL, NULL),
(9, 1, 3249, 8, 7, NULL, NULL, NULL, NULL, NULL, 0, 0, NULL, NULL, NULL),
(9, 1, 3250, 9, 7, NULL, NULL, NULL, NULL, NULL, 0, 0, NULL, NULL, NULL),
(9, 1, 3251, 10, 7, NULL, NULL, NULL, NULL, NULL, 0, 0, NULL, NULL, NULL),
(9, 1, 3252, 11, 7, NULL, NULL, NULL, NULL, NULL, 1, 0, NULL, NULL, NULL),
(9, 1, 3253, 12, 7, NULL, NULL, NULL, NULL, NULL, 0, 0, NULL, NULL, NULL),
(9, 1, 3254, 13, 7, NULL, NULL, NULL, NULL, NULL, 0, 0, NULL, NULL, NULL),
(9, 1, 3255, 14, 7, NULL, NULL, NULL, NULL, NULL, 0, 0, NULL, NULL, NULL),
(9, 1, 3256, 15, 7, NULL, NULL, NULL, NULL, NULL, 0, 0, NULL, NULL, NULL),
(9, 1, 3257, 16, 7, NULL, NULL, NULL, NULL, NULL, 0, 0, NULL, NULL, NULL),
(9, 1, 3258, 17, 7, NULL, NULL, NULL, NULL, NULL, 0, 0, NULL, NULL, NULL),
(9, 1, 3259, 18, 7, NULL, NULL, NULL, NULL, NULL, 0, 0, NULL, NULL, NULL),
(9, 1, 3260, 19, 7, NULL, NULL, NULL, NULL, NULL, 0, 0, NULL, NULL, NULL),
(9, 1, 3261, 20, 7, NULL, NULL, NULL, NULL, NULL, 0, 0, NULL, NULL, NULL),
(9, 1, 3262, 21, 7, NULL, NULL, NULL, NULL, NULL, 1, 0, NULL, NULL, NULL),
(9, 1, 3263, 22, 7, NULL, NULL, NULL, NULL, NULL, 1, 0, NULL, NULL, NULL),
(9, 1, 3264, 23, 7, NULL, NULL, NULL, NULL, NULL, 1, 0, NULL, NULL, NULL),
(9, 1, 3265, 0, 8, NULL, NULL, NULL, NULL, NULL, 1, 0, NULL, NULL, NULL),
(9, 1, 3266, 1, 8, NULL, NULL, NULL, NULL, NULL, 1, 0, NULL, NULL, NULL),
(9, 1, 3267, 2, 8, NULL, NULL, NULL, NULL, NULL, 0, 0, NULL, NULL, NULL),
(9, 1, 3268, 3, 8, NULL, NULL, NULL, NULL, NULL, 1, 0, NULL, NULL, NULL),
(9, 1, 3269, 4, 8, NULL, NULL, NULL, NULL, NULL, 1, 0, NULL, NULL, NULL),
(9, 1, 3270, 5, 8, NULL, NULL, NULL, NULL, NULL, 1, 0, NULL, NULL, NULL),
(9, 1, 3271, 6, 8, NULL, NULL, NULL, NULL, NULL, 1, 0, NULL, NULL, NULL),
(9, 1, 3272, 7, 8, NULL, NULL, NULL, NULL, NULL, 1, 0, NULL, NULL, NULL),
(9, 1, 3273, 8, 8, NULL, NULL, NULL, NULL, NULL, 1, 0, NULL, NULL, NULL),
(9, 1, 3274, 9, 8, NULL, NULL, NULL, NULL, NULL, 1, 0, NULL, NULL, NULL),
(9, 1, 3275, 10, 8, NULL, NULL, NULL, NULL, NULL, 1, 0, NULL, NULL, NULL),
(9, 1, 3276, 11, 8, NULL, NULL, NULL, NULL, NULL, 1, 0, NULL, NULL, NULL),
(9, 1, 3277, 12, 8, NULL, NULL, NULL, NULL, NULL, 1, 0, NULL, NULL, NULL),
(9, 1, 3278, 13, 8, NULL, NULL, NULL, NULL, NULL, 1, 0, NULL, NULL, NULL),
(9, 1, 3279, 14, 8, NULL, NULL, NULL, NULL, NULL, 1, 0, NULL, NULL, NULL),
(9, 1, 3280, 15, 8, NULL, NULL, NULL, NULL, NULL, 1, 0, NULL, NULL, NULL),
(9, 1, 3281, 16, 8, NULL, NULL, NULL, NULL, NULL, 1, 0, NULL, NULL, NULL),
(9, 1, 3282, 17, 8, NULL, NULL, NULL, NULL, NULL, 1, 0, NULL, NULL, NULL),
(9, 1, 3283, 18, 8, NULL, NULL, NULL, NULL, NULL, 1, 0, NULL, NULL, NULL),
(9, 1, 3284, 19, 8, NULL, NULL, NULL, NULL, NULL, 1, 0, NULL, NULL, NULL),
(9, 1, 3285, 20, 8, NULL, NULL, NULL, NULL, NULL, 0, 0, NULL, NULL, NULL),
(9, 1, 3286, 21, 8, NULL, NULL, NULL, NULL, NULL, 1, 0, NULL, NULL, NULL),
(9, 1, 3287, 22, 8, NULL, NULL, NULL, NULL, NULL, 1, 0, NULL, NULL, NULL),
(9, 1, 3288, 23, 8, NULL, NULL, NULL, NULL, NULL, 1, 0, NULL, NULL, NULL),
(9, 1, 3289, 0, 9, NULL, NULL, NULL, NULL, NULL, 1, 0, NULL, NULL, NULL),
(9, 1, 3290, 1, 9, NULL, NULL, NULL, NULL, NULL, 1, 0, NULL, NULL, NULL),
(9, 1, 3291, 2, 9, NULL, NULL, NULL, NULL, NULL, 0, 0, NULL, NULL, NULL),
(9, 1, 3292, 3, 9, NULL, NULL, NULL, NULL, NULL, 0, 0, NULL, NULL, NULL),
(9, 1, 3293, 4, 9, NULL, NULL, NULL, NULL, NULL, 0, 0, NULL, NULL, NULL),
(9, 1, 3294, 5, 9, NULL, NULL, NULL, NULL, NULL, 0, 0, NULL, NULL, NULL),
(9, 1, 3295, 6, 9, NULL, NULL, NULL, NULL, NULL, 0, 0, NULL, NULL, NULL),
(9, 1, 3296, 7, 9, NULL, NULL, NULL, NULL, NULL, 0, 0, NULL, NULL, NULL),
(9, 1, 3297, 8, 9, NULL, NULL, NULL, NULL, NULL, 0, 0, NULL, NULL, NULL),
(9, 1, 3298, 9, 9, NULL, NULL, NULL, NULL, NULL, 0, 0, NULL, NULL, NULL),
(9, 1, 3299, 10, 9, NULL, NULL, NULL, NULL, NULL, 0, 0, NULL, NULL, NULL),
(9, 1, 3300, 11, 9, NULL, NULL, NULL, NULL, NULL, 1, 0, NULL, NULL, NULL),
(9, 1, 3301, 12, 9, NULL, NULL, NULL, NULL, NULL, 0, 0, NULL, NULL, NULL),
(9, 1, 3302, 13, 9, NULL, NULL, NULL, NULL, NULL, 0, 0, NULL, NULL, NULL),
(9, 1, 3303, 14, 9, NULL, NULL, NULL, NULL, NULL, 0, 0, NULL, NULL, NULL),
(9, 1, 3304, 15, 9, NULL, NULL, NULL, NULL, NULL, 0, 0, NULL, NULL, NULL),
(9, 1, 3305, 16, 9, NULL, NULL, NULL, NULL, NULL, 0, 0, NULL, NULL, NULL),
(9, 1, 3306, 17, 9, NULL, NULL, NULL, NULL, NULL, 0, 0, NULL, NULL, NULL),
(9, 1, 3307, 18, 9, NULL, NULL, NULL, NULL, NULL, 0, 0, NULL, NULL, NULL),
(9, 1, 3308, 19, 9, NULL, NULL, NULL, NULL, NULL, 0, 0, NULL, NULL, NULL),
(9, 1, 3309, 20, 9, NULL, NULL, NULL, NULL, NULL, 0, 0, NULL, NULL, NULL),
(9, 1, 3310, 21, 9, NULL, NULL, NULL, NULL, NULL, 1, 0, NULL, NULL, NULL),
(9, 1, 3311, 22, 9, NULL, NULL, NULL, NULL, NULL, 1, 0, NULL, NULL, NULL),
(9, 1, 3312, 23, 9, NULL, NULL, NULL, NULL, NULL, 1, 0, NULL, NULL, NULL),
(9, 1, 3313, 0, 10, NULL, NULL, NULL, NULL, NULL, 1, 0, NULL, NULL, NULL),
(9, 1, 3314, 1, 10, NULL, NULL, NULL, NULL, NULL, 1, 0, NULL, NULL, NULL),
(9, 1, 3315, 2, 10, NULL, NULL, NULL, NULL, NULL, 0, 0, NULL, NULL, NULL),
(9, 1, 3316, 3, 10, NULL, NULL, NULL, NULL, NULL, 0, 0, NULL, NULL, NULL),
(9, 1, 3317, 4, 10, NULL, NULL, NULL, NULL, NULL, 0, 0, NULL, NULL, NULL),
(9, 1, 3318, 5, 10, NULL, NULL, NULL, NULL, NULL, 0, 0, NULL, NULL, NULL),
(9, 1, 3319, 6, 10, NULL, NULL, NULL, NULL, NULL, 0, 0, NULL, NULL, NULL),
(9, 1, 3320, 7, 10, NULL, NULL, NULL, NULL, NULL, 0, 0, NULL, NULL, NULL),
(9, 1, 3321, 8, 10, NULL, NULL, NULL, NULL, NULL, 0, 0, NULL, NULL, NULL),
(9, 1, 3322, 9, 10, NULL, NULL, NULL, NULL, NULL, 0, 0, NULL, NULL, NULL),
(9, 1, 3323, 10, 10, NULL, NULL, NULL, NULL, NULL, 0, 0, NULL, NULL, NULL),
(9, 1, 3324, 11, 10, NULL, NULL, NULL, NULL, NULL, 1, 0, NULL, NULL, NULL),
(9, 1, 3325, 12, 10, NULL, NULL, NULL, NULL, NULL, 0, 0, NULL, NULL, NULL),
(9, 1, 3326, 13, 10, NULL, NULL, NULL, NULL, NULL, 0, 0, NULL, NULL, NULL),
(9, 1, 3327, 14, 10, NULL, NULL, NULL, NULL, NULL, 0, 0, NULL, NULL, NULL),
(9, 1, 3328, 15, 10, NULL, NULL, NULL, NULL, NULL, 0, 0, NULL, NULL, NULL),
(9, 1, 3329, 16, 10, NULL, NULL, NULL, NULL, NULL, 0, 0, NULL, NULL, NULL),
(9, 1, 3330, 17, 10, NULL, NULL, NULL, NULL, NULL, 0, 0, NULL, NULL, NULL),
(9, 1, 3331, 18, 10, NULL, NULL, NULL, NULL, NULL, 0, 0, NULL, NULL, NULL),
(9, 1, 3332, 19, 10, NULL, NULL, NULL, NULL, NULL, 0, 0, NULL, NULL, NULL),
(9, 1, 3333, 20, 10, NULL, NULL, NULL, NULL, NULL, 0, 0, NULL, NULL, NULL),
(9, 1, 3334, 21, 10, NULL, NULL, NULL, NULL, NULL, 1, 0, NULL, NULL, NULL),
(9, 1, 3335, 22, 10, NULL, NULL, NULL, NULL, NULL, 1, 0, NULL, NULL, NULL),
(9, 1, 3336, 23, 10, NULL, NULL, NULL, NULL, NULL, 1, 0, NULL, NULL, NULL),
(9, 1, 3337, 0, 11, NULL, NULL, NULL, NULL, NULL, 1, 0, NULL, NULL, NULL),
(9, 1, 3338, 1, 11, NULL, NULL, NULL, NULL, NULL, 1, 0, NULL, NULL, NULL),
(9, 1, 3339, 2, 11, NULL, NULL, NULL, NULL, NULL, 1, 0, NULL, NULL, NULL),
(9, 1, 3340, 3, 11, NULL, NULL, NULL, NULL, NULL, 1, 0, NULL, NULL, NULL),
(9, 1, 3341, 4, 11, NULL, NULL, NULL, NULL, NULL, 1, 0, NULL, NULL, NULL),
(9, 1, 3342, 5, 11, NULL, NULL, NULL, NULL, NULL, 1, 0, NULL, NULL, NULL),
(9, 1, 3343, 6, 11, NULL, NULL, NULL, NULL, NULL, 0, 0, NULL, NULL, NULL),
(9, 1, 3344, 7, 11, NULL, NULL, NULL, NULL, NULL, 0, 0, NULL, NULL, NULL),
(9, 1, 3345, 8, 11, NULL, NULL, NULL, NULL, NULL, 0, 0, NULL, NULL, NULL),
(9, 1, 3346, 9, 11, NULL, NULL, NULL, NULL, NULL, 0, 0, NULL, NULL, NULL),
(9, 1, 3347, 10, 11, NULL, NULL, NULL, NULL, NULL, 1, 0, NULL, NULL, NULL),
(9, 1, 3348, 11, 11, NULL, NULL, NULL, NULL, NULL, 1, 0, NULL, NULL, NULL),
(9, 1, 3349, 12, 11, NULL, NULL, NULL, NULL, NULL, 1, 0, NULL, NULL, NULL),
(9, 1, 3350, 13, 11, NULL, NULL, NULL, NULL, NULL, 0, 0, NULL, NULL, NULL),
(9, 1, 3351, 14, 11, NULL, NULL, NULL, NULL, NULL, 0, 0, NULL, NULL, NULL),
(9, 1, 3352, 15, 11, NULL, NULL, NULL, NULL, NULL, 0, 0, NULL, NULL, NULL),
(9, 1, 3353, 16, 11, NULL, NULL, NULL, NULL, NULL, 1, 0, NULL, NULL, NULL),
(9, 1, 3354, 17, 11, NULL, NULL, NULL, NULL, NULL, 1, 0, NULL, NULL, NULL),
(9, 1, 3355, 18, 11, NULL, NULL, NULL, NULL, NULL, 1, 0, NULL, NULL, NULL),
(9, 1, 3356, 19, 11, NULL, NULL, NULL, NULL, NULL, 1, 0, NULL, NULL, NULL),
(9, 1, 3357, 20, 11, NULL, NULL, NULL, NULL, NULL, 1, 0, NULL, NULL, NULL),
(9, 1, 3358, 21, 11, NULL, NULL, NULL, NULL, NULL, 1, 0, NULL, NULL, NULL),
(9, 1, 3359, 22, 11, NULL, NULL, NULL, NULL, NULL, 1, 0, NULL, NULL, NULL),
(9, 1, 3360, 23, 11, NULL, NULL, NULL, NULL, NULL, 1, 0, NULL, NULL, NULL),
(9, 1, 3361, 0, 12, NULL, NULL, NULL, NULL, NULL, 1, 0, NULL, NULL, NULL),
(9, 1, 3362, 1, 12, NULL, NULL, NULL, NULL, NULL, 1, 0, NULL, NULL, NULL),
(9, 1, 3363, 2, 12, NULL, NULL, NULL, NULL, NULL, 1, 0, NULL, NULL, NULL),
(9, 1, 3364, 3, 12, NULL, NULL, NULL, NULL, NULL, 1, 0, NULL, NULL, NULL),
(9, 1, 3365, 4, 12, NULL, NULL, NULL, NULL, NULL, 1, 0, NULL, NULL, NULL),
(9, 1, 3366, 5, 12, NULL, NULL, NULL, NULL, NULL, 0, 0, NULL, NULL, NULL),
(9, 1, 3367, 6, 12, NULL, NULL, NULL, NULL, NULL, 0, 0, NULL, NULL, NULL),
(9, 1, 3368, 7, 12, NULL, NULL, NULL, NULL, NULL, 0, 0, NULL, NULL, NULL),
(9, 1, 3369, 8, 12, NULL, NULL, NULL, NULL, NULL, 0, 0, NULL, NULL, NULL),
(9, 1, 3370, 9, 12, NULL, NULL, NULL, NULL, NULL, 0, 0, NULL, NULL, NULL),
(9, 1, 3371, 10, 12, NULL, NULL, NULL, NULL, NULL, 0, 0, NULL, NULL, NULL),
(9, 1, 3372, 11, 12, NULL, NULL, NULL, NULL, NULL, 1, 0, NULL, NULL, NULL),
(9, 1, 3373, 12, 12, NULL, NULL, NULL, NULL, NULL, 0, 0, NULL, NULL, NULL),
(9, 1, 3374, 13, 12, NULL, NULL, NULL, NULL, NULL, 0, 0, NULL, NULL, NULL),
(9, 1, 3375, 14, 12, NULL, NULL, NULL, NULL, NULL, 0, 0, NULL, NULL, NULL),
(9, 1, 3376, 15, 12, NULL, NULL, NULL, NULL, NULL, 0, 0, NULL, NULL, NULL),
(9, 1, 3377, 16, 12, NULL, NULL, NULL, NULL, NULL, 1, 0, NULL, NULL, NULL),
(9, 1, 3378, 17, 12, NULL, NULL, NULL, NULL, NULL, 1, 0, NULL, NULL, NULL),
(9, 1, 3379, 18, 12, NULL, NULL, NULL, NULL, NULL, 1, 0, NULL, NULL, NULL),
(9, 1, 3380, 19, 12, NULL, NULL, NULL, NULL, NULL, 1, 0, NULL, NULL, NULL),
(9, 1, 3381, 20, 12, NULL, NULL, NULL, NULL, NULL, 1, 0, NULL, NULL, NULL),
(9, 1, 3382, 21, 12, NULL, NULL, NULL, NULL, NULL, 1, 0, NULL, NULL, NULL),
(9, 1, 3383, 22, 12, NULL, NULL, NULL, NULL, NULL, 1, 0, NULL, NULL, NULL),
(9, 1, 3384, 23, 12, NULL, NULL, NULL, NULL, NULL, 1, 0, NULL, NULL, NULL),
(9, 1, 3385, 0, 13, NULL, NULL, NULL, NULL, NULL, 1, 0, NULL, NULL, NULL),
(9, 1, 3386, 1, 13, NULL, NULL, NULL, NULL, NULL, 1, 0, NULL, NULL, NULL),
(9, 1, 3387, 2, 13, NULL, NULL, NULL, NULL, NULL, 0, 0, NULL, NULL, NULL),
(9, 1, 3388, 3, 13, NULL, NULL, NULL, NULL, NULL, 0, 0, NULL, NULL, NULL),
(9, 1, 3389, 4, 13, NULL, NULL, NULL, NULL, NULL, 0, 0, NULL, NULL, NULL),
(9, 1, 3390, 5, 13, NULL, NULL, NULL, NULL, NULL, 0, 0, NULL, NULL, NULL),
(9, 1, 3391, 6, 13, NULL, NULL, NULL, NULL, NULL, 0, 0, NULL, NULL, NULL),
(9, 1, 3392, 7, 13, NULL, NULL, NULL, NULL, NULL, 0, 0, NULL, NULL, NULL),
(9, 1, 3393, 8, 13, NULL, NULL, NULL, NULL, NULL, 0, 0, NULL, NULL, NULL),
(9, 1, 3394, 9, 13, NULL, NULL, NULL, NULL, NULL, 0, 0, NULL, NULL, NULL),
(9, 1, 3395, 10, 13, NULL, NULL, NULL, NULL, NULL, 0, 0, NULL, NULL, NULL),
(9, 1, 3396, 11, 13, NULL, NULL, NULL, NULL, NULL, 1, 0, NULL, NULL, NULL),
(9, 1, 3397, 12, 13, NULL, NULL, NULL, NULL, NULL, 0, 0, NULL, NULL, NULL),
(9, 1, 3398, 13, 13, NULL, NULL, NULL, NULL, NULL, 0, 0, NULL, NULL, NULL),
(9, 1, 3399, 14, 13, NULL, NULL, NULL, NULL, NULL, 0, 0, NULL, NULL, NULL),
(9, 1, 3400, 15, 13, NULL, NULL, NULL, NULL, NULL, 0, 0, NULL, NULL, NULL),
(9, 1, 3401, 16, 13, NULL, NULL, NULL, NULL, NULL, 0, 0, NULL, NULL, NULL),
(9, 1, 3402, 17, 13, NULL, NULL, NULL, NULL, NULL, 0, 0, NULL, NULL, NULL),
(9, 1, 3403, 18, 13, NULL, NULL, NULL, NULL, NULL, 1, 0, NULL, NULL, NULL),
(9, 1, 3404, 19, 13, NULL, NULL, NULL, NULL, NULL, 1, 0, NULL, NULL, NULL),
(9, 1, 3405, 20, 13, NULL, NULL, NULL, NULL, NULL, 1, 0, NULL, NULL, NULL),
(9, 1, 3406, 21, 13, NULL, NULL, NULL, NULL, NULL, 1, 0, NULL, NULL, NULL),
(9, 1, 3407, 22, 13, NULL, NULL, NULL, NULL, NULL, 1, 0, NULL, NULL, NULL),
(9, 1, 3408, 23, 13, NULL, NULL, NULL, NULL, NULL, 1, 0, NULL, NULL, NULL),
(9, 1, 3409, 0, 14, NULL, NULL, NULL, NULL, NULL, 1, 0, NULL, NULL, NULL),
(9, 1, 3410, 1, 14, NULL, NULL, NULL, NULL, NULL, 1, 0, NULL, NULL, NULL),
(9, 1, 3411, 2, 14, NULL, NULL, NULL, NULL, NULL, 0, 0, NULL, NULL, NULL),
(9, 1, 3412, 3, 14, NULL, NULL, NULL, NULL, NULL, 0, 0, NULL, NULL, NULL),
(9, 1, 3413, 4, 14, NULL, NULL, NULL, NULL, NULL, 0, 0, NULL, NULL, NULL),
(9, 1, 3414, 5, 14, NULL, NULL, NULL, NULL, NULL, 0, 0, NULL, NULL, NULL),
(9, 1, 3415, 6, 14, NULL, NULL, NULL, NULL, NULL, 0, 0, NULL, NULL, NULL),
(9, 1, 3416, 7, 14, NULL, NULL, NULL, NULL, NULL, 0, 0, NULL, NULL, NULL),
(9, 1, 3417, 8, 14, NULL, NULL, NULL, NULL, NULL, 0, 0, NULL, NULL, NULL),
(9, 1, 3418, 9, 14, NULL, NULL, NULL, NULL, NULL, 0, 0, NULL, NULL, NULL),
(9, 1, 3419, 10, 14, NULL, NULL, NULL, NULL, NULL, 1, 0, NULL, NULL, NULL),
(9, 1, 3420, 11, 14, NULL, NULL, NULL, NULL, NULL, 1, 0, NULL, NULL, NULL),
(9, 1, 3421, 12, 14, NULL, NULL, NULL, NULL, NULL, 1, 0, NULL, NULL, NULL),
(9, 1, 3422, 13, 14, NULL, NULL, NULL, NULL, NULL, 0, 0, NULL, NULL, NULL),
(9, 1, 3423, 14, 14, NULL, NULL, NULL, NULL, NULL, 0, 0, NULL, NULL, NULL),
(9, 1, 3424, 15, 14, NULL, NULL, NULL, NULL, NULL, 0, 0, NULL, NULL, NULL),
(9, 1, 3425, 16, 14, NULL, NULL, NULL, NULL, NULL, 0, 0, NULL, NULL, NULL),
(9, 1, 3426, 17, 14, NULL, NULL, NULL, NULL, NULL, 0, 0, NULL, NULL, NULL),
(9, 1, 3427, 18, 14, NULL, NULL, NULL, NULL, NULL, 0, 0, NULL, NULL, NULL);
INSERT INTO `carte_carreau` (`carte_id`, `carreau_id`, `id`, `abscisse`, `ordonnee`, `joueur_id`, `monstre_carreau_id`, `target_map_id`, `pnj_id`, `target_wrap`, `is_usable`, `is_wrap`, `action_id`, `boss_id`, `wrap_id`) VALUES
(9, 1, 3428, 19, 14, NULL, NULL, NULL, NULL, NULL, 0, 0, NULL, NULL, NULL),
(9, 1, 3429, 20, 14, NULL, NULL, NULL, NULL, NULL, 0, 0, NULL, NULL, NULL),
(9, 1, 3430, 21, 14, NULL, NULL, NULL, NULL, NULL, 1, 0, NULL, NULL, NULL),
(9, 1, 3431, 22, 14, NULL, NULL, NULL, NULL, NULL, 1, 0, NULL, NULL, NULL),
(9, 1, 3432, 23, 14, NULL, NULL, NULL, NULL, NULL, 1, 0, NULL, NULL, NULL),
(9, 1, 3433, 0, 15, NULL, NULL, NULL, NULL, NULL, 1, 0, NULL, NULL, NULL),
(9, 1, 3434, 1, 15, NULL, NULL, NULL, NULL, NULL, 1, 0, NULL, NULL, NULL),
(9, 1, 3435, 2, 15, NULL, NULL, NULL, NULL, NULL, 0, 0, NULL, NULL, NULL),
(9, 1, 3436, 3, 15, NULL, NULL, NULL, NULL, NULL, 0, 0, NULL, NULL, NULL),
(9, 1, 3437, 4, 15, NULL, NULL, NULL, NULL, NULL, 0, 0, NULL, NULL, NULL),
(9, 1, 3438, 5, 15, NULL, NULL, NULL, NULL, NULL, 0, 0, NULL, NULL, NULL),
(9, 1, 3439, 6, 15, NULL, NULL, NULL, NULL, NULL, 0, 0, NULL, NULL, NULL),
(9, 1, 3440, 7, 15, NULL, NULL, NULL, NULL, NULL, 0, 0, NULL, NULL, NULL),
(9, 1, 3441, 8, 15, NULL, NULL, NULL, NULL, NULL, 0, 0, NULL, NULL, NULL),
(9, 1, 3442, 9, 15, NULL, NULL, NULL, NULL, NULL, 0, 0, NULL, NULL, NULL),
(9, 1, 3443, 10, 15, NULL, NULL, NULL, NULL, NULL, 1, 0, NULL, NULL, NULL),
(9, 1, 3444, 11, 15, NULL, NULL, 8, NULL, 2702, 0, 1, NULL, NULL, 1),
(9, 1, 3445, 12, 15, NULL, NULL, NULL, NULL, NULL, 1, 0, NULL, NULL, NULL),
(9, 1, 3446, 13, 15, NULL, NULL, NULL, NULL, NULL, 0, 0, NULL, NULL, NULL),
(9, 1, 3447, 14, 15, NULL, NULL, NULL, NULL, NULL, 0, 0, NULL, NULL, NULL),
(9, 1, 3448, 15, 15, NULL, NULL, NULL, NULL, NULL, 0, 0, NULL, NULL, NULL),
(9, 1, 3449, 16, 15, NULL, NULL, NULL, NULL, NULL, 0, 0, NULL, NULL, NULL),
(9, 1, 3450, 17, 15, NULL, NULL, NULL, NULL, NULL, 0, 0, NULL, NULL, NULL),
(9, 1, 3451, 18, 15, NULL, NULL, NULL, NULL, NULL, 0, 0, NULL, NULL, NULL),
(9, 1, 3452, 19, 15, NULL, NULL, NULL, NULL, NULL, 0, 0, NULL, NULL, NULL),
(9, 1, 3453, 20, 15, NULL, NULL, NULL, NULL, NULL, 0, 0, NULL, NULL, NULL),
(9, 1, 3454, 21, 15, NULL, NULL, NULL, NULL, NULL, 1, 0, NULL, NULL, NULL),
(9, 1, 3455, 22, 15, NULL, NULL, NULL, NULL, NULL, 1, 0, NULL, NULL, NULL),
(9, 1, 3456, 23, 15, NULL, NULL, NULL, NULL, NULL, 1, 0, NULL, NULL, NULL),
(10, 1, 3457, 0, 0, NULL, NULL, NULL, NULL, NULL, 1, 0, NULL, NULL, NULL),
(10, 1, 3458, 1, 0, NULL, NULL, NULL, NULL, NULL, 1, 0, NULL, NULL, NULL),
(10, 1, 3459, 2, 0, NULL, NULL, NULL, NULL, NULL, 1, 0, NULL, NULL, NULL),
(10, 1, 3460, 3, 0, NULL, NULL, NULL, NULL, NULL, 0, 0, NULL, NULL, NULL),
(10, 1, 3461, 4, 0, NULL, NULL, NULL, NULL, NULL, 0, 0, NULL, NULL, NULL),
(10, 1, 3462, 5, 0, NULL, NULL, NULL, NULL, NULL, 0, 0, NULL, NULL, NULL),
(10, 1, 3463, 6, 0, NULL, NULL, NULL, NULL, NULL, 0, 0, NULL, NULL, NULL),
(10, 1, 3464, 7, 0, NULL, NULL, NULL, NULL, NULL, 0, 0, NULL, NULL, NULL),
(10, 1, 3465, 8, 0, NULL, NULL, NULL, NULL, NULL, 0, 0, NULL, NULL, NULL),
(10, 1, 3466, 9, 0, NULL, NULL, 11, NULL, 4212, 0, 1, NULL, NULL, 1),
(10, 1, 3467, 10, 0, NULL, NULL, NULL, NULL, NULL, 0, 0, NULL, NULL, NULL),
(10, 1, 3468, 11, 0, NULL, NULL, NULL, NULL, NULL, 0, 0, NULL, NULL, NULL),
(10, 1, 3469, 12, 0, NULL, NULL, 11, NULL, 4212, 0, 1, NULL, NULL, 1),
(10, 1, 3470, 13, 0, NULL, NULL, NULL, NULL, NULL, 0, 0, NULL, NULL, NULL),
(10, 1, 3471, 14, 0, NULL, NULL, NULL, NULL, NULL, 0, 0, NULL, NULL, NULL),
(10, 1, 3472, 15, 0, NULL, NULL, NULL, NULL, NULL, 0, 0, NULL, NULL, NULL),
(10, 1, 3473, 16, 0, NULL, NULL, NULL, NULL, NULL, 0, 0, NULL, NULL, NULL),
(10, 1, 3474, 17, 0, NULL, NULL, NULL, NULL, NULL, 0, 0, NULL, NULL, NULL),
(10, 1, 3475, 18, 0, NULL, NULL, NULL, NULL, NULL, 0, 0, NULL, NULL, NULL),
(10, 1, 3476, 19, 0, NULL, NULL, NULL, NULL, NULL, 1, 0, NULL, NULL, NULL),
(10, 1, 3477, 20, 0, NULL, NULL, NULL, NULL, NULL, 1, 0, NULL, NULL, NULL),
(10, 1, 3478, 21, 0, NULL, NULL, NULL, NULL, NULL, 1, 0, NULL, NULL, NULL),
(10, 1, 3479, 22, 0, NULL, NULL, NULL, NULL, NULL, 1, 0, NULL, NULL, NULL),
(10, 1, 3480, 23, 0, NULL, NULL, NULL, NULL, NULL, 1, 0, NULL, NULL, NULL),
(10, 1, 3481, 0, 1, NULL, NULL, NULL, NULL, NULL, 1, 0, NULL, NULL, NULL),
(10, 1, 3482, 1, 1, NULL, NULL, NULL, NULL, NULL, 1, 0, NULL, NULL, NULL),
(10, 1, 3483, 2, 1, NULL, NULL, NULL, NULL, NULL, 1, 0, NULL, NULL, NULL),
(10, 1, 3484, 3, 1, NULL, NULL, NULL, NULL, NULL, 0, 0, NULL, NULL, NULL),
(10, 1, 3485, 4, 1, NULL, NULL, NULL, NULL, NULL, 1, 0, NULL, NULL, NULL),
(10, 1, 3486, 5, 1, NULL, NULL, NULL, NULL, NULL, 1, 0, NULL, NULL, NULL),
(10, 1, 3487, 6, 1, NULL, NULL, NULL, NULL, NULL, 1, 0, NULL, NULL, NULL),
(10, 1, 3488, 7, 1, NULL, NULL, NULL, NULL, NULL, 1, 0, NULL, NULL, NULL),
(10, 1, 3489, 8, 1, NULL, NULL, NULL, NULL, NULL, 0, 0, NULL, NULL, NULL),
(10, 1, 3490, 9, 1, NULL, NULL, NULL, NULL, NULL, 1, 0, NULL, NULL, NULL),
(10, 1, 3491, 10, 1, NULL, NULL, NULL, NULL, NULL, 0, 0, NULL, NULL, NULL),
(10, 1, 3492, 11, 1, NULL, NULL, NULL, NULL, NULL, 0, 0, NULL, NULL, NULL),
(10, 1, 3493, 12, 1, NULL, NULL, NULL, NULL, NULL, 1, 0, NULL, NULL, NULL),
(10, 1, 3494, 13, 1, NULL, NULL, NULL, NULL, NULL, 0, 0, NULL, NULL, NULL),
(10, 1, 3495, 14, 1, NULL, NULL, NULL, NULL, NULL, 1, 0, NULL, NULL, NULL),
(10, 1, 3496, 15, 1, NULL, NULL, NULL, NULL, NULL, 1, 0, NULL, NULL, NULL),
(10, 1, 3497, 16, 1, NULL, NULL, NULL, NULL, NULL, 1, 0, NULL, NULL, NULL),
(10, 1, 3498, 17, 1, NULL, NULL, NULL, NULL, NULL, 1, 0, NULL, NULL, NULL),
(10, 1, 3499, 18, 1, NULL, NULL, NULL, NULL, NULL, 0, 0, NULL, NULL, NULL),
(10, 1, 3500, 19, 1, NULL, NULL, NULL, NULL, NULL, 1, 0, NULL, NULL, NULL),
(10, 1, 3501, 20, 1, NULL, NULL, NULL, NULL, NULL, 1, 0, NULL, NULL, NULL),
(10, 1, 3502, 21, 1, NULL, NULL, NULL, NULL, NULL, 1, 0, NULL, NULL, NULL),
(10, 1, 3503, 22, 1, NULL, NULL, NULL, NULL, NULL, 1, 0, NULL, NULL, NULL),
(10, 1, 3504, 23, 1, NULL, NULL, NULL, NULL, NULL, 1, 0, NULL, NULL, NULL),
(10, 1, 3505, 0, 2, NULL, NULL, NULL, NULL, NULL, 0, 0, NULL, NULL, NULL),
(10, 1, 3506, 1, 2, NULL, NULL, NULL, NULL, NULL, 0, 0, NULL, NULL, NULL),
(10, 1, 3507, 2, 2, NULL, NULL, NULL, NULL, NULL, 0, 0, NULL, NULL, NULL),
(10, 1, 3508, 3, 2, NULL, NULL, NULL, NULL, NULL, 0, 0, NULL, NULL, NULL),
(10, 1, 3509, 4, 2, NULL, NULL, NULL, NULL, NULL, 1, 0, NULL, NULL, NULL),
(10, 1, 3510, 5, 2, NULL, NULL, NULL, NULL, NULL, 0, 0, NULL, NULL, NULL),
(10, 1, 3511, 6, 2, NULL, NULL, NULL, NULL, NULL, 0, 0, NULL, NULL, NULL),
(10, 1, 3512, 7, 2, NULL, NULL, NULL, NULL, NULL, 0, 0, NULL, NULL, NULL),
(10, 1, 3513, 8, 2, NULL, NULL, NULL, NULL, NULL, 0, 0, NULL, NULL, NULL),
(10, 1, 3514, 9, 2, NULL, NULL, NULL, NULL, NULL, 1, 0, NULL, NULL, NULL),
(10, 1, 3515, 10, 2, NULL, NULL, NULL, NULL, NULL, 0, 0, NULL, NULL, NULL),
(10, 1, 3516, 11, 2, NULL, NULL, NULL, NULL, NULL, 0, 0, NULL, NULL, NULL),
(10, 1, 3517, 12, 2, NULL, NULL, NULL, NULL, NULL, 1, 0, NULL, NULL, NULL),
(10, 1, 3518, 13, 2, NULL, NULL, NULL, NULL, NULL, 0, 0, NULL, NULL, NULL),
(10, 1, 3519, 14, 2, NULL, NULL, NULL, NULL, NULL, 0, 0, NULL, NULL, NULL),
(10, 1, 3520, 15, 2, NULL, NULL, NULL, NULL, NULL, 0, 0, NULL, NULL, NULL),
(10, 1, 3521, 16, 2, NULL, NULL, NULL, NULL, NULL, 0, 0, NULL, NULL, NULL),
(10, 1, 3522, 17, 2, NULL, NULL, NULL, NULL, NULL, 1, 0, NULL, NULL, NULL),
(10, 1, 3523, 18, 2, NULL, NULL, NULL, NULL, NULL, 0, 0, NULL, NULL, NULL),
(10, 1, 3524, 19, 2, NULL, NULL, NULL, NULL, NULL, 0, 0, NULL, NULL, NULL),
(10, 1, 3525, 20, 2, NULL, NULL, NULL, NULL, NULL, 0, 0, NULL, NULL, NULL),
(10, 1, 3526, 21, 2, NULL, NULL, NULL, NULL, NULL, 0, 0, NULL, NULL, NULL),
(10, 1, 3527, 22, 2, NULL, NULL, NULL, NULL, NULL, 0, 0, NULL, NULL, NULL),
(10, 1, 3528, 23, 2, NULL, NULL, NULL, NULL, NULL, 0, 0, NULL, NULL, NULL),
(10, 1, 3529, 0, 3, NULL, NULL, NULL, NULL, NULL, 0, 0, NULL, NULL, NULL),
(10, 1, 3530, 1, 3, NULL, NULL, NULL, NULL, NULL, 1, 0, NULL, NULL, NULL),
(10, 1, 3531, 2, 3, NULL, NULL, NULL, NULL, NULL, 1, 0, NULL, NULL, NULL),
(10, 1, 3532, 3, 3, NULL, NULL, NULL, NULL, NULL, 1, 0, NULL, NULL, NULL),
(10, 1, 3533, 4, 3, NULL, NULL, NULL, NULL, NULL, 1, 0, NULL, NULL, NULL),
(10, 1, 3534, 5, 3, NULL, NULL, NULL, NULL, NULL, 0, 0, NULL, NULL, NULL),
(10, 1, 3535, 6, 3, NULL, NULL, NULL, NULL, NULL, 0, 0, NULL, NULL, NULL),
(10, 1, 3536, 7, 3, NULL, NULL, NULL, NULL, NULL, 0, 0, NULL, NULL, NULL),
(10, 1, 3537, 8, 3, NULL, NULL, NULL, NULL, NULL, 0, 0, NULL, NULL, NULL),
(10, 1, 3538, 9, 3, NULL, NULL, NULL, NULL, NULL, 1, 0, NULL, NULL, NULL),
(10, 1, 3539, 10, 3, NULL, NULL, NULL, NULL, NULL, 0, 0, NULL, NULL, NULL),
(10, 1, 3540, 11, 3, NULL, NULL, NULL, NULL, NULL, 0, 0, NULL, NULL, NULL),
(10, 1, 3541, 12, 3, NULL, NULL, NULL, NULL, NULL, 1, 0, NULL, NULL, NULL),
(10, 1, 3542, 13, 3, NULL, NULL, NULL, NULL, NULL, 0, 0, NULL, NULL, NULL),
(10, 1, 3543, 14, 3, NULL, NULL, NULL, NULL, NULL, 0, 0, NULL, NULL, NULL),
(10, 1, 3544, 15, 3, NULL, NULL, NULL, NULL, NULL, 0, 0, NULL, NULL, NULL),
(10, 1, 3545, 16, 3, NULL, NULL, NULL, NULL, NULL, 0, 0, NULL, NULL, NULL),
(10, 1, 3546, 17, 3, NULL, NULL, NULL, NULL, NULL, 1, 0, NULL, NULL, NULL),
(10, 1, 3547, 18, 3, NULL, NULL, NULL, NULL, NULL, 1, 0, NULL, NULL, NULL),
(10, 1, 3548, 19, 3, NULL, NULL, NULL, NULL, NULL, 1, 0, NULL, NULL, NULL),
(10, 1, 3549, 20, 3, NULL, NULL, NULL, NULL, NULL, 1, 0, NULL, NULL, NULL),
(10, 1, 3550, 21, 3, NULL, NULL, NULL, NULL, NULL, 1, 0, NULL, NULL, NULL),
(10, 1, 3551, 22, 3, NULL, NULL, NULL, NULL, NULL, 1, 0, NULL, NULL, NULL),
(10, 1, 3552, 23, 3, NULL, NULL, NULL, NULL, NULL, 1, 0, NULL, NULL, NULL),
(10, 1, 3553, 0, 4, NULL, NULL, NULL, NULL, NULL, 0, 0, NULL, NULL, NULL),
(10, 1, 3554, 1, 4, NULL, NULL, NULL, NULL, NULL, 1, 0, NULL, NULL, NULL),
(10, 1, 3555, 2, 4, NULL, NULL, NULL, NULL, NULL, 1, 0, NULL, NULL, NULL),
(10, 1, 3556, 3, 4, NULL, NULL, NULL, NULL, NULL, 1, 0, NULL, NULL, NULL),
(10, 1, 3557, 4, 4, NULL, NULL, NULL, NULL, NULL, 1, 0, NULL, NULL, NULL),
(10, 1, 3558, 5, 4, NULL, NULL, NULL, NULL, NULL, 0, 0, NULL, NULL, NULL),
(10, 1, 3559, 6, 4, NULL, NULL, NULL, NULL, NULL, 0, 0, NULL, NULL, NULL),
(10, 1, 3560, 7, 4, NULL, NULL, NULL, NULL, NULL, 1, 0, NULL, NULL, NULL),
(10, 1, 3561, 8, 4, NULL, NULL, NULL, NULL, NULL, 0, 0, NULL, NULL, NULL),
(10, 1, 3562, 9, 4, NULL, NULL, NULL, NULL, NULL, 1, 0, NULL, NULL, NULL),
(10, 1, 3563, 10, 4, NULL, NULL, NULL, NULL, NULL, 0, 0, NULL, NULL, NULL),
(10, 1, 3564, 11, 4, NULL, NULL, NULL, NULL, NULL, 0, 0, NULL, NULL, NULL),
(10, 1, 3565, 12, 4, NULL, NULL, NULL, NULL, NULL, 1, 0, NULL, NULL, NULL),
(10, 1, 3566, 13, 4, NULL, NULL, NULL, NULL, NULL, 0, 0, NULL, NULL, NULL),
(10, 1, 3567, 14, 4, NULL, NULL, NULL, NULL, NULL, 1, 0, NULL, NULL, NULL),
(10, 1, 3568, 15, 4, NULL, NULL, NULL, NULL, NULL, 0, 0, NULL, NULL, NULL),
(10, 1, 3569, 16, 4, NULL, NULL, NULL, NULL, NULL, 0, 0, NULL, NULL, NULL),
(10, 1, 3570, 17, 4, NULL, NULL, NULL, NULL, NULL, 1, 0, NULL, NULL, NULL),
(10, 1, 3571, 18, 4, NULL, NULL, NULL, NULL, NULL, 1, 0, NULL, NULL, NULL),
(10, 1, 3572, 19, 4, NULL, NULL, NULL, NULL, NULL, 1, 0, NULL, NULL, NULL),
(10, 1, 3573, 20, 4, NULL, NULL, NULL, NULL, NULL, 1, 0, NULL, NULL, NULL),
(10, 1, 3574, 21, 4, NULL, NULL, NULL, NULL, NULL, 1, 0, NULL, NULL, NULL),
(10, 1, 3575, 22, 4, NULL, NULL, NULL, NULL, NULL, 1, 0, NULL, NULL, NULL),
(10, 1, 3576, 23, 4, NULL, NULL, NULL, NULL, NULL, 1, 0, NULL, NULL, NULL),
(10, 1, 3577, 0, 5, NULL, NULL, NULL, NULL, NULL, 0, 0, NULL, NULL, NULL),
(10, 1, 3578, 1, 5, NULL, NULL, NULL, NULL, NULL, 0, 0, NULL, NULL, NULL),
(10, 1, 3579, 2, 5, NULL, NULL, NULL, NULL, NULL, 0, 0, NULL, NULL, NULL),
(10, 1, 3580, 3, 5, NULL, NULL, NULL, NULL, NULL, 0, 0, NULL, NULL, NULL),
(10, 1, 3581, 4, 5, NULL, NULL, NULL, NULL, NULL, 0, 0, NULL, NULL, NULL),
(10, 1, 3582, 5, 5, NULL, NULL, NULL, NULL, NULL, 0, 0, NULL, NULL, NULL),
(10, 1, 3583, 6, 5, NULL, NULL, NULL, NULL, NULL, 0, 0, NULL, NULL, NULL),
(10, 1, 3584, 7, 5, NULL, NULL, NULL, NULL, NULL, 1, 0, NULL, NULL, NULL),
(10, 1, 3585, 8, 5, NULL, NULL, NULL, NULL, NULL, 0, 0, NULL, NULL, NULL),
(10, 1, 3586, 9, 5, NULL, NULL, NULL, NULL, NULL, 1, 0, NULL, NULL, NULL),
(10, 1, 3587, 10, 5, NULL, NULL, NULL, NULL, NULL, 0, 0, NULL, NULL, NULL),
(10, 1, 3588, 11, 5, NULL, NULL, NULL, NULL, NULL, 0, 0, NULL, NULL, NULL),
(10, 1, 3589, 12, 5, NULL, NULL, NULL, NULL, NULL, 1, 0, NULL, NULL, NULL),
(10, 1, 3590, 13, 5, NULL, NULL, NULL, NULL, NULL, 0, 0, NULL, NULL, NULL),
(10, 1, 3591, 14, 5, NULL, NULL, NULL, NULL, NULL, 1, 0, NULL, NULL, NULL),
(10, 1, 3592, 15, 5, NULL, NULL, NULL, NULL, NULL, 0, 0, NULL, NULL, NULL),
(10, 1, 3593, 16, 5, NULL, NULL, NULL, NULL, NULL, 0, 0, NULL, NULL, NULL),
(10, 1, 3594, 17, 5, NULL, NULL, NULL, NULL, NULL, 0, 0, NULL, NULL, NULL),
(10, 1, 3595, 18, 5, NULL, NULL, NULL, NULL, NULL, 0, 0, NULL, NULL, NULL),
(10, 1, 3596, 19, 5, NULL, NULL, NULL, NULL, NULL, 0, 0, NULL, NULL, NULL),
(10, 1, 3597, 20, 5, NULL, NULL, NULL, NULL, NULL, 0, 0, NULL, NULL, NULL),
(10, 1, 3598, 21, 5, NULL, NULL, NULL, NULL, NULL, 0, 0, NULL, NULL, NULL),
(10, 1, 3599, 22, 5, NULL, NULL, NULL, NULL, NULL, 1, 0, NULL, NULL, NULL),
(10, 1, 3600, 23, 5, NULL, NULL, NULL, NULL, NULL, 1, 0, NULL, NULL, NULL),
(10, 1, 3601, 0, 6, NULL, NULL, NULL, NULL, NULL, 0, 0, NULL, NULL, NULL),
(10, 1, 3602, 1, 6, NULL, NULL, NULL, NULL, NULL, 1, 0, NULL, NULL, NULL),
(10, 1, 3603, 2, 6, NULL, NULL, NULL, NULL, NULL, 1, 0, NULL, NULL, NULL),
(10, 1, 3604, 3, 6, NULL, NULL, NULL, NULL, NULL, 1, 0, NULL, NULL, NULL),
(10, 1, 3605, 4, 6, NULL, NULL, NULL, NULL, NULL, 1, 0, NULL, NULL, NULL),
(10, 1, 3606, 5, 6, NULL, NULL, NULL, NULL, NULL, 1, 0, NULL, NULL, NULL),
(10, 1, 3607, 6, 6, NULL, NULL, NULL, NULL, NULL, 0, 0, NULL, NULL, NULL),
(10, 1, 3608, 7, 6, NULL, NULL, NULL, NULL, NULL, 1, 0, NULL, NULL, NULL),
(10, 1, 3609, 8, 6, NULL, NULL, NULL, NULL, NULL, 0, 0, NULL, NULL, NULL),
(10, 1, 3610, 9, 6, NULL, NULL, NULL, NULL, NULL, 1, 0, NULL, NULL, NULL),
(10, 1, 3611, 10, 6, NULL, NULL, NULL, NULL, NULL, 0, 0, NULL, NULL, NULL),
(10, 1, 3612, 11, 6, NULL, NULL, NULL, NULL, NULL, 0, 0, NULL, NULL, NULL),
(10, 1, 3613, 12, 6, NULL, NULL, NULL, NULL, NULL, 1, 0, NULL, NULL, NULL),
(10, 1, 3614, 13, 6, NULL, NULL, NULL, NULL, NULL, 0, 0, NULL, NULL, NULL),
(10, 1, 3615, 14, 6, NULL, NULL, NULL, NULL, NULL, 1, 0, NULL, NULL, NULL),
(10, 1, 3616, 15, 6, NULL, NULL, NULL, NULL, NULL, 0, 0, NULL, NULL, NULL),
(10, 1, 3617, 16, 6, NULL, NULL, NULL, NULL, NULL, 1, 0, NULL, NULL, NULL),
(10, 1, 3618, 17, 6, NULL, NULL, NULL, NULL, NULL, 1, 0, NULL, NULL, NULL),
(10, 1, 3619, 18, 6, NULL, NULL, NULL, NULL, NULL, 1, 0, NULL, NULL, NULL),
(10, 1, 3620, 19, 6, NULL, NULL, NULL, NULL, NULL, 1, 0, NULL, NULL, NULL),
(10, 1, 3621, 20, 6, NULL, NULL, NULL, NULL, NULL, 1, 0, NULL, NULL, NULL),
(10, 1, 3622, 21, 6, NULL, NULL, NULL, NULL, NULL, 0, 0, NULL, NULL, NULL),
(10, 1, 3623, 22, 6, NULL, NULL, NULL, NULL, NULL, 0, 0, NULL, NULL, NULL),
(10, 1, 3624, 23, 6, NULL, NULL, NULL, NULL, NULL, 0, 0, NULL, NULL, NULL),
(10, 1, 3625, 0, 7, NULL, NULL, NULL, NULL, NULL, 1, 0, NULL, NULL, NULL),
(10, 1, 3626, 1, 7, NULL, NULL, NULL, NULL, NULL, 1, 0, NULL, NULL, NULL),
(10, 1, 3627, 2, 7, NULL, NULL, NULL, NULL, NULL, 1, 0, NULL, NULL, NULL),
(10, 1, 3628, 3, 7, NULL, NULL, NULL, NULL, NULL, 0, 0, NULL, NULL, NULL),
(10, 1, 3629, 4, 7, NULL, NULL, NULL, NULL, NULL, 0, 0, NULL, NULL, NULL),
(10, 1, 3630, 5, 7, NULL, NULL, NULL, NULL, NULL, 0, 0, NULL, NULL, NULL),
(10, 1, 3631, 6, 7, NULL, NULL, NULL, NULL, NULL, 0, 0, NULL, NULL, NULL),
(10, 1, 3632, 7, 7, NULL, NULL, NULL, NULL, NULL, 1, 0, NULL, NULL, NULL),
(10, 1, 3633, 8, 7, NULL, NULL, NULL, NULL, NULL, 0, 0, NULL, NULL, NULL),
(10, 1, 3634, 9, 7, NULL, NULL, NULL, NULL, NULL, 1, 0, NULL, NULL, NULL),
(10, 1, 3635, 10, 7, NULL, NULL, NULL, NULL, NULL, 0, 0, NULL, NULL, NULL),
(10, 1, 3636, 11, 7, NULL, NULL, NULL, NULL, NULL, 0, 0, NULL, NULL, NULL),
(10, 1, 3637, 12, 7, NULL, NULL, NULL, NULL, NULL, 1, 0, NULL, NULL, NULL),
(10, 1, 3638, 13, 7, NULL, NULL, NULL, NULL, NULL, 0, 0, NULL, NULL, NULL),
(10, 1, 3639, 14, 7, NULL, NULL, NULL, NULL, NULL, 1, 0, NULL, NULL, NULL),
(10, 1, 3640, 15, 7, NULL, NULL, NULL, NULL, NULL, 0, 0, NULL, NULL, NULL),
(10, 1, 3641, 16, 7, NULL, NULL, NULL, NULL, NULL, 0, 0, NULL, NULL, NULL),
(10, 1, 3642, 17, 7, NULL, NULL, NULL, NULL, NULL, 0, 0, NULL, NULL, NULL),
(10, 1, 3643, 18, 7, NULL, NULL, NULL, NULL, NULL, 0, 0, NULL, NULL, NULL),
(10, 1, 3644, 19, 7, NULL, NULL, NULL, NULL, NULL, 1, 0, NULL, NULL, NULL),
(10, 1, 3645, 20, 7, NULL, NULL, NULL, NULL, NULL, 1, 0, NULL, NULL, NULL),
(10, 1, 3646, 21, 7, NULL, NULL, NULL, NULL, NULL, 1, 0, NULL, NULL, NULL),
(10, 1, 3647, 22, 7, NULL, NULL, NULL, NULL, NULL, 1, 0, NULL, NULL, NULL),
(10, 1, 3648, 23, 7, NULL, NULL, NULL, NULL, NULL, 1, 0, NULL, NULL, NULL),
(10, 1, 3649, 0, 8, NULL, NULL, NULL, NULL, NULL, 0, 0, NULL, NULL, NULL),
(10, 1, 3650, 1, 8, NULL, NULL, NULL, NULL, NULL, 0, 0, NULL, NULL, NULL),
(10, 1, 3651, 2, 8, NULL, NULL, NULL, NULL, NULL, 0, 0, NULL, NULL, NULL),
(10, 1, 3652, 3, 8, NULL, NULL, NULL, NULL, NULL, 0, 0, NULL, NULL, NULL),
(10, 1, 3653, 4, 8, NULL, NULL, NULL, NULL, NULL, 1, 0, NULL, NULL, NULL),
(10, 1, 3654, 5, 8, NULL, NULL, NULL, NULL, NULL, 1, 0, NULL, NULL, NULL),
(10, 1, 3655, 6, 8, NULL, NULL, NULL, NULL, NULL, 1, 0, NULL, NULL, NULL),
(10, 1, 3656, 7, 8, NULL, NULL, NULL, NULL, NULL, 1, 0, NULL, NULL, NULL),
(10, 1, 3657, 8, 8, NULL, NULL, NULL, NULL, NULL, 0, 0, NULL, NULL, NULL),
(10, 1, 3658, 9, 8, NULL, NULL, NULL, NULL, NULL, 1, 0, NULL, NULL, NULL),
(10, 1, 3659, 10, 8, NULL, NULL, NULL, NULL, NULL, 0, 0, NULL, NULL, NULL),
(10, 1, 3660, 11, 8, NULL, NULL, NULL, NULL, NULL, 0, 0, NULL, NULL, NULL),
(10, 1, 3661, 12, 8, NULL, NULL, NULL, NULL, NULL, 1, 0, NULL, NULL, NULL),
(10, 1, 3662, 13, 8, NULL, NULL, NULL, NULL, NULL, 0, 0, NULL, NULL, NULL),
(10, 1, 3663, 14, 8, NULL, NULL, NULL, NULL, NULL, 1, 0, NULL, NULL, NULL),
(10, 1, 3664, 15, 8, NULL, NULL, NULL, NULL, NULL, 1, 0, NULL, NULL, NULL),
(10, 1, 3665, 16, 8, NULL, NULL, NULL, NULL, NULL, 1, 0, NULL, NULL, NULL),
(10, 1, 3666, 17, 8, NULL, NULL, NULL, NULL, NULL, 1, 0, NULL, NULL, NULL),
(10, 1, 3667, 18, 8, NULL, NULL, NULL, NULL, NULL, 0, 0, NULL, NULL, NULL),
(10, 1, 3668, 19, 8, NULL, NULL, NULL, NULL, NULL, 0, 0, NULL, NULL, NULL),
(10, 1, 3669, 20, 8, NULL, NULL, NULL, NULL, NULL, 0, 0, NULL, NULL, NULL),
(10, 1, 3670, 21, 8, NULL, NULL, NULL, NULL, NULL, 0, 0, NULL, NULL, NULL),
(10, 1, 3671, 22, 8, NULL, NULL, NULL, NULL, NULL, 0, 0, NULL, NULL, NULL),
(10, 1, 3672, 23, 8, NULL, NULL, NULL, NULL, NULL, 0, 0, NULL, NULL, NULL),
(10, 1, 3673, 0, 9, NULL, NULL, NULL, NULL, NULL, 0, 0, NULL, NULL, NULL),
(10, 1, 3674, 1, 9, NULL, NULL, NULL, NULL, NULL, 1, 0, NULL, NULL, NULL),
(10, 1, 3675, 2, 9, NULL, NULL, NULL, NULL, NULL, 1, 0, NULL, NULL, NULL),
(10, 1, 3676, 3, 9, NULL, NULL, NULL, NULL, NULL, 1, 0, NULL, NULL, NULL),
(10, 1, 3677, 4, 9, NULL, NULL, NULL, NULL, NULL, 1, 0, NULL, NULL, NULL),
(10, 1, 3678, 5, 9, NULL, NULL, NULL, NULL, NULL, 1, 0, NULL, NULL, NULL),
(10, 1, 3679, 6, 9, NULL, NULL, NULL, NULL, NULL, 1, 0, NULL, NULL, NULL),
(10, 1, 3680, 7, 9, NULL, NULL, NULL, NULL, NULL, 1, 0, NULL, NULL, NULL),
(10, 1, 3681, 8, 9, NULL, NULL, NULL, NULL, NULL, 0, 0, NULL, NULL, NULL),
(10, 1, 3682, 9, 9, NULL, NULL, NULL, NULL, NULL, 1, 0, NULL, NULL, NULL),
(10, 1, 3683, 10, 9, NULL, NULL, NULL, NULL, NULL, 0, 0, NULL, NULL, NULL),
(10, 1, 3684, 11, 9, NULL, NULL, NULL, NULL, NULL, 0, 0, NULL, NULL, NULL),
(10, 1, 3685, 12, 9, NULL, NULL, NULL, NULL, NULL, 1, 0, NULL, NULL, NULL),
(10, 1, 3686, 13, 9, NULL, NULL, NULL, NULL, NULL, 0, 0, NULL, NULL, NULL),
(10, 1, 3687, 14, 9, NULL, NULL, NULL, NULL, NULL, 1, 0, NULL, NULL, NULL),
(10, 1, 3688, 15, 9, NULL, NULL, NULL, NULL, NULL, 1, 0, NULL, NULL, NULL),
(10, 1, 3689, 16, 9, NULL, NULL, NULL, NULL, NULL, 1, 0, NULL, NULL, NULL),
(10, 1, 3690, 17, 9, NULL, NULL, NULL, NULL, NULL, 1, 0, NULL, NULL, NULL),
(10, 1, 3691, 18, 9, NULL, NULL, NULL, NULL, NULL, 1, 0, NULL, NULL, NULL),
(10, 1, 3692, 19, 9, NULL, NULL, NULL, NULL, NULL, 1, 0, NULL, NULL, NULL),
(10, 1, 3693, 20, 9, NULL, NULL, NULL, NULL, NULL, 1, 0, NULL, NULL, NULL),
(10, 1, 3694, 21, 9, NULL, NULL, NULL, NULL, NULL, 1, 0, NULL, NULL, NULL),
(10, 1, 3695, 22, 9, NULL, NULL, NULL, NULL, NULL, 1, 0, NULL, NULL, NULL),
(10, 1, 3696, 23, 9, NULL, NULL, NULL, NULL, NULL, 0, 0, NULL, NULL, NULL),
(10, 1, 3697, 0, 10, NULL, NULL, NULL, NULL, NULL, 0, 0, NULL, NULL, NULL),
(10, 1, 3698, 1, 10, NULL, NULL, NULL, NULL, NULL, 0, 0, NULL, NULL, NULL),
(10, 1, 3699, 2, 10, NULL, NULL, NULL, NULL, NULL, 0, 0, NULL, NULL, NULL),
(10, 1, 3700, 3, 10, NULL, NULL, NULL, NULL, NULL, 0, 0, NULL, NULL, NULL),
(10, 1, 3701, 4, 10, NULL, NULL, NULL, NULL, NULL, 1, 0, NULL, NULL, NULL),
(10, 1, 3702, 5, 10, NULL, NULL, NULL, NULL, NULL, 1, 0, NULL, NULL, NULL),
(10, 1, 3703, 6, 10, NULL, NULL, NULL, NULL, NULL, 1, 0, NULL, NULL, NULL),
(10, 1, 3704, 7, 10, NULL, NULL, NULL, NULL, NULL, 1, 0, NULL, NULL, NULL),
(10, 1, 3705, 8, 10, NULL, NULL, NULL, NULL, NULL, 0, 0, NULL, NULL, NULL),
(10, 1, 3706, 9, 10, NULL, NULL, NULL, NULL, NULL, 1, 0, NULL, NULL, NULL),
(10, 1, 3707, 10, 10, NULL, NULL, NULL, NULL, NULL, 0, 0, NULL, NULL, NULL),
(10, 1, 3708, 11, 10, NULL, NULL, NULL, NULL, NULL, 0, 0, NULL, NULL, NULL),
(10, 1, 3709, 12, 10, NULL, NULL, NULL, NULL, NULL, 1, 0, NULL, NULL, NULL),
(10, 1, 3710, 13, 10, NULL, NULL, NULL, NULL, NULL, 0, 0, NULL, NULL, NULL),
(10, 1, 3711, 14, 10, NULL, NULL, NULL, NULL, NULL, 1, 0, NULL, NULL, NULL),
(10, 1, 3712, 15, 10, NULL, NULL, NULL, NULL, NULL, 1, 0, NULL, NULL, NULL),
(10, 1, 3713, 16, 10, NULL, NULL, NULL, NULL, NULL, 1, 0, NULL, NULL, NULL),
(10, 1, 3714, 17, 10, NULL, NULL, NULL, NULL, NULL, 1, 0, NULL, NULL, NULL),
(10, 1, 3715, 18, 10, NULL, NULL, NULL, NULL, NULL, 0, 0, NULL, NULL, NULL),
(10, 1, 3716, 19, 10, NULL, NULL, NULL, NULL, NULL, 0, 0, NULL, NULL, NULL),
(10, 1, 3717, 20, 10, NULL, NULL, NULL, NULL, NULL, 0, 0, NULL, NULL, NULL),
(10, 1, 3718, 21, 10, NULL, NULL, NULL, NULL, NULL, 0, 0, NULL, NULL, NULL),
(10, 1, 3719, 22, 10, NULL, NULL, NULL, NULL, NULL, 0, 0, NULL, NULL, NULL),
(10, 1, 3720, 23, 10, NULL, NULL, NULL, NULL, NULL, 0, 0, NULL, NULL, NULL),
(10, 1, 3721, 0, 11, NULL, NULL, NULL, NULL, NULL, 1, 0, NULL, NULL, NULL),
(10, 1, 3722, 1, 11, NULL, NULL, NULL, NULL, NULL, 1, 0, NULL, NULL, NULL),
(10, 1, 3723, 2, 11, NULL, NULL, NULL, NULL, NULL, 1, 0, NULL, NULL, NULL),
(10, 1, 3724, 3, 11, NULL, NULL, NULL, NULL, NULL, 0, 0, NULL, NULL, NULL),
(10, 1, 3725, 4, 11, NULL, NULL, NULL, NULL, NULL, 1, 0, NULL, NULL, NULL),
(10, 1, 3726, 5, 11, NULL, NULL, NULL, NULL, NULL, 1, 0, NULL, NULL, NULL),
(10, 1, 3727, 6, 11, NULL, NULL, NULL, NULL, NULL, 1, 0, NULL, NULL, NULL),
(10, 1, 3728, 7, 11, NULL, NULL, NULL, NULL, NULL, 1, 0, NULL, NULL, NULL),
(10, 1, 3729, 8, 11, NULL, NULL, NULL, NULL, NULL, 0, 0, NULL, NULL, NULL),
(10, 1, 3730, 9, 11, NULL, NULL, NULL, NULL, NULL, 1, 0, NULL, NULL, NULL),
(10, 1, 3731, 10, 11, NULL, NULL, NULL, NULL, NULL, 0, 0, NULL, NULL, NULL),
(10, 1, 3732, 11, 11, NULL, NULL, NULL, NULL, NULL, 0, 0, NULL, NULL, NULL),
(10, 1, 3733, 12, 11, NULL, NULL, NULL, NULL, NULL, 1, 0, NULL, NULL, NULL),
(10, 1, 3734, 13, 11, NULL, NULL, NULL, NULL, NULL, 0, 0, NULL, NULL, NULL),
(10, 1, 3735, 14, 11, NULL, NULL, NULL, NULL, NULL, 1, 0, NULL, NULL, NULL),
(10, 1, 3736, 15, 11, NULL, NULL, NULL, NULL, NULL, 0, 0, NULL, NULL, NULL),
(10, 1, 3737, 16, 11, NULL, NULL, NULL, NULL, NULL, 0, 0, NULL, NULL, NULL),
(10, 1, 3738, 17, 11, NULL, NULL, NULL, NULL, NULL, 0, 0, NULL, NULL, NULL),
(10, 1, 3739, 18, 11, NULL, NULL, NULL, NULL, NULL, 0, 0, NULL, NULL, NULL),
(10, 1, 3740, 19, 11, NULL, NULL, NULL, NULL, NULL, 1, 0, NULL, NULL, NULL),
(10, 1, 3741, 20, 11, NULL, NULL, NULL, NULL, NULL, 1, 0, NULL, NULL, NULL),
(10, 1, 3742, 21, 11, NULL, NULL, NULL, NULL, NULL, 1, 0, NULL, NULL, NULL),
(10, 1, 3743, 22, 11, NULL, NULL, NULL, NULL, NULL, 0, 0, NULL, NULL, NULL),
(10, 1, 3744, 23, 11, NULL, NULL, NULL, NULL, NULL, 0, 0, NULL, NULL, NULL),
(10, 1, 3745, 0, 12, NULL, NULL, NULL, NULL, NULL, 0, 0, NULL, NULL, NULL),
(10, 1, 3746, 1, 12, NULL, NULL, NULL, NULL, NULL, 1, 0, NULL, NULL, NULL),
(10, 1, 3747, 2, 12, NULL, NULL, NULL, NULL, NULL, 1, 0, NULL, NULL, NULL),
(10, 1, 3748, 3, 12, NULL, NULL, NULL, NULL, NULL, 0, 0, NULL, NULL, NULL),
(10, 1, 3749, 4, 12, NULL, NULL, NULL, NULL, NULL, 0, 0, NULL, NULL, NULL),
(10, 1, 3750, 5, 12, NULL, NULL, NULL, NULL, NULL, 0, 0, NULL, NULL, NULL),
(10, 1, 3751, 6, 12, NULL, NULL, NULL, NULL, NULL, 0, 0, NULL, NULL, NULL),
(10, 1, 3752, 7, 12, NULL, NULL, NULL, NULL, NULL, 1, 0, NULL, NULL, NULL),
(10, 1, 3753, 8, 12, NULL, NULL, NULL, NULL, NULL, 0, 0, NULL, NULL, NULL),
(10, 1, 3754, 9, 12, NULL, NULL, NULL, NULL, NULL, 1, 0, NULL, NULL, NULL),
(10, 1, 3755, 10, 12, NULL, NULL, NULL, NULL, NULL, 0, 0, NULL, NULL, NULL),
(10, 1, 3756, 11, 12, NULL, NULL, NULL, NULL, NULL, 0, 0, NULL, NULL, NULL),
(10, 1, 3757, 12, 12, NULL, NULL, NULL, NULL, NULL, 1, 0, NULL, NULL, NULL),
(10, 1, 3758, 13, 12, NULL, NULL, NULL, NULL, NULL, 0, 0, NULL, NULL, NULL),
(10, 1, 3759, 14, 12, NULL, NULL, NULL, NULL, NULL, 1, 0, NULL, NULL, NULL),
(10, 1, 3760, 15, 12, NULL, NULL, NULL, NULL, NULL, 0, 0, NULL, NULL, NULL),
(10, 1, 3761, 16, 12, NULL, NULL, NULL, NULL, NULL, 1, 0, NULL, NULL, NULL),
(10, 1, 3762, 17, 12, NULL, NULL, NULL, NULL, NULL, 1, 0, NULL, NULL, NULL),
(10, 1, 3763, 18, 12, NULL, NULL, NULL, NULL, NULL, 1, 0, NULL, NULL, NULL),
(10, 1, 3764, 19, 12, NULL, NULL, NULL, NULL, NULL, 1, 0, NULL, NULL, NULL),
(10, 1, 3765, 20, 12, NULL, NULL, NULL, NULL, NULL, 1, 0, NULL, NULL, NULL),
(10, 1, 3766, 21, 12, NULL, NULL, NULL, NULL, NULL, 1, 0, NULL, NULL, NULL),
(10, 1, 3767, 22, 12, NULL, NULL, NULL, NULL, NULL, 1, 0, NULL, NULL, NULL),
(10, 1, 3768, 23, 12, NULL, NULL, NULL, NULL, NULL, 1, 0, NULL, NULL, NULL),
(10, 1, 3769, 0, 13, NULL, NULL, NULL, NULL, NULL, 0, 0, NULL, NULL, NULL),
(10, 1, 3770, 1, 13, NULL, NULL, NULL, NULL, NULL, 0, 0, NULL, NULL, NULL),
(10, 1, 3771, 2, 13, NULL, NULL, NULL, NULL, NULL, 1, 0, NULL, NULL, NULL),
(10, 1, 3772, 3, 13, NULL, NULL, NULL, NULL, NULL, 1, 0, NULL, NULL, NULL),
(10, 1, 3773, 4, 13, NULL, NULL, NULL, NULL, NULL, 1, 0, NULL, NULL, NULL),
(10, 1, 3774, 5, 13, NULL, NULL, NULL, NULL, NULL, 1, 0, NULL, NULL, NULL),
(10, 1, 3775, 6, 13, NULL, NULL, NULL, NULL, NULL, 0, 0, NULL, NULL, NULL),
(10, 1, 3776, 7, 13, NULL, NULL, NULL, NULL, NULL, 0, 0, NULL, NULL, NULL),
(10, 1, 3777, 8, 13, NULL, NULL, NULL, NULL, NULL, 0, 0, NULL, NULL, NULL),
(10, 1, 3778, 9, 13, NULL, NULL, NULL, NULL, NULL, 1, 0, NULL, NULL, NULL),
(10, 1, 3779, 10, 13, NULL, NULL, NULL, NULL, NULL, 0, 0, NULL, NULL, NULL),
(10, 1, 3780, 11, 13, NULL, NULL, NULL, NULL, NULL, 0, 0, NULL, NULL, NULL),
(10, 1, 3781, 12, 13, NULL, NULL, NULL, NULL, NULL, 1, 0, NULL, NULL, NULL),
(10, 1, 3782, 13, 13, NULL, NULL, NULL, NULL, NULL, 0, 0, NULL, NULL, NULL),
(10, 1, 3783, 14, 13, NULL, NULL, NULL, NULL, NULL, 0, 0, NULL, NULL, NULL),
(10, 1, 3784, 15, 13, NULL, NULL, NULL, NULL, NULL, 0, 0, NULL, NULL, NULL),
(10, 1, 3785, 16, 13, NULL, NULL, NULL, NULL, NULL, 1, 0, NULL, NULL, NULL),
(10, 1, 3786, 17, 13, NULL, NULL, NULL, NULL, NULL, 1, 0, NULL, NULL, NULL),
(10, 1, 3787, 18, 13, NULL, NULL, NULL, NULL, NULL, 0, 0, NULL, NULL, NULL),
(10, 1, 3788, 19, 13, NULL, NULL, NULL, NULL, NULL, 0, 0, NULL, NULL, NULL),
(10, 1, 3789, 20, 13, NULL, NULL, NULL, NULL, NULL, 0, 0, NULL, NULL, NULL),
(10, 1, 3790, 21, 13, NULL, NULL, NULL, NULL, NULL, 0, 0, NULL, NULL, NULL),
(10, 1, 3791, 22, 13, NULL, NULL, NULL, NULL, NULL, 0, 0, NULL, NULL, NULL),
(10, 1, 3792, 23, 13, NULL, NULL, NULL, NULL, NULL, 0, 0, NULL, NULL, NULL),
(10, 1, 3793, 0, 14, NULL, NULL, NULL, NULL, NULL, 1, 0, NULL, NULL, NULL),
(10, 1, 3794, 1, 14, NULL, NULL, NULL, NULL, NULL, 0, 0, NULL, NULL, NULL),
(10, 1, 3795, 2, 14, NULL, NULL, NULL, NULL, NULL, 0, 0, NULL, NULL, NULL),
(10, 1, 3796, 3, 14, NULL, NULL, NULL, NULL, NULL, 0, 0, NULL, NULL, NULL),
(10, 1, 3797, 4, 14, NULL, NULL, NULL, NULL, NULL, 1, 0, NULL, NULL, NULL),
(10, 1, 3798, 5, 14, NULL, NULL, NULL, NULL, NULL, 1, 0, NULL, NULL, NULL),
(10, 1, 3799, 6, 14, NULL, NULL, NULL, NULL, NULL, 1, 0, NULL, NULL, NULL),
(10, 1, 3800, 7, 14, NULL, NULL, NULL, NULL, NULL, 1, 0, NULL, NULL, NULL),
(10, 1, 3801, 8, 14, NULL, NULL, NULL, NULL, NULL, 1, 0, NULL, NULL, NULL),
(10, 1, 3802, 9, 14, NULL, NULL, NULL, NULL, NULL, 1, 0, NULL, NULL, NULL),
(10, 1, 3803, 10, 14, NULL, NULL, NULL, NULL, NULL, 1, 0, NULL, NULL, NULL),
(10, 1, 3804, 11, 14, NULL, NULL, NULL, NULL, NULL, 1, 0, NULL, NULL, NULL),
(10, 1, 3805, 12, 14, NULL, NULL, NULL, NULL, NULL, 1, 0, NULL, NULL, NULL),
(10, 1, 3806, 13, 14, NULL, NULL, NULL, NULL, NULL, 1, 0, NULL, NULL, NULL),
(10, 1, 3807, 14, 14, NULL, NULL, NULL, NULL, NULL, 1, 0, NULL, NULL, NULL),
(10, 1, 3808, 15, 14, NULL, NULL, NULL, NULL, NULL, 1, 0, NULL, NULL, NULL),
(10, 1, 3809, 16, 14, NULL, NULL, NULL, NULL, NULL, 1, 0, NULL, NULL, NULL),
(10, 1, 3810, 17, 14, NULL, NULL, NULL, NULL, NULL, 1, 0, NULL, NULL, NULL),
(10, 1, 3811, 18, 14, NULL, NULL, NULL, NULL, NULL, 0, 0, NULL, NULL, NULL),
(10, 1, 3812, 19, 14, NULL, NULL, NULL, NULL, NULL, 1, 0, NULL, NULL, NULL),
(10, 1, 3813, 20, 14, NULL, NULL, NULL, NULL, NULL, 1, 0, NULL, NULL, NULL),
(10, 1, 3814, 21, 14, NULL, NULL, NULL, NULL, NULL, 1, 0, NULL, NULL, NULL),
(10, 1, 3815, 22, 14, NULL, NULL, NULL, NULL, NULL, 1, 0, NULL, NULL, NULL),
(10, 1, 3816, 23, 14, NULL, NULL, NULL, NULL, NULL, 1, 0, NULL, NULL, NULL),
(10, 1, 3817, 0, 15, NULL, NULL, NULL, NULL, NULL, 1, 0, NULL, NULL, NULL),
(10, 1, 3818, 1, 15, NULL, NULL, NULL, NULL, NULL, 1, 0, NULL, NULL, NULL),
(10, 1, 3819, 2, 15, NULL, NULL, NULL, NULL, NULL, 1, 0, NULL, NULL, NULL),
(10, 1, 3820, 3, 15, NULL, NULL, NULL, NULL, NULL, 0, 0, NULL, NULL, NULL),
(10, 1, 3821, 4, 15, NULL, NULL, NULL, NULL, NULL, 0, 0, NULL, NULL, NULL),
(10, 1, 3822, 5, 15, NULL, NULL, NULL, NULL, NULL, 0, 0, NULL, NULL, NULL),
(10, 1, 3823, 6, 15, NULL, NULL, NULL, NULL, NULL, 0, 0, NULL, NULL, NULL),
(10, 1, 3824, 7, 15, NULL, NULL, NULL, NULL, NULL, 1, 0, NULL, NULL, NULL),
(10, 1, 3825, 8, 15, NULL, NULL, NULL, NULL, NULL, 0, 0, NULL, NULL, NULL),
(10, 1, 3826, 9, 15, NULL, NULL, NULL, NULL, NULL, 1, 0, NULL, NULL, NULL),
(10, 1, 3827, 10, 15, NULL, NULL, 9, NULL, 3180, 0, 1, NULL, NULL, 1),
(10, 1, 3828, 11, 15, NULL, NULL, 9, NULL, 3180, 0, 1, NULL, NULL, 1),
(10, 1, 3829, 12, 15, NULL, NULL, NULL, NULL, NULL, 1, 0, NULL, NULL, NULL),
(10, 1, 3830, 13, 15, NULL, NULL, NULL, NULL, NULL, 0, 0, NULL, NULL, NULL),
(10, 1, 3831, 14, 15, NULL, NULL, NULL, NULL, NULL, 1, 0, NULL, NULL, NULL),
(10, 1, 3832, 15, 15, NULL, NULL, NULL, NULL, NULL, 0, 0, NULL, NULL, NULL),
(10, 1, 3833, 16, 15, NULL, NULL, NULL, NULL, NULL, 0, 0, NULL, NULL, NULL),
(10, 1, 3834, 17, 15, NULL, NULL, NULL, NULL, NULL, 0, 0, NULL, NULL, NULL),
(10, 1, 3835, 18, 15, NULL, NULL, NULL, NULL, NULL, 0, 0, NULL, NULL, NULL),
(10, 1, 3836, 19, 15, NULL, NULL, NULL, NULL, NULL, 1, 0, NULL, NULL, NULL),
(10, 1, 3837, 20, 15, NULL, NULL, NULL, NULL, NULL, 1, 0, NULL, NULL, NULL),
(10, 1, 3838, 21, 15, NULL, NULL, NULL, NULL, NULL, 1, 0, NULL, NULL, NULL),
(10, 1, 3839, 22, 15, NULL, NULL, NULL, NULL, NULL, 1, 0, NULL, NULL, NULL),
(10, 1, 3840, 23, 15, NULL, NULL, NULL, NULL, NULL, 1, 0, NULL, NULL, NULL),
(11, 1, 3841, 0, 0, NULL, NULL, NULL, NULL, NULL, 1, 0, NULL, NULL, NULL),
(11, 1, 3842, 1, 0, NULL, NULL, NULL, NULL, NULL, 1, 0, NULL, NULL, NULL),
(11, 1, 3843, 2, 0, NULL, NULL, NULL, NULL, NULL, 1, 0, NULL, NULL, NULL),
(11, 1, 3844, 3, 0, NULL, NULL, NULL, NULL, NULL, 1, 0, NULL, NULL, NULL),
(11, 1, 3845, 4, 0, NULL, NULL, NULL, NULL, NULL, 1, 0, NULL, NULL, NULL),
(11, 1, 3846, 5, 0, NULL, NULL, NULL, NULL, NULL, 0, 0, NULL, NULL, NULL),
(11, 1, 3847, 6, 0, NULL, NULL, NULL, NULL, NULL, 0, 0, NULL, NULL, NULL),
(11, 1, 3848, 7, 0, NULL, NULL, NULL, NULL, NULL, 1, 0, NULL, NULL, NULL),
(11, 1, 3849, 8, 0, NULL, NULL, NULL, NULL, NULL, 0, 0, NULL, NULL, NULL),
(11, 1, 3850, 9, 0, NULL, NULL, NULL, NULL, NULL, 0, 0, NULL, NULL, NULL),
(11, 1, 3851, 10, 0, NULL, NULL, NULL, NULL, NULL, 0, 0, NULL, NULL, NULL),
(11, 1, 3852, 11, 0, NULL, NULL, NULL, NULL, NULL, 0, 0, NULL, NULL, NULL),
(11, 1, 3853, 12, 0, NULL, NULL, NULL, NULL, NULL, 0, 0, NULL, NULL, NULL),
(11, 1, 3854, 13, 0, NULL, NULL, NULL, NULL, NULL, 0, 0, NULL, NULL, NULL),
(11, 1, 3855, 14, 0, NULL, NULL, NULL, NULL, NULL, 0, 0, NULL, NULL, NULL),
(11, 1, 3856, 15, 0, NULL, NULL, NULL, NULL, NULL, 0, 0, NULL, NULL, NULL),
(11, 1, 3857, 16, 0, NULL, NULL, NULL, NULL, NULL, 1, 0, NULL, NULL, NULL),
(11, 1, 3858, 17, 0, NULL, NULL, NULL, NULL, NULL, 0, 0, NULL, NULL, NULL),
(11, 1, 3859, 18, 0, NULL, NULL, NULL, NULL, NULL, 1, 0, NULL, NULL, NULL),
(11, 1, 3860, 19, 0, NULL, NULL, NULL, NULL, NULL, 1, 0, NULL, NULL, NULL),
(11, 1, 3861, 20, 0, NULL, NULL, NULL, NULL, NULL, 1, 0, NULL, NULL, NULL),
(11, 1, 3862, 21, 0, NULL, NULL, NULL, NULL, NULL, 1, 0, NULL, NULL, NULL),
(11, 1, 3863, 22, 0, NULL, NULL, NULL, NULL, NULL, 1, 0, NULL, NULL, NULL),
(11, 1, 3864, 23, 0, NULL, NULL, NULL, NULL, NULL, 1, 0, NULL, NULL, NULL),
(11, 1, 3865, 0, 1, NULL, NULL, NULL, NULL, NULL, 1, 0, NULL, NULL, NULL),
(11, 1, 3866, 1, 1, NULL, NULL, NULL, NULL, NULL, 1, 0, NULL, NULL, NULL),
(11, 1, 3867, 2, 1, NULL, NULL, NULL, NULL, NULL, 1, 0, NULL, NULL, NULL),
(11, 1, 3868, 3, 1, NULL, NULL, NULL, NULL, NULL, 1, 0, NULL, NULL, NULL),
(11, 1, 3869, 4, 1, NULL, NULL, NULL, NULL, NULL, 1, 0, NULL, NULL, NULL),
(11, 1, 3870, 5, 1, NULL, NULL, NULL, NULL, NULL, 0, 0, NULL, NULL, NULL),
(11, 1, 3871, 6, 1, NULL, NULL, NULL, NULL, NULL, 1, 0, NULL, NULL, NULL),
(11, 1, 3872, 7, 1, NULL, NULL, NULL, NULL, NULL, 1, 0, NULL, NULL, NULL),
(11, 1, 3873, 8, 1, NULL, NULL, NULL, NULL, NULL, 0, 0, NULL, NULL, NULL),
(11, 1, 3874, 9, 1, NULL, NULL, NULL, NULL, NULL, 0, 0, NULL, NULL, NULL),
(11, 1, 3875, 10, 1, NULL, NULL, NULL, NULL, NULL, 0, 0, NULL, NULL, NULL),
(11, 1, 3876, 11, 1, NULL, NULL, NULL, NULL, NULL, 0, 0, NULL, NULL, NULL),
(11, 1, 3877, 12, 1, NULL, NULL, NULL, NULL, NULL, 0, 0, NULL, NULL, NULL),
(11, 1, 3878, 13, 1, NULL, NULL, NULL, NULL, NULL, 0, 0, NULL, NULL, NULL),
(11, 1, 3879, 14, 1, NULL, NULL, NULL, NULL, NULL, 0, 0, NULL, NULL, NULL),
(11, 1, 3880, 15, 1, NULL, NULL, NULL, NULL, NULL, 1, 0, NULL, NULL, NULL),
(11, 1, 3881, 16, 1, NULL, NULL, NULL, NULL, NULL, 1, 0, NULL, NULL, NULL),
(11, 1, 3882, 17, 1, NULL, NULL, NULL, NULL, NULL, 0, 0, NULL, NULL, NULL),
(11, 1, 3883, 18, 1, NULL, NULL, NULL, NULL, NULL, 1, 0, NULL, NULL, NULL),
(11, 1, 3884, 19, 1, NULL, NULL, NULL, NULL, NULL, 1, 0, NULL, NULL, NULL),
(11, 1, 3885, 20, 1, NULL, NULL, NULL, NULL, NULL, 1, 0, NULL, NULL, NULL),
(11, 1, 3886, 21, 1, NULL, NULL, NULL, NULL, NULL, 1, 0, NULL, NULL, NULL),
(11, 1, 3887, 22, 1, NULL, NULL, NULL, NULL, NULL, 1, 0, NULL, NULL, NULL),
(11, 1, 3888, 23, 1, NULL, NULL, NULL, NULL, NULL, 1, 0, NULL, NULL, NULL),
(11, 1, 3889, 0, 2, NULL, NULL, NULL, NULL, NULL, 1, 0, NULL, NULL, NULL),
(11, 1, 3890, 1, 2, NULL, NULL, NULL, NULL, NULL, 1, 0, NULL, NULL, NULL),
(11, 1, 3891, 2, 2, NULL, NULL, NULL, NULL, NULL, 1, 0, NULL, NULL, NULL),
(11, 1, 3892, 3, 2, NULL, NULL, NULL, NULL, NULL, 1, 0, NULL, NULL, NULL),
(11, 1, 3893, 4, 2, NULL, NULL, NULL, NULL, NULL, 1, 0, NULL, NULL, NULL),
(11, 1, 3894, 5, 2, NULL, NULL, NULL, NULL, NULL, 0, 0, NULL, NULL, NULL),
(11, 1, 3895, 6, 2, NULL, NULL, NULL, NULL, NULL, 1, 0, NULL, NULL, NULL),
(11, 1, 3896, 7, 2, NULL, NULL, NULL, NULL, NULL, 1, 0, NULL, NULL, NULL),
(11, 1, 3897, 8, 2, NULL, NULL, NULL, NULL, NULL, 0, 0, NULL, NULL, NULL),
(11, 1, 3898, 9, 2, NULL, NULL, NULL, NULL, NULL, 0, 0, NULL, NULL, NULL),
(11, 1, 3899, 10, 2, NULL, NULL, NULL, NULL, NULL, 0, 0, NULL, NULL, NULL),
(11, 1, 3900, 11, 2, NULL, NULL, NULL, NULL, NULL, 0, 0, NULL, NULL, NULL),
(11, 1, 3901, 12, 2, NULL, NULL, NULL, NULL, NULL, 0, 0, NULL, NULL, NULL),
(11, 1, 3902, 13, 2, NULL, NULL, NULL, NULL, NULL, 0, 0, NULL, NULL, NULL),
(11, 1, 3903, 14, 2, NULL, NULL, NULL, NULL, NULL, 0, 0, NULL, NULL, NULL),
(11, 1, 3904, 15, 2, NULL, NULL, NULL, NULL, NULL, 1, 0, NULL, NULL, NULL),
(11, 1, 3905, 16, 2, NULL, NULL, NULL, NULL, NULL, 1, 0, NULL, NULL, NULL),
(11, 1, 3906, 17, 2, NULL, NULL, NULL, NULL, NULL, 0, 0, NULL, NULL, NULL),
(11, 1, 3907, 18, 2, NULL, NULL, NULL, NULL, NULL, 1, 0, NULL, NULL, NULL),
(11, 1, 3908, 19, 2, NULL, NULL, NULL, NULL, NULL, 1, 0, NULL, NULL, NULL),
(11, 1, 3909, 20, 2, NULL, NULL, NULL, NULL, NULL, 1, 0, NULL, NULL, NULL),
(11, 1, 3910, 21, 2, NULL, NULL, NULL, NULL, NULL, 1, 0, NULL, NULL, NULL),
(11, 1, 3911, 22, 2, NULL, NULL, NULL, NULL, NULL, 1, 0, NULL, NULL, NULL),
(11, 1, 3912, 23, 2, NULL, NULL, NULL, NULL, NULL, 1, 0, NULL, NULL, NULL),
(11, 1, 3913, 0, 3, NULL, NULL, NULL, NULL, NULL, 1, 0, NULL, NULL, NULL),
(11, 1, 3914, 1, 3, NULL, NULL, NULL, NULL, NULL, 0, 0, NULL, NULL, NULL),
(11, 1, 3915, 2, 3, NULL, NULL, NULL, NULL, NULL, 0, 0, NULL, NULL, NULL),
(11, 1, 3916, 3, 3, NULL, NULL, NULL, NULL, NULL, 0, 0, NULL, NULL, NULL),
(11, 1, 3917, 4, 3, NULL, NULL, NULL, NULL, NULL, 0, 0, NULL, NULL, NULL),
(11, 1, 3918, 5, 3, NULL, NULL, NULL, NULL, NULL, 0, 0, NULL, NULL, NULL),
(11, 1, 3919, 6, 3, NULL, NULL, NULL, NULL, NULL, 1, 0, NULL, NULL, NULL),
(11, 1, 3920, 7, 3, NULL, NULL, NULL, NULL, NULL, 1, 0, NULL, NULL, NULL),
(11, 1, 3921, 8, 3, NULL, NULL, NULL, NULL, NULL, 0, 0, NULL, NULL, NULL),
(11, 1, 3922, 9, 3, NULL, NULL, NULL, NULL, NULL, 0, 0, NULL, NULL, NULL),
(11, 1, 3923, 10, 3, NULL, NULL, NULL, NULL, NULL, 0, 0, NULL, NULL, NULL),
(11, 1, 3924, 11, 3, NULL, NULL, 15, NULL, 5748, 0, 1, NULL, NULL, 2),
(11, 1, 3925, 12, 3, NULL, NULL, NULL, NULL, NULL, 0, 0, NULL, NULL, NULL),
(11, 1, 3926, 13, 3, NULL, NULL, NULL, NULL, NULL, 0, 0, NULL, NULL, NULL),
(11, 1, 3927, 14, 3, NULL, NULL, NULL, NULL, NULL, 0, 0, NULL, NULL, NULL),
(11, 1, 3928, 15, 3, NULL, NULL, NULL, NULL, NULL, 1, 0, NULL, NULL, NULL),
(11, 1, 3929, 16, 3, NULL, NULL, NULL, NULL, NULL, 1, 0, NULL, NULL, NULL),
(11, 1, 3930, 17, 3, NULL, NULL, NULL, NULL, NULL, 0, 0, NULL, NULL, NULL),
(11, 1, 3931, 18, 3, NULL, NULL, NULL, NULL, NULL, 1, 0, NULL, NULL, NULL),
(11, 1, 3932, 19, 3, NULL, NULL, NULL, NULL, NULL, 1, 0, NULL, NULL, NULL),
(11, 1, 3933, 20, 3, NULL, NULL, NULL, NULL, NULL, 1, 0, NULL, NULL, NULL),
(11, 1, 3934, 21, 3, NULL, NULL, NULL, NULL, NULL, 1, 0, NULL, NULL, NULL),
(11, 1, 3935, 22, 3, NULL, NULL, NULL, NULL, NULL, 1, 0, NULL, NULL, NULL),
(11, 1, 3936, 23, 3, NULL, NULL, NULL, NULL, NULL, 1, 0, NULL, NULL, NULL),
(11, 1, 3937, 0, 4, NULL, NULL, NULL, NULL, NULL, 0, 0, NULL, NULL, NULL),
(11, 1, 3938, 1, 4, NULL, NULL, NULL, NULL, NULL, 0, 0, NULL, NULL, NULL),
(11, 1, 3939, 2, 4, NULL, NULL, NULL, NULL, NULL, 0, 0, NULL, NULL, NULL),
(11, 1, 3940, 3, 4, NULL, NULL, NULL, NULL, NULL, 0, 0, NULL, NULL, NULL),
(11, 1, 3941, 4, 4, NULL, NULL, NULL, NULL, NULL, 0, 0, NULL, NULL, NULL),
(11, 1, 3942, 5, 4, NULL, NULL, NULL, NULL, NULL, 0, 0, NULL, NULL, NULL),
(11, 1, 3943, 6, 4, NULL, NULL, NULL, NULL, NULL, 1, 0, NULL, NULL, NULL),
(11, 1, 3944, 7, 4, NULL, NULL, NULL, NULL, NULL, 1, 0, NULL, NULL, NULL),
(11, 1, 3945, 8, 4, NULL, NULL, NULL, NULL, NULL, 0, 0, NULL, NULL, NULL),
(11, 1, 3946, 9, 4, NULL, NULL, NULL, NULL, NULL, 0, 0, NULL, NULL, NULL),
(11, 1, 3947, 10, 4, NULL, NULL, NULL, NULL, NULL, 0, 0, NULL, NULL, NULL),
(11, 1, 3948, 11, 4, NULL, NULL, NULL, NULL, NULL, 1, 0, NULL, NULL, NULL),
(11, 1, 3949, 12, 4, NULL, NULL, NULL, NULL, NULL, 0, 0, NULL, NULL, NULL),
(11, 1, 3950, 13, 4, NULL, NULL, NULL, NULL, NULL, 0, 0, NULL, NULL, NULL),
(11, 1, 3951, 14, 4, NULL, NULL, NULL, NULL, NULL, 0, 0, NULL, NULL, NULL),
(11, 1, 3952, 15, 4, NULL, NULL, NULL, NULL, NULL, 1, 0, NULL, NULL, NULL),
(11, 1, 3953, 16, 4, NULL, NULL, NULL, NULL, NULL, 1, 0, NULL, NULL, NULL),
(11, 1, 3954, 17, 4, NULL, NULL, NULL, NULL, NULL, 0, 0, NULL, NULL, NULL),
(11, 1, 3955, 18, 4, NULL, NULL, NULL, NULL, NULL, 1, 0, NULL, NULL, NULL),
(11, 1, 3956, 19, 4, NULL, NULL, NULL, NULL, NULL, 1, 0, NULL, NULL, NULL),
(11, 1, 3957, 20, 4, NULL, NULL, NULL, NULL, NULL, 1, 0, NULL, NULL, NULL),
(11, 1, 3958, 21, 4, NULL, NULL, NULL, NULL, NULL, 1, 0, NULL, NULL, NULL),
(11, 1, 3959, 22, 4, NULL, NULL, NULL, NULL, NULL, 1, 0, NULL, NULL, NULL),
(11, 1, 3960, 23, 4, NULL, NULL, NULL, NULL, NULL, 1, 0, NULL, NULL, NULL),
(11, 1, 3961, 0, 5, NULL, NULL, NULL, NULL, NULL, 0, 0, NULL, NULL, NULL),
(11, 1, 3962, 1, 5, NULL, NULL, NULL, NULL, NULL, 0, 0, NULL, NULL, NULL),
(11, 1, 3963, 2, 5, NULL, NULL, NULL, NULL, NULL, 0, 0, NULL, NULL, NULL),
(11, 1, 3964, 3, 5, NULL, NULL, NULL, NULL, NULL, 0, 0, NULL, NULL, NULL),
(11, 1, 3965, 4, 5, NULL, NULL, NULL, NULL, NULL, 0, 0, NULL, NULL, NULL),
(11, 1, 3966, 5, 5, NULL, NULL, NULL, NULL, NULL, 0, 0, NULL, NULL, NULL),
(11, 1, 3967, 6, 5, NULL, NULL, NULL, NULL, NULL, 1, 0, NULL, NULL, NULL),
(11, 1, 3968, 7, 5, NULL, NULL, NULL, NULL, NULL, 1, 0, NULL, NULL, NULL),
(11, 1, 3969, 8, 5, NULL, NULL, NULL, NULL, NULL, 0, 0, NULL, NULL, NULL),
(11, 1, 3970, 9, 5, NULL, NULL, NULL, NULL, NULL, 1, 0, NULL, NULL, NULL),
(11, 1, 3971, 10, 5, NULL, NULL, NULL, NULL, NULL, 1, 0, NULL, NULL, NULL),
(11, 1, 3972, 11, 5, NULL, NULL, NULL, NULL, NULL, 1, 0, NULL, NULL, NULL),
(11, 1, 3973, 12, 5, NULL, NULL, NULL, NULL, NULL, 1, 0, NULL, NULL, NULL),
(11, 1, 3974, 13, 5, NULL, NULL, NULL, NULL, NULL, 1, 0, NULL, NULL, NULL),
(11, 1, 3975, 14, 5, NULL, NULL, NULL, NULL, NULL, 0, 0, NULL, NULL, NULL),
(11, 1, 3976, 15, 5, NULL, NULL, NULL, NULL, NULL, 1, 0, NULL, NULL, NULL),
(11, 1, 3977, 16, 5, NULL, NULL, NULL, NULL, NULL, 1, 0, NULL, NULL, NULL),
(11, 1, 3978, 17, 5, NULL, NULL, NULL, NULL, NULL, 0, 0, NULL, NULL, NULL),
(11, 1, 3979, 18, 5, NULL, NULL, NULL, NULL, NULL, 0, 0, NULL, NULL, NULL),
(11, 1, 3980, 19, 5, NULL, NULL, NULL, NULL, NULL, 0, 0, NULL, NULL, NULL),
(11, 1, 3981, 20, 5, NULL, NULL, NULL, NULL, NULL, 0, 0, NULL, NULL, NULL),
(11, 1, 3982, 21, 5, NULL, NULL, NULL, NULL, NULL, 0, 0, NULL, NULL, NULL),
(11, 1, 3983, 22, 5, NULL, NULL, NULL, NULL, NULL, 0, 0, NULL, NULL, NULL),
(11, 1, 3984, 23, 5, NULL, NULL, NULL, NULL, NULL, 0, 0, NULL, NULL, NULL),
(11, 1, 3985, 0, 6, NULL, NULL, NULL, NULL, NULL, 0, 0, NULL, NULL, NULL),
(11, 1, 3986, 1, 6, NULL, NULL, NULL, NULL, NULL, 0, 0, NULL, NULL, NULL),
(11, 1, 3987, 2, 6, NULL, NULL, NULL, NULL, NULL, 0, 0, NULL, NULL, NULL),
(11, 1, 3988, 3, 6, NULL, NULL, NULL, NULL, NULL, 0, 0, NULL, NULL, NULL),
(11, 1, 3989, 4, 6, NULL, NULL, NULL, NULL, NULL, 0, 0, NULL, NULL, NULL),
(11, 1, 3990, 5, 6, NULL, NULL, NULL, NULL, NULL, 0, 0, NULL, NULL, NULL),
(11, 1, 3991, 6, 6, NULL, NULL, NULL, NULL, NULL, 1, 0, NULL, NULL, NULL),
(11, 1, 3992, 7, 6, NULL, NULL, NULL, NULL, NULL, 1, 0, NULL, NULL, NULL),
(11, 1, 3993, 8, 6, NULL, NULL, NULL, NULL, NULL, 0, 0, NULL, NULL, NULL),
(11, 1, 3994, 9, 6, NULL, NULL, NULL, NULL, NULL, 1, 0, NULL, NULL, NULL),
(11, 1, 3995, 10, 6, NULL, NULL, NULL, NULL, NULL, 1, 0, NULL, NULL, NULL),
(11, 1, 3996, 11, 6, NULL, NULL, NULL, NULL, NULL, 1, 0, NULL, NULL, NULL),
(11, 1, 3997, 12, 6, NULL, NULL, NULL, NULL, NULL, 1, 0, NULL, NULL, NULL),
(11, 1, 3998, 13, 6, NULL, NULL, NULL, NULL, NULL, 1, 0, NULL, NULL, NULL),
(11, 1, 3999, 14, 6, NULL, NULL, NULL, NULL, NULL, 0, 0, NULL, NULL, NULL),
(11, 1, 4000, 15, 6, NULL, NULL, NULL, NULL, NULL, 1, 0, NULL, NULL, NULL),
(11, 1, 4001, 16, 6, NULL, NULL, NULL, NULL, NULL, 1, 0, NULL, NULL, NULL),
(11, 1, 4002, 17, 6, NULL, NULL, NULL, NULL, NULL, 0, 0, NULL, NULL, NULL),
(11, 1, 4003, 18, 6, NULL, NULL, NULL, NULL, NULL, 0, 0, NULL, NULL, NULL),
(11, 1, 4004, 19, 6, NULL, NULL, NULL, NULL, NULL, 0, 0, NULL, NULL, NULL),
(11, 1, 4005, 20, 6, NULL, NULL, NULL, NULL, NULL, 0, 0, NULL, NULL, NULL),
(11, 1, 4006, 21, 6, NULL, NULL, NULL, NULL, NULL, 0, 0, NULL, NULL, NULL),
(11, 1, 4007, 22, 6, NULL, NULL, NULL, NULL, NULL, 0, 0, NULL, NULL, NULL),
(11, 1, 4008, 23, 6, NULL, NULL, NULL, NULL, NULL, 0, 0, NULL, NULL, NULL),
(11, 1, 4009, 0, 7, NULL, NULL, NULL, NULL, NULL, 1, 0, NULL, NULL, NULL),
(11, 1, 4010, 1, 7, NULL, NULL, NULL, NULL, NULL, 1, 0, NULL, NULL, NULL),
(11, 1, 4011, 2, 7, NULL, NULL, NULL, NULL, NULL, 1, 0, NULL, NULL, NULL),
(11, 1, 4012, 3, 7, NULL, NULL, NULL, NULL, NULL, 1, 0, NULL, NULL, NULL),
(11, 1, 4013, 4, 7, NULL, NULL, NULL, NULL, NULL, 1, 0, NULL, NULL, NULL),
(11, 1, 4014, 5, 7, NULL, NULL, NULL, NULL, NULL, 0, 0, NULL, NULL, NULL),
(11, 1, 4015, 6, 7, NULL, NULL, NULL, NULL, NULL, 0, 0, NULL, NULL, NULL),
(11, 1, 4016, 7, 7, NULL, NULL, NULL, NULL, NULL, 0, 0, NULL, NULL, NULL),
(11, 1, 4017, 8, 7, NULL, NULL, NULL, NULL, NULL, 0, 0, NULL, NULL, NULL),
(11, 1, 4018, 9, 7, NULL, NULL, NULL, NULL, NULL, 1, 0, NULL, NULL, NULL),
(11, 1, 4019, 10, 7, NULL, NULL, NULL, NULL, NULL, 0, 0, NULL, NULL, NULL),
(11, 1, 4020, 11, 7, NULL, NULL, NULL, NULL, NULL, 1, 0, NULL, NULL, NULL),
(11, 1, 4021, 12, 7, NULL, NULL, NULL, NULL, NULL, 0, 0, NULL, NULL, NULL),
(11, 1, 4022, 13, 7, NULL, NULL, NULL, NULL, NULL, 1, 0, NULL, NULL, NULL),
(11, 1, 4023, 14, 7, NULL, NULL, NULL, NULL, NULL, 0, 0, NULL, NULL, NULL),
(11, 1, 4024, 15, 7, NULL, NULL, NULL, NULL, NULL, 0, 0, NULL, NULL, NULL),
(11, 1, 4025, 16, 7, NULL, NULL, NULL, NULL, NULL, 0, 0, NULL, NULL, NULL),
(11, 1, 4026, 17, 7, NULL, NULL, NULL, NULL, NULL, 0, 0, NULL, NULL, NULL),
(11, 1, 4027, 18, 7, NULL, NULL, NULL, NULL, NULL, 0, 0, NULL, NULL, NULL),
(11, 1, 4028, 19, 7, NULL, NULL, NULL, NULL, NULL, 0, 0, NULL, NULL, NULL),
(11, 1, 4029, 20, 7, NULL, NULL, NULL, NULL, NULL, 0, 0, NULL, NULL, NULL),
(11, 1, 4030, 21, 7, NULL, NULL, NULL, NULL, NULL, 1, 0, NULL, NULL, NULL),
(11, 1, 4031, 22, 7, NULL, NULL, NULL, NULL, NULL, 1, 0, NULL, NULL, NULL),
(11, 1, 4032, 23, 7, NULL, NULL, NULL, NULL, NULL, 1, 0, NULL, NULL, NULL),
(11, 1, 4033, 0, 8, NULL, NULL, NULL, NULL, NULL, 1, 0, NULL, NULL, NULL),
(11, 1, 4034, 1, 8, NULL, NULL, NULL, NULL, NULL, 1, 0, NULL, NULL, NULL),
(11, 1, 4035, 2, 8, NULL, NULL, NULL, NULL, NULL, 1, 0, NULL, NULL, NULL),
(11, 1, 4036, 3, 8, NULL, NULL, NULL, NULL, NULL, 1, 0, NULL, NULL, NULL),
(11, 1, 4037, 4, 8, NULL, NULL, NULL, NULL, NULL, 1, 0, NULL, NULL, NULL),
(11, 1, 4038, 5, 8, NULL, NULL, NULL, NULL, NULL, 1, 0, NULL, NULL, NULL),
(11, 1, 4039, 6, 8, NULL, NULL, NULL, NULL, NULL, 1, 0, NULL, NULL, NULL),
(11, 1, 4040, 7, 8, NULL, NULL, NULL, NULL, NULL, 1, 0, NULL, NULL, NULL),
(11, 1, 4041, 8, 8, NULL, NULL, NULL, NULL, NULL, 1, 0, NULL, NULL, NULL),
(11, 1, 4042, 9, 8, NULL, NULL, NULL, NULL, NULL, 1, 0, NULL, NULL, NULL),
(11, 1, 4043, 10, 8, NULL, NULL, NULL, NULL, NULL, 1, 0, NULL, NULL, NULL),
(11, 1, 4044, 11, 8, NULL, NULL, NULL, NULL, NULL, 0, 0, NULL, 1, NULL),
(11, 1, 4045, 12, 8, NULL, NULL, NULL, NULL, NULL, 1, 0, NULL, NULL, NULL),
(11, 1, 4046, 13, 8, NULL, NULL, NULL, NULL, NULL, 1, 0, NULL, NULL, NULL),
(11, 1, 4047, 14, 8, NULL, NULL, NULL, NULL, NULL, 1, 0, NULL, NULL, NULL),
(11, 1, 4048, 15, 8, NULL, NULL, NULL, NULL, NULL, 1, 0, NULL, NULL, NULL),
(11, 1, 4049, 16, 8, NULL, NULL, NULL, NULL, NULL, 1, 0, NULL, NULL, NULL),
(11, 1, 4050, 17, 8, NULL, NULL, NULL, NULL, NULL, 1, 0, NULL, NULL, NULL),
(11, 1, 4051, 18, 8, NULL, NULL, NULL, NULL, NULL, 1, 0, NULL, NULL, NULL),
(11, 1, 4052, 19, 8, NULL, NULL, NULL, NULL, NULL, 1, 0, NULL, NULL, NULL),
(11, 1, 4053, 20, 8, NULL, NULL, NULL, NULL, NULL, 1, 0, NULL, NULL, NULL),
(11, 1, 4054, 21, 8, NULL, NULL, NULL, NULL, NULL, 1, 0, NULL, NULL, NULL),
(11, 1, 4055, 22, 8, NULL, NULL, NULL, NULL, NULL, 0, 0, NULL, NULL, NULL),
(11, 1, 4056, 23, 8, NULL, NULL, NULL, NULL, NULL, 0, 0, NULL, NULL, NULL),
(11, 1, 4057, 0, 9, NULL, NULL, NULL, NULL, NULL, 1, 0, NULL, NULL, NULL),
(11, 1, 4058, 1, 9, NULL, NULL, NULL, NULL, NULL, 1, 0, NULL, NULL, NULL),
(11, 1, 4059, 2, 9, NULL, NULL, NULL, NULL, NULL, 1, 0, NULL, NULL, NULL),
(11, 1, 4060, 3, 9, NULL, NULL, NULL, NULL, NULL, 1, 0, NULL, NULL, NULL),
(11, 1, 4061, 4, 9, NULL, NULL, NULL, NULL, NULL, 1, 0, NULL, NULL, NULL),
(11, 1, 4062, 5, 9, NULL, NULL, NULL, NULL, NULL, 1, 0, NULL, NULL, NULL),
(11, 1, 4063, 6, 9, NULL, NULL, NULL, NULL, NULL, 1, 0, NULL, NULL, NULL),
(11, 1, 4064, 7, 9, NULL, NULL, NULL, NULL, NULL, 1, 0, NULL, NULL, NULL),
(11, 1, 4065, 8, 9, NULL, NULL, NULL, NULL, NULL, 1, 0, NULL, NULL, NULL),
(11, 1, 4066, 9, 9, NULL, NULL, NULL, NULL, NULL, 1, 0, NULL, NULL, NULL),
(11, 1, 4067, 10, 9, NULL, NULL, NULL, NULL, NULL, 1, 0, NULL, NULL, NULL),
(11, 1, 4068, 11, 9, NULL, NULL, NULL, NULL, NULL, 1, 0, NULL, NULL, NULL),
(11, 1, 4069, 12, 9, NULL, NULL, NULL, NULL, NULL, 1, 0, NULL, NULL, NULL),
(11, 1, 4070, 13, 9, NULL, NULL, NULL, NULL, NULL, 1, 0, NULL, NULL, NULL),
(11, 1, 4071, 14, 9, NULL, NULL, NULL, NULL, NULL, 1, 0, NULL, NULL, NULL),
(11, 1, 4072, 15, 9, NULL, NULL, NULL, NULL, NULL, 1, 0, NULL, NULL, NULL),
(11, 1, 4073, 16, 9, NULL, NULL, NULL, NULL, NULL, 1, 0, NULL, NULL, NULL),
(11, 1, 4074, 17, 9, NULL, NULL, NULL, NULL, NULL, 1, 0, NULL, NULL, NULL),
(11, 1, 4075, 18, 9, NULL, NULL, NULL, NULL, NULL, 1, 0, NULL, NULL, NULL),
(11, 1, 4076, 19, 9, NULL, NULL, NULL, NULL, NULL, 1, 0, NULL, NULL, NULL),
(11, 1, 4077, 20, 9, NULL, NULL, NULL, NULL, NULL, 1, 0, NULL, NULL, NULL),
(11, 1, 4078, 21, 9, NULL, NULL, NULL, NULL, NULL, 1, 0, NULL, NULL, NULL),
(11, 1, 4079, 22, 9, NULL, NULL, NULL, NULL, NULL, 0, 0, NULL, NULL, NULL),
(11, 1, 4080, 23, 9, NULL, NULL, NULL, NULL, NULL, 0, 0, NULL, NULL, NULL),
(11, 1, 4081, 0, 10, NULL, NULL, NULL, NULL, NULL, 0, 0, NULL, NULL, NULL),
(11, 1, 4082, 1, 10, NULL, NULL, NULL, NULL, NULL, 0, 0, NULL, NULL, NULL),
(11, 1, 4083, 2, 10, NULL, NULL, NULL, NULL, NULL, 0, 0, NULL, NULL, NULL),
(11, 1, 4084, 3, 10, NULL, NULL, NULL, NULL, NULL, 0, 0, NULL, NULL, NULL),
(11, 1, 4085, 4, 10, NULL, NULL, NULL, NULL, NULL, 0, 0, NULL, NULL, NULL),
(11, 1, 4086, 5, 10, NULL, NULL, NULL, NULL, NULL, 0, 0, NULL, NULL, NULL),
(11, 1, 4087, 6, 10, NULL, NULL, NULL, NULL, NULL, 0, 0, NULL, NULL, NULL),
(11, 1, 4088, 7, 10, NULL, NULL, NULL, NULL, NULL, 0, 0, NULL, NULL, NULL),
(11, 1, 4089, 8, 10, NULL, NULL, NULL, NULL, NULL, 0, 0, NULL, NULL, NULL),
(11, 1, 4090, 9, 10, NULL, NULL, NULL, NULL, NULL, 1, 0, NULL, NULL, NULL),
(11, 1, 4091, 10, 10, NULL, NULL, NULL, NULL, NULL, 0, 0, NULL, NULL, NULL),
(11, 1, 4092, 11, 10, NULL, NULL, NULL, NULL, NULL, 1, 0, NULL, NULL, NULL),
(11, 1, 4093, 12, 10, NULL, NULL, NULL, NULL, NULL, 0, 0, NULL, NULL, NULL),
(11, 1, 4094, 13, 10, NULL, NULL, NULL, NULL, NULL, 1, 0, NULL, NULL, NULL),
(11, 1, 4095, 14, 10, NULL, NULL, NULL, NULL, NULL, 0, 0, NULL, NULL, NULL),
(11, 1, 4096, 15, 10, NULL, NULL, NULL, NULL, NULL, 0, 0, NULL, NULL, NULL),
(11, 1, 4097, 16, 10, NULL, NULL, NULL, NULL, NULL, 0, 0, NULL, NULL, NULL),
(11, 1, 4098, 17, 10, NULL, NULL, NULL, NULL, NULL, 0, 0, NULL, NULL, NULL),
(11, 1, 4099, 18, 10, NULL, NULL, NULL, NULL, NULL, 0, 0, NULL, NULL, NULL),
(11, 1, 4100, 19, 10, NULL, NULL, NULL, NULL, NULL, 0, 0, NULL, NULL, NULL),
(11, 1, 4101, 20, 10, NULL, NULL, NULL, NULL, NULL, 0, 0, NULL, NULL, NULL);
INSERT INTO `carte_carreau` (`carte_id`, `carreau_id`, `id`, `abscisse`, `ordonnee`, `joueur_id`, `monstre_carreau_id`, `target_map_id`, `pnj_id`, `target_wrap`, `is_usable`, `is_wrap`, `action_id`, `boss_id`, `wrap_id`) VALUES
(11, 1, 4102, 21, 10, NULL, NULL, NULL, NULL, NULL, 0, 0, NULL, NULL, NULL),
(11, 1, 4103, 22, 10, NULL, NULL, NULL, NULL, NULL, 0, 0, NULL, NULL, NULL),
(11, 1, 4104, 23, 10, NULL, NULL, NULL, NULL, NULL, 0, 0, NULL, NULL, NULL),
(11, 1, 4105, 0, 11, NULL, NULL, NULL, NULL, NULL, 1, 0, NULL, NULL, NULL),
(11, 1, 4106, 1, 11, NULL, NULL, NULL, NULL, NULL, 1, 0, NULL, NULL, NULL),
(11, 1, 4107, 2, 11, NULL, NULL, NULL, NULL, NULL, 1, 0, NULL, NULL, NULL),
(11, 1, 4108, 3, 11, NULL, NULL, NULL, NULL, NULL, 1, 0, NULL, NULL, NULL),
(11, 1, 4109, 4, 11, NULL, NULL, NULL, NULL, NULL, 1, 0, NULL, NULL, NULL),
(11, 1, 4110, 5, 11, NULL, NULL, NULL, NULL, NULL, 0, 0, NULL, NULL, NULL),
(11, 1, 4111, 6, 11, NULL, NULL, NULL, NULL, NULL, 0, 0, NULL, NULL, NULL),
(11, 1, 4112, 7, 11, NULL, NULL, NULL, NULL, NULL, 0, 0, NULL, NULL, NULL),
(11, 1, 4113, 8, 11, NULL, NULL, NULL, NULL, NULL, 0, 0, NULL, NULL, NULL),
(11, 1, 4114, 9, 11, NULL, NULL, NULL, NULL, NULL, 1, 0, NULL, NULL, NULL),
(11, 1, 4115, 10, 11, NULL, NULL, NULL, NULL, NULL, 1, 0, NULL, NULL, NULL),
(11, 1, 4116, 11, 11, NULL, NULL, NULL, NULL, NULL, 1, 0, NULL, NULL, NULL),
(11, 1, 4117, 12, 11, NULL, NULL, NULL, NULL, NULL, 1, 0, NULL, NULL, NULL),
(11, 1, 4118, 13, 11, NULL, NULL, NULL, NULL, NULL, 1, 0, NULL, NULL, NULL),
(11, 1, 4119, 14, 11, NULL, NULL, NULL, NULL, NULL, 0, 0, NULL, NULL, NULL),
(11, 1, 4120, 15, 11, NULL, NULL, NULL, NULL, NULL, 0, 0, NULL, NULL, NULL),
(11, 1, 4121, 16, 11, NULL, NULL, NULL, NULL, NULL, 0, 0, NULL, NULL, NULL),
(11, 1, 4122, 17, 11, NULL, NULL, NULL, NULL, NULL, 0, 0, NULL, NULL, NULL),
(11, 1, 4123, 18, 11, NULL, NULL, NULL, NULL, NULL, 0, 0, NULL, NULL, NULL),
(11, 1, 4124, 19, 11, NULL, NULL, NULL, NULL, NULL, 0, 0, NULL, NULL, NULL),
(11, 1, 4125, 20, 11, NULL, NULL, NULL, NULL, NULL, 0, 0, NULL, NULL, NULL),
(11, 1, 4126, 21, 11, NULL, NULL, NULL, NULL, NULL, 0, 0, NULL, NULL, NULL),
(11, 1, 4127, 22, 11, NULL, NULL, NULL, NULL, NULL, 0, 0, NULL, NULL, NULL),
(11, 1, 4128, 23, 11, NULL, NULL, NULL, NULL, NULL, 0, 0, NULL, NULL, NULL),
(11, 1, 4129, 0, 12, NULL, NULL, NULL, NULL, NULL, 1, 0, NULL, NULL, NULL),
(11, 1, 4130, 1, 12, NULL, NULL, NULL, NULL, NULL, 1, 0, NULL, NULL, NULL),
(11, 1, 4131, 2, 12, NULL, NULL, NULL, NULL, NULL, 1, 0, NULL, NULL, NULL),
(11, 1, 4132, 3, 12, NULL, NULL, NULL, NULL, NULL, 1, 0, NULL, NULL, NULL),
(11, 1, 4133, 4, 12, NULL, NULL, NULL, NULL, NULL, 1, 0, NULL, NULL, NULL),
(11, 1, 4134, 5, 12, NULL, NULL, NULL, NULL, NULL, 0, 0, NULL, NULL, NULL),
(11, 1, 4135, 6, 12, NULL, NULL, NULL, NULL, NULL, 1, 0, NULL, NULL, NULL),
(11, 1, 4136, 7, 12, NULL, NULL, NULL, NULL, NULL, 1, 0, NULL, NULL, NULL),
(11, 1, 4137, 8, 12, NULL, NULL, NULL, NULL, NULL, 0, 0, NULL, NULL, NULL),
(11, 1, 4138, 9, 12, NULL, NULL, NULL, NULL, NULL, 1, 0, NULL, NULL, NULL),
(11, 1, 4139, 10, 12, NULL, NULL, NULL, NULL, NULL, 1, 0, NULL, NULL, NULL),
(11, 1, 4140, 11, 12, NULL, NULL, NULL, NULL, NULL, 1, 0, NULL, NULL, NULL),
(11, 1, 4141, 12, 12, NULL, NULL, NULL, NULL, NULL, 1, 0, NULL, NULL, NULL),
(11, 1, 4142, 13, 12, NULL, NULL, NULL, NULL, NULL, 1, 0, NULL, NULL, NULL),
(11, 1, 4143, 14, 12, NULL, NULL, NULL, NULL, NULL, 0, 0, NULL, NULL, NULL),
(11, 1, 4144, 15, 12, NULL, NULL, NULL, NULL, NULL, 1, 0, NULL, NULL, NULL),
(11, 1, 4145, 16, 12, NULL, NULL, NULL, NULL, NULL, 1, 0, NULL, NULL, NULL),
(11, 1, 4146, 17, 12, NULL, NULL, NULL, NULL, NULL, 0, 0, NULL, NULL, NULL),
(11, 1, 4147, 18, 12, NULL, NULL, NULL, NULL, NULL, 0, 0, NULL, NULL, NULL),
(11, 1, 4148, 19, 12, NULL, NULL, NULL, NULL, NULL, 0, 0, NULL, NULL, NULL),
(11, 1, 4149, 20, 12, NULL, NULL, NULL, NULL, NULL, 0, 0, NULL, NULL, NULL),
(11, 1, 4150, 21, 12, NULL, NULL, NULL, NULL, NULL, 0, 0, NULL, NULL, NULL),
(11, 1, 4151, 22, 12, NULL, NULL, NULL, NULL, NULL, 0, 0, NULL, NULL, NULL),
(11, 1, 4152, 23, 12, NULL, NULL, NULL, NULL, NULL, 0, 0, NULL, NULL, NULL),
(11, 1, 4153, 0, 13, NULL, NULL, NULL, NULL, NULL, 1, 0, NULL, NULL, NULL),
(11, 1, 4154, 1, 13, NULL, NULL, NULL, NULL, NULL, 1, 0, NULL, NULL, NULL),
(11, 1, 4155, 2, 13, NULL, NULL, NULL, NULL, NULL, 1, 0, NULL, NULL, NULL),
(11, 1, 4156, 3, 13, NULL, NULL, NULL, NULL, NULL, 1, 0, NULL, NULL, NULL),
(11, 1, 4157, 4, 13, NULL, NULL, NULL, NULL, NULL, 1, 0, NULL, NULL, NULL),
(11, 1, 4158, 5, 13, NULL, NULL, NULL, NULL, NULL, 0, 0, NULL, NULL, NULL),
(11, 1, 4159, 6, 13, NULL, NULL, NULL, NULL, NULL, 1, 0, NULL, NULL, NULL),
(11, 1, 4160, 7, 13, NULL, NULL, NULL, NULL, NULL, 1, 0, NULL, NULL, NULL),
(11, 1, 4161, 8, 13, NULL, NULL, NULL, NULL, NULL, 0, 0, NULL, NULL, NULL),
(11, 1, 4162, 9, 13, NULL, NULL, NULL, NULL, NULL, 1, 0, NULL, NULL, NULL),
(11, 1, 4163, 10, 13, NULL, NULL, NULL, NULL, NULL, 1, 0, NULL, NULL, NULL),
(11, 1, 4164, 11, 13, NULL, NULL, NULL, NULL, NULL, 1, 0, NULL, NULL, NULL),
(11, 1, 4165, 12, 13, NULL, NULL, NULL, NULL, NULL, 1, 0, NULL, NULL, NULL),
(11, 1, 4166, 13, 13, NULL, NULL, NULL, NULL, NULL, 1, 0, NULL, NULL, NULL),
(11, 1, 4167, 14, 13, NULL, NULL, NULL, NULL, NULL, 0, 0, NULL, NULL, NULL),
(11, 1, 4168, 15, 13, NULL, NULL, NULL, NULL, NULL, 1, 0, NULL, NULL, NULL),
(11, 1, 4169, 16, 13, NULL, NULL, NULL, NULL, NULL, 1, 0, NULL, NULL, NULL),
(11, 1, 4170, 17, 13, NULL, NULL, NULL, NULL, NULL, 0, 0, NULL, NULL, NULL),
(11, 1, 4171, 18, 13, NULL, NULL, NULL, NULL, NULL, 0, 0, NULL, NULL, NULL),
(11, 1, 4172, 19, 13, NULL, NULL, NULL, NULL, NULL, 0, 0, NULL, NULL, NULL),
(11, 1, 4173, 20, 13, NULL, NULL, NULL, NULL, NULL, 0, 0, NULL, NULL, NULL),
(11, 1, 4174, 21, 13, NULL, NULL, NULL, NULL, NULL, 0, 0, NULL, NULL, NULL),
(11, 1, 4175, 22, 13, NULL, NULL, NULL, NULL, NULL, 0, 0, NULL, NULL, NULL),
(11, 1, 4176, 23, 13, NULL, NULL, NULL, NULL, NULL, 0, 0, NULL, NULL, NULL),
(11, 1, 4177, 0, 14, NULL, NULL, NULL, NULL, NULL, 1, 0, NULL, NULL, NULL),
(11, 1, 4178, 1, 14, NULL, NULL, NULL, NULL, NULL, 1, 0, NULL, NULL, NULL),
(11, 1, 4179, 2, 14, NULL, NULL, NULL, NULL, NULL, 1, 0, NULL, NULL, NULL),
(11, 1, 4180, 3, 14, NULL, NULL, NULL, NULL, NULL, 1, 0, NULL, NULL, NULL),
(11, 1, 4181, 4, 14, NULL, NULL, NULL, NULL, NULL, 1, 0, NULL, NULL, NULL),
(11, 1, 4182, 5, 14, NULL, NULL, NULL, NULL, NULL, 0, 0, NULL, NULL, NULL),
(11, 1, 4183, 6, 14, NULL, NULL, NULL, NULL, NULL, 1, 0, NULL, NULL, NULL),
(11, 1, 4184, 7, 14, NULL, NULL, NULL, NULL, NULL, 1, 0, NULL, NULL, NULL),
(11, 1, 4185, 8, 14, NULL, NULL, NULL, NULL, NULL, 0, 0, NULL, NULL, NULL),
(11, 1, 4186, 9, 14, NULL, NULL, NULL, NULL, NULL, 1, 0, NULL, NULL, NULL),
(11, 1, 4187, 10, 14, NULL, NULL, NULL, NULL, NULL, 1, 0, NULL, NULL, NULL),
(11, 1, 4188, 11, 14, NULL, NULL, NULL, NULL, NULL, 1, 0, NULL, NULL, NULL),
(11, 1, 4189, 12, 14, NULL, NULL, NULL, NULL, NULL, 1, 0, NULL, NULL, NULL),
(11, 1, 4190, 13, 14, NULL, NULL, NULL, NULL, NULL, 1, 0, NULL, NULL, NULL),
(11, 1, 4191, 14, 14, NULL, NULL, NULL, NULL, NULL, 0, 0, NULL, NULL, NULL),
(11, 1, 4192, 15, 14, NULL, NULL, NULL, NULL, NULL, 1, 0, NULL, NULL, NULL),
(11, 1, 4193, 16, 14, NULL, NULL, NULL, NULL, NULL, 1, 0, NULL, NULL, NULL),
(11, 1, 4194, 17, 14, NULL, NULL, NULL, NULL, NULL, 0, 0, NULL, NULL, NULL),
(11, 1, 4195, 18, 14, NULL, NULL, NULL, NULL, NULL, 0, 0, NULL, NULL, NULL),
(11, 1, 4196, 19, 14, NULL, NULL, NULL, NULL, NULL, 0, 0, NULL, NULL, NULL),
(11, 1, 4197, 20, 14, NULL, NULL, NULL, NULL, NULL, 0, 0, NULL, NULL, NULL),
(11, 1, 4198, 21, 14, NULL, NULL, NULL, NULL, NULL, 0, 0, NULL, NULL, NULL),
(11, 1, 4199, 22, 14, NULL, NULL, NULL, NULL, NULL, 0, 0, NULL, NULL, NULL),
(11, 1, 4200, 23, 14, NULL, NULL, NULL, NULL, NULL, 0, 0, NULL, NULL, NULL),
(11, 1, 4201, 0, 15, NULL, NULL, NULL, NULL, NULL, 1, 0, NULL, NULL, NULL),
(11, 1, 4202, 1, 15, NULL, NULL, NULL, NULL, NULL, 1, 0, NULL, NULL, NULL),
(11, 1, 4203, 2, 15, NULL, NULL, NULL, NULL, NULL, 1, 0, NULL, NULL, NULL),
(11, 1, 4204, 3, 15, NULL, NULL, NULL, NULL, NULL, 1, 0, NULL, NULL, NULL),
(11, 1, 4205, 4, 15, NULL, NULL, NULL, NULL, NULL, 1, 0, NULL, NULL, NULL),
(11, 1, 4206, 5, 15, NULL, NULL, NULL, NULL, NULL, 0, 0, NULL, NULL, NULL),
(11, 1, 4207, 6, 15, NULL, NULL, NULL, NULL, NULL, 1, 0, NULL, NULL, NULL),
(11, 1, 4208, 7, 15, NULL, NULL, NULL, NULL, NULL, 1, 0, NULL, NULL, NULL),
(11, 1, 4209, 8, 15, NULL, NULL, NULL, NULL, NULL, 0, 0, NULL, NULL, NULL),
(11, 1, 4210, 9, 15, NULL, NULL, NULL, NULL, NULL, 1, 0, NULL, NULL, NULL),
(11, 1, 4211, 10, 15, NULL, NULL, NULL, NULL, NULL, 1, 0, NULL, NULL, NULL),
(11, 1, 4212, 11, 15, NULL, NULL, 10, NULL, 3466, 0, 1, NULL, NULL, 1),
(11, 1, 4213, 12, 15, NULL, NULL, NULL, NULL, NULL, 1, 0, NULL, NULL, NULL),
(11, 1, 4214, 13, 15, NULL, NULL, NULL, NULL, NULL, 1, 0, NULL, NULL, NULL),
(11, 1, 4215, 14, 15, NULL, NULL, NULL, NULL, NULL, 0, 0, NULL, NULL, NULL),
(11, 1, 4216, 15, 15, NULL, NULL, NULL, NULL, NULL, 0, 0, NULL, NULL, NULL),
(11, 1, 4217, 16, 15, NULL, NULL, NULL, NULL, NULL, 0, 0, NULL, NULL, NULL),
(11, 1, 4218, 17, 15, NULL, NULL, NULL, NULL, NULL, 0, 0, NULL, NULL, NULL),
(11, 1, 4219, 18, 15, NULL, NULL, NULL, NULL, NULL, 0, 0, NULL, NULL, NULL),
(11, 1, 4220, 19, 15, NULL, NULL, NULL, NULL, NULL, 0, 0, NULL, NULL, NULL),
(11, 1, 4221, 20, 15, NULL, NULL, NULL, NULL, NULL, 0, 0, NULL, NULL, NULL),
(11, 1, 4222, 21, 15, NULL, NULL, NULL, NULL, NULL, 0, 0, NULL, NULL, NULL),
(11, 1, 4223, 22, 15, NULL, NULL, NULL, NULL, NULL, 0, 0, NULL, NULL, NULL),
(11, 1, 4224, 23, 15, NULL, NULL, NULL, NULL, NULL, 0, 0, NULL, NULL, NULL),
(12, 1, 4225, 0, 0, NULL, NULL, NULL, NULL, NULL, 1, 0, NULL, NULL, NULL),
(12, 1, 4226, 1, 0, NULL, NULL, NULL, NULL, NULL, 1, 0, NULL, NULL, NULL),
(12, 1, 4227, 2, 0, NULL, NULL, NULL, NULL, NULL, 1, 0, NULL, NULL, NULL),
(12, 1, 4228, 3, 0, NULL, NULL, NULL, NULL, NULL, 1, 0, NULL, NULL, NULL),
(12, 1, 4229, 4, 0, NULL, NULL, NULL, NULL, NULL, 1, 0, NULL, NULL, NULL),
(12, 1, 4230, 5, 0, NULL, NULL, NULL, NULL, NULL, 1, 0, NULL, NULL, NULL),
(12, 1, 4231, 6, 0, NULL, NULL, NULL, NULL, NULL, 1, 0, NULL, NULL, NULL),
(12, 1, 4232, 7, 0, NULL, NULL, NULL, NULL, NULL, 1, 0, NULL, NULL, NULL),
(12, 1, 4233, 8, 0, NULL, NULL, NULL, NULL, NULL, 1, 0, NULL, NULL, NULL),
(12, 1, 4234, 9, 0, NULL, NULL, NULL, NULL, NULL, 1, 0, NULL, NULL, NULL),
(12, 1, 4235, 10, 0, NULL, NULL, NULL, NULL, NULL, 1, 0, NULL, NULL, NULL),
(12, 1, 4236, 11, 0, NULL, NULL, NULL, NULL, NULL, 1, 0, NULL, NULL, NULL),
(12, 1, 4237, 12, 0, NULL, NULL, NULL, NULL, NULL, 1, 0, NULL, NULL, NULL),
(12, 1, 4238, 13, 0, NULL, NULL, NULL, NULL, NULL, 1, 0, NULL, NULL, NULL),
(12, 1, 4239, 14, 0, NULL, NULL, NULL, NULL, NULL, 1, 0, NULL, NULL, NULL),
(12, 1, 4240, 15, 0, NULL, NULL, NULL, NULL, NULL, 1, 0, NULL, NULL, NULL),
(12, 1, 4241, 16, 0, NULL, NULL, NULL, NULL, NULL, 1, 0, NULL, NULL, NULL),
(12, 1, 4242, 17, 0, NULL, NULL, NULL, NULL, NULL, 1, 0, NULL, NULL, NULL),
(12, 1, 4243, 18, 0, NULL, NULL, NULL, NULL, NULL, 1, 0, NULL, NULL, NULL),
(12, 1, 4244, 19, 0, NULL, NULL, NULL, NULL, NULL, 1, 0, NULL, NULL, NULL),
(12, 1, 4245, 20, 0, NULL, NULL, NULL, NULL, NULL, 1, 0, NULL, NULL, NULL),
(12, 1, 4246, 21, 0, NULL, NULL, NULL, NULL, NULL, 1, 0, NULL, NULL, NULL),
(12, 1, 4247, 22, 0, NULL, NULL, NULL, NULL, NULL, 1, 0, NULL, NULL, NULL),
(12, 1, 4248, 23, 0, NULL, NULL, NULL, NULL, NULL, 1, 0, NULL, NULL, NULL),
(12, 1, 4249, 0, 1, NULL, NULL, NULL, NULL, NULL, 1, 0, NULL, NULL, NULL),
(12, 1, 4250, 1, 1, NULL, NULL, NULL, NULL, NULL, 1, 0, NULL, NULL, NULL),
(12, 1, 4251, 2, 1, NULL, NULL, NULL, NULL, NULL, 1, 0, NULL, NULL, NULL),
(12, 1, 4252, 3, 1, NULL, NULL, NULL, NULL, NULL, 1, 0, NULL, NULL, NULL),
(12, 1, 4253, 4, 1, NULL, NULL, NULL, NULL, NULL, 1, 0, NULL, NULL, NULL),
(12, 1, 4254, 5, 1, NULL, NULL, NULL, NULL, NULL, 1, 0, NULL, NULL, NULL),
(12, 1, 4255, 6, 1, NULL, NULL, NULL, NULL, NULL, 1, 0, NULL, NULL, NULL),
(12, 1, 4256, 7, 1, NULL, NULL, NULL, NULL, NULL, 1, 0, NULL, NULL, NULL),
(12, 1, 4257, 8, 1, NULL, NULL, NULL, NULL, NULL, 1, 0, NULL, NULL, NULL),
(12, 1, 4258, 9, 1, NULL, NULL, NULL, NULL, NULL, 1, 0, NULL, NULL, NULL),
(12, 1, 4259, 10, 1, NULL, NULL, NULL, NULL, NULL, 1, 0, NULL, NULL, NULL),
(12, 1, 4260, 11, 1, NULL, NULL, NULL, NULL, NULL, 1, 0, NULL, NULL, NULL),
(12, 1, 4261, 12, 1, NULL, NULL, NULL, NULL, NULL, 1, 0, NULL, NULL, NULL),
(12, 1, 4262, 13, 1, NULL, NULL, NULL, NULL, NULL, 1, 0, NULL, NULL, NULL),
(12, 1, 4263, 14, 1, NULL, NULL, NULL, NULL, NULL, 1, 0, NULL, NULL, NULL),
(12, 1, 4264, 15, 1, NULL, NULL, NULL, NULL, NULL, 1, 0, NULL, NULL, NULL),
(12, 1, 4265, 16, 1, NULL, NULL, NULL, NULL, NULL, 1, 0, NULL, NULL, NULL),
(12, 1, 4266, 17, 1, NULL, NULL, NULL, NULL, NULL, 1, 0, NULL, NULL, NULL),
(12, 1, 4267, 18, 1, NULL, NULL, NULL, NULL, NULL, 1, 0, NULL, NULL, NULL),
(12, 1, 4268, 19, 1, NULL, NULL, NULL, NULL, NULL, 1, 0, NULL, NULL, NULL),
(12, 1, 4269, 20, 1, NULL, NULL, NULL, NULL, NULL, 1, 0, NULL, NULL, NULL),
(12, 1, 4270, 21, 1, NULL, NULL, NULL, NULL, NULL, 1, 0, NULL, NULL, NULL),
(12, 1, 4271, 22, 1, NULL, NULL, NULL, NULL, NULL, 1, 0, NULL, NULL, NULL),
(12, 1, 4272, 23, 1, NULL, NULL, NULL, NULL, NULL, 1, 0, NULL, NULL, NULL),
(12, 1, 4273, 0, 2, NULL, NULL, NULL, NULL, NULL, 1, 0, NULL, NULL, NULL),
(12, 1, 4274, 1, 2, NULL, NULL, NULL, NULL, NULL, 1, 0, NULL, NULL, NULL),
(12, 1, 4275, 2, 2, NULL, NULL, NULL, NULL, NULL, 1, 0, NULL, NULL, NULL),
(12, 1, 4276, 3, 2, NULL, NULL, NULL, NULL, NULL, 1, 0, NULL, NULL, NULL),
(12, 1, 4277, 4, 2, NULL, NULL, NULL, NULL, NULL, 1, 0, NULL, NULL, NULL),
(12, 1, 4278, 5, 2, NULL, NULL, NULL, NULL, NULL, 1, 0, NULL, NULL, NULL),
(12, 1, 4279, 6, 2, NULL, NULL, NULL, NULL, NULL, 0, 0, NULL, NULL, NULL),
(12, 1, 4280, 7, 2, NULL, NULL, NULL, NULL, NULL, 0, 0, NULL, NULL, NULL),
(12, 1, 4281, 8, 2, NULL, NULL, NULL, NULL, NULL, 0, 0, NULL, NULL, NULL),
(12, 1, 4282, 9, 2, NULL, NULL, NULL, NULL, NULL, 0, 0, NULL, NULL, NULL),
(12, 1, 4283, 10, 2, NULL, NULL, NULL, NULL, NULL, 0, 0, NULL, NULL, NULL),
(12, 1, 4284, 11, 2, NULL, NULL, NULL, NULL, NULL, 0, 0, NULL, NULL, NULL),
(12, 1, 4285, 12, 2, NULL, NULL, NULL, NULL, NULL, 0, 0, NULL, NULL, NULL),
(12, 1, 4286, 13, 2, NULL, NULL, NULL, NULL, NULL, 0, 0, NULL, NULL, NULL),
(12, 1, 4287, 14, 2, NULL, NULL, NULL, NULL, NULL, 0, 0, NULL, NULL, NULL),
(12, 1, 4288, 15, 2, NULL, NULL, NULL, NULL, NULL, 0, 0, NULL, NULL, NULL),
(12, 1, 4289, 16, 2, NULL, NULL, NULL, NULL, NULL, 0, 0, NULL, NULL, NULL),
(12, 1, 4290, 17, 2, NULL, NULL, NULL, NULL, NULL, 1, 0, NULL, NULL, NULL),
(12, 1, 4291, 18, 2, NULL, NULL, NULL, NULL, NULL, 1, 0, NULL, NULL, NULL),
(12, 1, 4292, 19, 2, NULL, NULL, NULL, NULL, NULL, 1, 0, NULL, NULL, NULL),
(12, 1, 4293, 20, 2, NULL, NULL, NULL, NULL, NULL, 1, 0, NULL, NULL, NULL),
(12, 1, 4294, 21, 2, NULL, NULL, NULL, NULL, NULL, 1, 0, NULL, NULL, NULL),
(12, 1, 4295, 22, 2, NULL, NULL, NULL, NULL, NULL, 1, 0, NULL, NULL, NULL),
(12, 1, 4296, 23, 2, NULL, NULL, NULL, NULL, NULL, 1, 0, NULL, NULL, NULL),
(12, 1, 4297, 0, 3, NULL, NULL, NULL, NULL, NULL, 1, 0, NULL, NULL, NULL),
(12, 1, 4298, 1, 3, NULL, NULL, NULL, NULL, NULL, 1, 0, NULL, NULL, NULL),
(12, 1, 4299, 2, 3, NULL, NULL, NULL, NULL, NULL, 1, 0, NULL, NULL, NULL),
(12, 1, 4300, 3, 3, NULL, NULL, NULL, NULL, NULL, 1, 0, NULL, NULL, NULL),
(12, 1, 4301, 4, 3, NULL, NULL, NULL, NULL, NULL, 1, 0, NULL, NULL, NULL),
(12, 1, 4302, 5, 3, NULL, NULL, NULL, NULL, NULL, 1, 0, NULL, NULL, NULL),
(12, 1, 4303, 6, 3, NULL, NULL, NULL, NULL, NULL, 0, 0, NULL, NULL, NULL),
(12, 1, 4304, 7, 3, NULL, NULL, NULL, NULL, NULL, 0, 0, NULL, NULL, NULL),
(12, 1, 4305, 8, 3, NULL, NULL, NULL, NULL, NULL, 0, 0, NULL, NULL, NULL),
(12, 1, 4306, 9, 3, NULL, NULL, NULL, NULL, NULL, 0, 0, NULL, NULL, NULL),
(12, 1, 4307, 10, 3, NULL, NULL, NULL, NULL, NULL, 0, 0, NULL, NULL, NULL),
(12, 1, 4308, 11, 3, NULL, NULL, NULL, NULL, NULL, 0, 0, NULL, NULL, NULL),
(12, 1, 4309, 12, 3, NULL, NULL, NULL, NULL, NULL, 0, 0, NULL, NULL, NULL),
(12, 1, 4310, 13, 3, NULL, NULL, NULL, NULL, NULL, 0, 0, NULL, NULL, NULL),
(12, 1, 4311, 14, 3, NULL, NULL, NULL, NULL, NULL, 0, 0, NULL, NULL, NULL),
(12, 1, 4312, 15, 3, NULL, NULL, NULL, NULL, NULL, 0, 0, NULL, NULL, NULL),
(12, 1, 4313, 16, 3, NULL, NULL, NULL, NULL, NULL, 0, 0, NULL, NULL, NULL),
(12, 1, 4314, 17, 3, NULL, NULL, NULL, NULL, NULL, 1, 0, NULL, NULL, NULL),
(12, 1, 4315, 18, 3, NULL, NULL, NULL, NULL, NULL, 1, 0, NULL, NULL, NULL),
(12, 1, 4316, 19, 3, NULL, NULL, NULL, NULL, NULL, 1, 0, NULL, NULL, NULL),
(12, 1, 4317, 20, 3, NULL, NULL, NULL, NULL, NULL, 1, 0, NULL, NULL, NULL),
(12, 1, 4318, 21, 3, NULL, NULL, NULL, NULL, NULL, 1, 0, NULL, NULL, NULL),
(12, 1, 4319, 22, 3, NULL, NULL, NULL, NULL, NULL, 1, 0, NULL, NULL, NULL),
(12, 1, 4320, 23, 3, NULL, NULL, NULL, NULL, NULL, 1, 0, NULL, NULL, NULL),
(12, 1, 4321, 0, 4, NULL, NULL, NULL, NULL, NULL, 1, 0, NULL, NULL, NULL),
(12, 1, 4322, 1, 4, NULL, NULL, NULL, NULL, NULL, 1, 0, NULL, NULL, NULL),
(12, 1, 4323, 2, 4, NULL, NULL, NULL, NULL, NULL, 1, 0, NULL, NULL, NULL),
(12, 1, 4324, 3, 4, NULL, NULL, NULL, NULL, NULL, 1, 0, NULL, NULL, NULL),
(12, 1, 4325, 4, 4, NULL, NULL, NULL, NULL, NULL, 1, 0, NULL, NULL, NULL),
(12, 1, 4326, 5, 4, NULL, NULL, NULL, NULL, NULL, 1, 0, NULL, NULL, NULL),
(12, 1, 4327, 6, 4, NULL, NULL, NULL, NULL, NULL, 0, 0, NULL, NULL, NULL),
(12, 1, 4328, 7, 4, NULL, NULL, NULL, NULL, NULL, 0, 0, NULL, NULL, NULL),
(12, 1, 4329, 8, 4, NULL, NULL, NULL, NULL, NULL, 0, 0, NULL, NULL, NULL),
(12, 1, 4330, 9, 4, NULL, NULL, NULL, NULL, NULL, 0, 0, NULL, NULL, NULL),
(12, 1, 4331, 10, 4, NULL, NULL, NULL, NULL, NULL, 0, 0, NULL, NULL, NULL),
(12, 1, 4332, 11, 4, NULL, NULL, 6, NULL, 2123, 0, 1, NULL, NULL, 1),
(12, 1, 4333, 12, 4, NULL, NULL, NULL, NULL, NULL, 0, 0, NULL, NULL, NULL),
(12, 1, 4334, 13, 4, NULL, NULL, NULL, NULL, NULL, 0, 0, NULL, NULL, NULL),
(12, 1, 4335, 14, 4, NULL, NULL, NULL, NULL, NULL, 0, 0, NULL, NULL, NULL),
(12, 1, 4336, 15, 4, NULL, NULL, NULL, NULL, NULL, 0, 0, NULL, NULL, NULL),
(12, 1, 4337, 16, 4, NULL, NULL, NULL, NULL, NULL, 0, 0, NULL, NULL, NULL),
(12, 1, 4338, 17, 4, NULL, NULL, NULL, NULL, NULL, 1, 0, NULL, NULL, NULL),
(12, 1, 4339, 18, 4, NULL, NULL, NULL, NULL, NULL, 1, 0, NULL, NULL, NULL),
(12, 1, 4340, 19, 4, NULL, NULL, NULL, NULL, NULL, 1, 0, NULL, NULL, NULL),
(12, 1, 4341, 20, 4, NULL, NULL, NULL, NULL, NULL, 1, 0, NULL, NULL, NULL),
(12, 1, 4342, 21, 4, NULL, NULL, NULL, NULL, NULL, 1, 0, NULL, NULL, NULL),
(12, 1, 4343, 22, 4, NULL, NULL, NULL, NULL, NULL, 1, 0, NULL, NULL, NULL),
(12, 1, 4344, 23, 4, NULL, NULL, NULL, NULL, NULL, 1, 0, NULL, NULL, NULL),
(12, 1, 4345, 0, 5, NULL, NULL, NULL, NULL, NULL, 1, 0, NULL, NULL, NULL),
(12, 1, 4346, 1, 5, NULL, NULL, NULL, NULL, NULL, 1, 0, NULL, NULL, NULL),
(12, 1, 4347, 2, 5, NULL, NULL, NULL, NULL, NULL, 1, 0, NULL, NULL, NULL),
(12, 1, 4348, 3, 5, NULL, NULL, NULL, NULL, NULL, 1, 0, NULL, NULL, NULL),
(12, 1, 4349, 4, 5, NULL, NULL, NULL, NULL, NULL, 1, 0, NULL, NULL, NULL),
(12, 1, 4350, 5, 5, NULL, NULL, NULL, NULL, NULL, 1, 0, NULL, NULL, NULL),
(12, 1, 4351, 6, 5, NULL, NULL, NULL, NULL, NULL, 0, 0, NULL, NULL, NULL),
(12, 1, 4352, 7, 5, NULL, NULL, NULL, NULL, NULL, 0, 0, NULL, NULL, NULL),
(12, 1, 4353, 8, 5, NULL, NULL, NULL, NULL, NULL, 0, 0, NULL, NULL, NULL),
(12, 1, 4354, 9, 5, NULL, NULL, NULL, NULL, NULL, 0, 0, NULL, NULL, NULL),
(12, 1, 4355, 10, 5, NULL, NULL, NULL, NULL, NULL, 1, 0, NULL, NULL, NULL),
(12, 1, 4356, 11, 5, NULL, NULL, NULL, NULL, NULL, 1, 0, NULL, NULL, NULL),
(12, 1, 4357, 12, 5, NULL, NULL, NULL, NULL, NULL, 1, 0, NULL, NULL, NULL),
(12, 1, 4358, 13, 5, NULL, NULL, NULL, NULL, NULL, 0, 0, NULL, NULL, NULL),
(12, 1, 4359, 14, 5, NULL, NULL, NULL, NULL, NULL, 0, 0, NULL, NULL, NULL),
(12, 1, 4360, 15, 5, NULL, NULL, NULL, NULL, NULL, 0, 0, NULL, NULL, NULL),
(12, 1, 4361, 16, 5, NULL, NULL, NULL, NULL, NULL, 0, 0, NULL, NULL, NULL),
(12, 1, 4362, 17, 5, NULL, NULL, NULL, NULL, NULL, 1, 0, NULL, NULL, NULL),
(12, 1, 4363, 18, 5, NULL, NULL, NULL, NULL, NULL, 1, 0, NULL, NULL, NULL),
(12, 1, 4364, 19, 5, NULL, NULL, NULL, NULL, NULL, 1, 0, NULL, NULL, NULL),
(12, 1, 4365, 20, 5, NULL, NULL, NULL, NULL, NULL, 1, 0, NULL, NULL, NULL),
(12, 1, 4366, 21, 5, NULL, NULL, NULL, NULL, NULL, 1, 0, NULL, NULL, NULL),
(12, 1, 4367, 22, 5, NULL, NULL, NULL, NULL, NULL, 1, 0, NULL, NULL, NULL),
(12, 1, 4368, 23, 5, NULL, NULL, NULL, NULL, NULL, 1, 0, NULL, NULL, NULL),
(12, 1, 4369, 0, 6, NULL, NULL, NULL, NULL, NULL, 1, 0, NULL, NULL, NULL),
(12, 1, 4370, 1, 6, NULL, NULL, NULL, NULL, NULL, 1, 0, NULL, NULL, NULL),
(12, 1, 4371, 2, 6, NULL, NULL, NULL, NULL, NULL, 1, 0, NULL, NULL, NULL),
(12, 1, 4372, 3, 6, NULL, NULL, NULL, NULL, NULL, 1, 0, NULL, NULL, NULL),
(12, 1, 4373, 4, 6, NULL, NULL, NULL, NULL, NULL, 1, 0, NULL, NULL, NULL),
(12, 1, 4374, 5, 6, NULL, NULL, NULL, NULL, NULL, 1, 0, NULL, NULL, NULL),
(12, 1, 4375, 6, 6, NULL, NULL, NULL, NULL, NULL, 0, 0, NULL, NULL, NULL),
(12, 1, 4376, 7, 6, NULL, NULL, NULL, NULL, NULL, 0, 0, NULL, NULL, NULL),
(12, 1, 4377, 8, 6, NULL, NULL, NULL, NULL, NULL, 1, 0, NULL, NULL, NULL),
(12, 1, 4378, 9, 6, NULL, NULL, NULL, NULL, NULL, 1, 0, NULL, NULL, NULL),
(12, 1, 4379, 10, 6, NULL, NULL, NULL, NULL, NULL, 1, 0, NULL, NULL, NULL),
(12, 1, 4380, 11, 6, NULL, NULL, NULL, NULL, NULL, 1, 0, NULL, NULL, NULL),
(12, 1, 4381, 12, 6, NULL, NULL, NULL, NULL, NULL, 1, 0, NULL, NULL, NULL),
(12, 1, 4382, 13, 6, NULL, NULL, NULL, NULL, NULL, 1, 0, NULL, NULL, NULL),
(12, 1, 4383, 14, 6, NULL, NULL, NULL, NULL, NULL, 1, 0, NULL, NULL, NULL),
(12, 1, 4384, 15, 6, NULL, NULL, NULL, NULL, NULL, 0, 0, NULL, NULL, NULL),
(12, 1, 4385, 16, 6, NULL, NULL, NULL, NULL, NULL, 0, 0, NULL, NULL, NULL),
(12, 1, 4386, 17, 6, NULL, NULL, NULL, NULL, NULL, 1, 0, NULL, NULL, NULL),
(12, 1, 4387, 18, 6, NULL, NULL, NULL, NULL, NULL, 1, 0, NULL, NULL, NULL),
(12, 1, 4388, 19, 6, NULL, NULL, NULL, NULL, NULL, 1, 0, NULL, NULL, NULL),
(12, 1, 4389, 20, 6, NULL, NULL, NULL, NULL, NULL, 1, 0, NULL, NULL, NULL),
(12, 1, 4390, 21, 6, NULL, NULL, NULL, NULL, NULL, 1, 0, NULL, NULL, NULL),
(12, 1, 4391, 22, 6, NULL, NULL, NULL, NULL, NULL, 1, 0, NULL, NULL, NULL),
(12, 1, 4392, 23, 6, NULL, NULL, NULL, NULL, NULL, 1, 0, NULL, NULL, NULL),
(12, 1, 4393, 0, 7, NULL, NULL, NULL, NULL, NULL, 1, 0, NULL, NULL, NULL),
(12, 1, 4394, 1, 7, NULL, NULL, NULL, NULL, NULL, 1, 0, NULL, NULL, NULL),
(12, 1, 4395, 2, 7, NULL, NULL, NULL, NULL, NULL, 1, 0, NULL, NULL, NULL),
(12, 1, 4396, 3, 7, NULL, NULL, NULL, NULL, NULL, 1, 0, NULL, NULL, NULL),
(12, 1, 4397, 4, 7, NULL, NULL, NULL, NULL, NULL, 1, 0, NULL, NULL, NULL),
(12, 1, 4398, 5, 7, NULL, NULL, NULL, NULL, NULL, 1, 0, NULL, NULL, NULL),
(12, 1, 4399, 6, 7, NULL, NULL, NULL, NULL, NULL, 0, 0, NULL, NULL, NULL),
(12, 1, 4400, 7, 7, NULL, NULL, NULL, NULL, NULL, 0, 0, NULL, NULL, NULL),
(12, 1, 4401, 8, 7, NULL, NULL, NULL, NULL, NULL, 1, 0, NULL, NULL, NULL),
(12, 1, 4402, 9, 7, NULL, NULL, NULL, NULL, NULL, 1, 0, NULL, NULL, NULL),
(12, 1, 4403, 10, 7, NULL, NULL, NULL, NULL, NULL, 1, 0, NULL, NULL, NULL),
(12, 1, 4404, 11, 7, NULL, NULL, NULL, NULL, NULL, 1, 0, NULL, NULL, NULL),
(12, 1, 4405, 12, 7, NULL, NULL, NULL, NULL, NULL, 1, 0, NULL, NULL, NULL),
(12, 1, 4406, 13, 7, NULL, NULL, NULL, NULL, NULL, 1, 0, NULL, NULL, NULL),
(12, 1, 4407, 14, 7, NULL, NULL, NULL, NULL, NULL, 1, 0, NULL, NULL, NULL),
(12, 1, 4408, 15, 7, NULL, NULL, NULL, NULL, NULL, 0, 0, NULL, NULL, NULL),
(12, 1, 4409, 16, 7, NULL, NULL, NULL, NULL, NULL, 0, 0, NULL, NULL, NULL),
(12, 1, 4410, 17, 7, NULL, NULL, NULL, NULL, NULL, 1, 0, NULL, NULL, NULL),
(12, 1, 4411, 18, 7, NULL, NULL, NULL, NULL, NULL, 1, 0, NULL, NULL, NULL),
(12, 1, 4412, 19, 7, NULL, NULL, NULL, NULL, NULL, 1, 0, NULL, NULL, NULL),
(12, 1, 4413, 20, 7, NULL, NULL, NULL, NULL, NULL, 1, 0, NULL, NULL, NULL),
(12, 1, 4414, 21, 7, NULL, NULL, NULL, NULL, NULL, 1, 0, NULL, NULL, NULL),
(12, 1, 4415, 22, 7, NULL, NULL, NULL, NULL, NULL, 1, 0, NULL, NULL, NULL),
(12, 1, 4416, 23, 7, NULL, NULL, NULL, NULL, NULL, 1, 0, NULL, NULL, NULL),
(12, 1, 4417, 0, 8, NULL, NULL, NULL, NULL, NULL, 1, 0, NULL, NULL, NULL),
(12, 1, 4418, 1, 8, NULL, NULL, NULL, NULL, NULL, 1, 0, NULL, NULL, NULL),
(12, 1, 4419, 2, 8, NULL, NULL, NULL, NULL, NULL, 1, 0, NULL, NULL, NULL),
(12, 1, 4420, 3, 8, NULL, NULL, NULL, NULL, NULL, 1, 0, NULL, NULL, NULL),
(12, 1, 4421, 4, 8, NULL, NULL, NULL, NULL, NULL, 1, 0, NULL, NULL, NULL),
(12, 1, 4422, 5, 8, NULL, NULL, NULL, NULL, NULL, 1, 0, NULL, NULL, NULL),
(12, 1, 4423, 6, 8, NULL, NULL, NULL, NULL, NULL, 0, 0, NULL, NULL, NULL),
(12, 1, 4424, 7, 8, NULL, NULL, NULL, NULL, NULL, 0, 0, NULL, NULL, NULL),
(12, 1, 4425, 8, 8, NULL, NULL, NULL, NULL, NULL, 1, 0, NULL, NULL, NULL),
(12, 1, 4426, 9, 8, NULL, NULL, NULL, NULL, NULL, 0, 0, NULL, NULL, NULL),
(12, 1, 4427, 10, 8, NULL, NULL, NULL, NULL, NULL, 1, 0, NULL, NULL, NULL),
(12, 1, 4428, 11, 8, NULL, NULL, NULL, NULL, NULL, 1, 0, NULL, NULL, NULL),
(12, 1, 4429, 12, 8, NULL, NULL, NULL, NULL, NULL, 1, 0, NULL, NULL, NULL),
(12, 1, 4430, 13, 8, NULL, NULL, NULL, NULL, NULL, 0, 0, NULL, NULL, NULL),
(12, 1, 4431, 14, 8, NULL, NULL, NULL, NULL, NULL, 1, 0, NULL, NULL, NULL),
(12, 1, 4432, 15, 8, NULL, NULL, NULL, NULL, NULL, 0, 0, NULL, NULL, NULL),
(12, 1, 4433, 16, 8, NULL, NULL, NULL, NULL, NULL, 0, 0, NULL, NULL, NULL),
(12, 1, 4434, 17, 8, NULL, NULL, NULL, NULL, NULL, 1, 0, NULL, NULL, NULL),
(12, 1, 4435, 18, 8, NULL, NULL, NULL, NULL, NULL, 1, 0, NULL, NULL, NULL),
(12, 1, 4436, 19, 8, NULL, NULL, NULL, NULL, NULL, 1, 0, NULL, NULL, NULL),
(12, 1, 4437, 20, 8, NULL, NULL, NULL, NULL, NULL, 1, 0, NULL, NULL, NULL),
(12, 1, 4438, 21, 8, NULL, NULL, NULL, NULL, NULL, 1, 0, NULL, NULL, NULL),
(12, 1, 4439, 22, 8, NULL, NULL, NULL, NULL, NULL, 1, 0, NULL, NULL, NULL),
(12, 1, 4440, 23, 8, NULL, NULL, NULL, NULL, NULL, 1, 0, NULL, NULL, NULL),
(12, 1, 4441, 0, 9, NULL, NULL, NULL, NULL, NULL, 1, 0, NULL, NULL, NULL),
(12, 1, 4442, 1, 9, NULL, NULL, NULL, NULL, NULL, 1, 0, NULL, NULL, NULL),
(12, 1, 4443, 2, 9, NULL, NULL, NULL, NULL, NULL, 1, 0, NULL, NULL, NULL),
(12, 1, 4444, 3, 9, NULL, NULL, NULL, NULL, NULL, 1, 0, NULL, NULL, NULL),
(12, 1, 4445, 4, 9, NULL, NULL, NULL, NULL, NULL, 1, 0, NULL, NULL, NULL),
(12, 1, 4446, 5, 9, NULL, NULL, NULL, NULL, NULL, 1, 0, NULL, NULL, NULL),
(12, 1, 4447, 6, 9, NULL, NULL, NULL, NULL, NULL, 0, 0, NULL, NULL, NULL),
(12, 1, 4448, 7, 9, NULL, NULL, NULL, NULL, NULL, 0, 0, NULL, NULL, NULL),
(12, 1, 4449, 8, 9, NULL, NULL, NULL, NULL, NULL, 1, 0, NULL, NULL, NULL),
(12, 1, 4450, 9, 9, NULL, NULL, NULL, NULL, NULL, 0, 0, NULL, NULL, NULL),
(12, 1, 4451, 10, 9, NULL, NULL, NULL, NULL, NULL, 1, 0, NULL, NULL, NULL),
(12, 1, 4452, 11, 9, NULL, NULL, NULL, NULL, NULL, 1, 0, NULL, NULL, NULL),
(12, 1, 4453, 12, 9, NULL, NULL, NULL, NULL, NULL, 1, 0, NULL, NULL, NULL),
(12, 1, 4454, 13, 9, NULL, NULL, NULL, NULL, NULL, 0, 0, NULL, NULL, NULL),
(12, 1, 4455, 14, 9, NULL, NULL, NULL, NULL, NULL, 1, 0, NULL, NULL, NULL),
(12, 1, 4456, 15, 9, NULL, NULL, NULL, NULL, NULL, 0, 0, NULL, NULL, NULL),
(12, 1, 4457, 16, 9, NULL, NULL, NULL, NULL, NULL, 0, 0, NULL, NULL, NULL),
(12, 1, 4458, 17, 9, NULL, NULL, NULL, NULL, NULL, 1, 0, NULL, NULL, NULL),
(12, 1, 4459, 18, 9, NULL, NULL, NULL, NULL, NULL, 1, 0, NULL, NULL, NULL),
(12, 1, 4460, 19, 9, NULL, NULL, NULL, NULL, NULL, 1, 0, NULL, NULL, NULL),
(12, 1, 4461, 20, 9, NULL, NULL, NULL, NULL, NULL, 1, 0, NULL, NULL, NULL),
(12, 1, 4462, 21, 9, NULL, NULL, NULL, NULL, NULL, 1, 0, NULL, NULL, NULL),
(12, 1, 4463, 22, 9, NULL, NULL, NULL, NULL, NULL, 1, 0, NULL, NULL, NULL),
(12, 1, 4464, 23, 9, NULL, NULL, NULL, NULL, NULL, 1, 0, NULL, NULL, NULL),
(12, 1, 4465, 0, 10, NULL, NULL, NULL, NULL, NULL, 1, 0, NULL, NULL, NULL),
(12, 1, 4466, 1, 10, NULL, NULL, NULL, NULL, NULL, 1, 0, NULL, NULL, NULL),
(12, 1, 4467, 2, 10, NULL, NULL, NULL, NULL, NULL, 1, 0, NULL, NULL, NULL),
(12, 1, 4468, 3, 10, NULL, NULL, NULL, NULL, NULL, 1, 0, NULL, NULL, NULL),
(12, 1, 4469, 4, 10, NULL, NULL, NULL, NULL, NULL, 1, 0, NULL, NULL, NULL),
(12, 1, 4470, 5, 10, NULL, NULL, NULL, NULL, NULL, 1, 0, NULL, NULL, NULL),
(12, 1, 4471, 6, 10, NULL, NULL, NULL, NULL, NULL, 0, 0, NULL, NULL, NULL),
(12, 1, 4472, 7, 10, NULL, NULL, NULL, NULL, NULL, 0, 0, NULL, NULL, NULL),
(12, 1, 4473, 8, 10, NULL, NULL, NULL, NULL, NULL, 1, 0, NULL, NULL, NULL),
(12, 1, 4474, 9, 10, NULL, NULL, NULL, NULL, NULL, 1, 0, NULL, NULL, NULL),
(12, 1, 4475, 10, 10, NULL, NULL, NULL, NULL, NULL, 1, 0, NULL, NULL, NULL),
(12, 1, 4476, 11, 10, NULL, NULL, NULL, NULL, NULL, 1, 0, NULL, NULL, NULL),
(12, 1, 4477, 12, 10, NULL, NULL, NULL, NULL, NULL, 1, 0, NULL, NULL, NULL),
(12, 1, 4478, 13, 10, NULL, NULL, NULL, NULL, NULL, 1, 0, NULL, NULL, NULL),
(12, 1, 4479, 14, 10, NULL, NULL, NULL, NULL, NULL, 1, 0, NULL, NULL, NULL),
(12, 1, 4480, 15, 10, NULL, NULL, NULL, NULL, NULL, 0, 0, NULL, NULL, NULL),
(12, 1, 4481, 16, 10, NULL, NULL, NULL, NULL, NULL, 0, 0, NULL, NULL, NULL),
(12, 1, 4482, 17, 10, NULL, NULL, NULL, NULL, NULL, 1, 0, NULL, NULL, NULL),
(12, 1, 4483, 18, 10, NULL, NULL, NULL, NULL, NULL, 1, 0, NULL, NULL, NULL),
(12, 1, 4484, 19, 10, NULL, NULL, NULL, NULL, NULL, 1, 0, NULL, NULL, NULL),
(12, 1, 4485, 20, 10, NULL, NULL, NULL, NULL, NULL, 1, 0, NULL, NULL, NULL),
(12, 1, 4486, 21, 10, NULL, NULL, NULL, NULL, NULL, 1, 0, NULL, NULL, NULL),
(12, 1, 4487, 22, 10, NULL, NULL, NULL, NULL, NULL, 1, 0, NULL, NULL, NULL),
(12, 1, 4488, 23, 10, NULL, NULL, NULL, NULL, NULL, 1, 0, NULL, NULL, NULL),
(12, 1, 4489, 0, 11, NULL, NULL, NULL, NULL, NULL, 1, 0, NULL, NULL, NULL),
(12, 1, 4490, 1, 11, NULL, NULL, NULL, NULL, NULL, 1, 0, NULL, NULL, NULL),
(12, 1, 4491, 2, 11, NULL, NULL, NULL, NULL, NULL, 1, 0, NULL, NULL, NULL),
(12, 1, 4492, 3, 11, NULL, NULL, NULL, NULL, NULL, 1, 0, NULL, NULL, NULL),
(12, 1, 4493, 4, 11, NULL, NULL, NULL, NULL, NULL, 1, 0, NULL, NULL, NULL),
(12, 1, 4494, 5, 11, NULL, NULL, NULL, NULL, NULL, 1, 0, NULL, NULL, NULL),
(12, 1, 4495, 6, 11, NULL, NULL, NULL, NULL, NULL, 0, 0, NULL, NULL, NULL),
(12, 1, 4496, 7, 11, NULL, NULL, NULL, NULL, NULL, 0, 0, NULL, NULL, NULL),
(12, 1, 4497, 8, 11, NULL, NULL, NULL, NULL, NULL, 1, 0, NULL, NULL, NULL),
(12, 1, 4498, 9, 11, NULL, NULL, NULL, NULL, NULL, 0, 0, NULL, NULL, NULL),
(12, 1, 4499, 10, 11, NULL, NULL, NULL, NULL, NULL, 1, 0, NULL, NULL, NULL),
(12, 1, 4500, 11, 11, NULL, NULL, NULL, NULL, NULL, 1, 0, NULL, NULL, NULL),
(12, 1, 4501, 12, 11, NULL, NULL, NULL, NULL, NULL, 1, 0, NULL, NULL, NULL),
(12, 1, 4502, 13, 11, NULL, NULL, NULL, NULL, NULL, 0, 0, NULL, NULL, NULL),
(12, 1, 4503, 14, 11, NULL, NULL, NULL, NULL, NULL, 1, 0, NULL, NULL, NULL),
(12, 1, 4504, 15, 11, NULL, NULL, NULL, NULL, NULL, 0, 0, NULL, NULL, NULL),
(12, 1, 4505, 16, 11, NULL, NULL, NULL, NULL, NULL, 0, 0, NULL, NULL, NULL),
(12, 1, 4506, 17, 11, NULL, NULL, NULL, NULL, NULL, 1, 0, NULL, NULL, NULL),
(12, 1, 4507, 18, 11, NULL, NULL, NULL, NULL, NULL, 1, 0, NULL, NULL, NULL),
(12, 1, 4508, 19, 11, NULL, NULL, NULL, NULL, NULL, 1, 0, NULL, NULL, NULL),
(12, 1, 4509, 20, 11, NULL, NULL, NULL, NULL, NULL, 1, 0, NULL, NULL, NULL),
(12, 1, 4510, 21, 11, NULL, NULL, NULL, NULL, NULL, 1, 0, NULL, NULL, NULL),
(12, 1, 4511, 22, 11, NULL, NULL, NULL, NULL, NULL, 1, 0, NULL, NULL, NULL),
(12, 1, 4512, 23, 11, NULL, NULL, NULL, NULL, NULL, 1, 0, NULL, NULL, NULL),
(12, 1, 4513, 0, 12, NULL, NULL, NULL, NULL, NULL, 1, 0, NULL, NULL, NULL),
(12, 1, 4514, 1, 12, NULL, NULL, NULL, NULL, NULL, 1, 0, NULL, NULL, NULL),
(12, 1, 4515, 2, 12, NULL, NULL, NULL, NULL, NULL, 1, 0, NULL, NULL, NULL),
(12, 1, 4516, 3, 12, NULL, NULL, NULL, NULL, NULL, 1, 0, NULL, NULL, NULL),
(12, 1, 4517, 4, 12, NULL, NULL, NULL, NULL, NULL, 1, 0, NULL, NULL, NULL),
(12, 1, 4518, 5, 12, NULL, NULL, NULL, NULL, NULL, 1, 0, NULL, NULL, NULL),
(12, 1, 4519, 6, 12, NULL, NULL, NULL, NULL, NULL, 0, 0, NULL, NULL, NULL),
(12, 1, 4520, 7, 12, NULL, NULL, NULL, NULL, NULL, 0, 0, NULL, NULL, NULL),
(12, 1, 4521, 8, 12, NULL, NULL, NULL, NULL, NULL, 1, 0, NULL, NULL, NULL),
(12, 1, 4522, 9, 12, NULL, NULL, NULL, NULL, NULL, 0, 0, NULL, NULL, NULL),
(12, 1, 4523, 10, 12, NULL, NULL, NULL, NULL, NULL, 1, 0, NULL, NULL, NULL),
(12, 1, 4524, 11, 12, NULL, NULL, NULL, NULL, NULL, 1, 0, NULL, NULL, NULL),
(12, 1, 4525, 12, 12, NULL, NULL, NULL, NULL, NULL, 1, 0, NULL, NULL, NULL),
(12, 1, 4526, 13, 12, NULL, NULL, NULL, NULL, NULL, 0, 0, NULL, NULL, NULL),
(12, 1, 4527, 14, 12, NULL, NULL, NULL, NULL, NULL, 1, 0, NULL, NULL, NULL),
(12, 1, 4528, 15, 12, NULL, NULL, NULL, NULL, NULL, 0, 0, NULL, NULL, NULL),
(12, 1, 4529, 16, 12, NULL, NULL, NULL, NULL, NULL, 0, 0, NULL, NULL, NULL),
(12, 1, 4530, 17, 12, NULL, NULL, NULL, NULL, NULL, 1, 0, NULL, NULL, NULL),
(12, 1, 4531, 18, 12, NULL, NULL, NULL, NULL, NULL, 1, 0, NULL, NULL, NULL),
(12, 1, 4532, 19, 12, NULL, NULL, NULL, NULL, NULL, 1, 0, NULL, NULL, NULL),
(12, 1, 4533, 20, 12, NULL, NULL, NULL, NULL, NULL, 1, 0, NULL, NULL, NULL),
(12, 1, 4534, 21, 12, NULL, NULL, NULL, NULL, NULL, 1, 0, NULL, NULL, NULL),
(12, 1, 4535, 22, 12, NULL, NULL, NULL, NULL, NULL, 1, 0, NULL, NULL, NULL),
(12, 1, 4536, 23, 12, NULL, NULL, NULL, NULL, NULL, 1, 0, NULL, NULL, NULL),
(12, 1, 4537, 0, 13, NULL, NULL, NULL, NULL, NULL, 1, 0, NULL, NULL, NULL),
(12, 1, 4538, 1, 13, NULL, NULL, NULL, NULL, NULL, 1, 0, NULL, NULL, NULL),
(12, 1, 4539, 2, 13, NULL, NULL, NULL, NULL, NULL, 1, 0, NULL, NULL, NULL),
(12, 1, 4540, 3, 13, NULL, NULL, NULL, NULL, NULL, 1, 0, NULL, NULL, NULL),
(12, 1, 4541, 4, 13, NULL, NULL, NULL, NULL, NULL, 1, 0, NULL, NULL, NULL),
(12, 1, 4542, 5, 13, NULL, NULL, NULL, NULL, NULL, 1, 0, NULL, NULL, NULL),
(12, 1, 4543, 6, 13, NULL, NULL, NULL, NULL, NULL, 0, 0, NULL, NULL, NULL),
(12, 1, 4544, 7, 13, NULL, NULL, NULL, NULL, NULL, 0, 0, NULL, NULL, NULL),
(12, 1, 4545, 8, 13, NULL, NULL, NULL, NULL, NULL, 1, 0, NULL, NULL, NULL),
(12, 1, 4546, 9, 13, NULL, NULL, NULL, NULL, NULL, 1, 0, NULL, NULL, NULL),
(12, 1, 4547, 10, 13, NULL, NULL, NULL, NULL, NULL, 1, 0, NULL, NULL, NULL),
(12, 1, 4548, 11, 13, NULL, NULL, NULL, NULL, NULL, 1, 0, NULL, NULL, NULL),
(12, 1, 4549, 12, 13, NULL, NULL, NULL, NULL, NULL, 1, 0, NULL, NULL, NULL),
(12, 1, 4550, 13, 13, NULL, NULL, NULL, NULL, NULL, 1, 0, NULL, NULL, NULL),
(12, 1, 4551, 14, 13, NULL, NULL, NULL, NULL, NULL, 1, 0, NULL, NULL, NULL),
(12, 1, 4552, 15, 13, NULL, NULL, NULL, NULL, NULL, 0, 0, NULL, NULL, NULL),
(12, 1, 4553, 16, 13, NULL, NULL, NULL, NULL, NULL, 0, 0, NULL, NULL, NULL),
(12, 1, 4554, 17, 13, NULL, NULL, NULL, NULL, NULL, 1, 0, NULL, NULL, NULL),
(12, 1, 4555, 18, 13, NULL, NULL, NULL, NULL, NULL, 1, 0, NULL, NULL, NULL),
(12, 1, 4556, 19, 13, NULL, NULL, NULL, NULL, NULL, 1, 0, NULL, NULL, NULL),
(12, 1, 4557, 20, 13, NULL, NULL, NULL, NULL, NULL, 1, 0, NULL, NULL, NULL),
(12, 1, 4558, 21, 13, NULL, NULL, NULL, NULL, NULL, 1, 0, NULL, NULL, NULL),
(12, 1, 4559, 22, 13, NULL, NULL, NULL, NULL, NULL, 1, 0, NULL, NULL, NULL),
(12, 1, 4560, 23, 13, NULL, NULL, NULL, NULL, NULL, 1, 0, NULL, NULL, NULL),
(12, 1, 4561, 0, 14, NULL, NULL, NULL, NULL, NULL, 1, 0, NULL, NULL, NULL),
(12, 1, 4562, 1, 14, NULL, NULL, NULL, NULL, NULL, 1, 0, NULL, NULL, NULL),
(12, 1, 4563, 2, 14, NULL, NULL, NULL, NULL, NULL, 1, 0, NULL, NULL, NULL),
(12, 1, 4564, 3, 14, NULL, NULL, NULL, NULL, NULL, 1, 0, NULL, NULL, NULL),
(12, 1, 4565, 4, 14, NULL, NULL, NULL, NULL, NULL, 1, 0, NULL, NULL, NULL),
(12, 1, 4566, 5, 14, NULL, NULL, NULL, NULL, NULL, 1, 0, NULL, NULL, NULL),
(12, 1, 4567, 6, 14, NULL, NULL, NULL, NULL, NULL, 0, 0, NULL, NULL, NULL),
(12, 1, 4568, 7, 14, NULL, NULL, NULL, NULL, NULL, 0, 0, NULL, NULL, NULL),
(12, 1, 4569, 8, 14, NULL, NULL, NULL, NULL, NULL, 1, 0, NULL, NULL, NULL),
(12, 1, 4570, 9, 14, NULL, NULL, NULL, NULL, NULL, 1, 0, NULL, NULL, NULL),
(12, 1, 4571, 10, 14, NULL, NULL, NULL, NULL, NULL, 1, 0, NULL, NULL, NULL),
(12, 1, 4572, 11, 14, NULL, NULL, NULL, NULL, NULL, 1, 0, NULL, NULL, NULL),
(12, 1, 4573, 12, 14, NULL, NULL, NULL, NULL, NULL, 1, 0, NULL, NULL, NULL),
(12, 1, 4574, 13, 14, NULL, NULL, NULL, NULL, NULL, 1, 0, NULL, NULL, NULL),
(12, 1, 4575, 14, 14, NULL, NULL, NULL, NULL, NULL, 1, 0, NULL, NULL, NULL),
(12, 1, 4576, 15, 14, NULL, NULL, NULL, NULL, NULL, 0, 0, NULL, NULL, NULL),
(12, 1, 4577, 16, 14, NULL, NULL, NULL, NULL, NULL, 0, 0, NULL, NULL, NULL),
(12, 1, 4578, 17, 14, NULL, NULL, NULL, NULL, NULL, 1, 0, NULL, NULL, NULL),
(12, 1, 4579, 18, 14, NULL, NULL, NULL, NULL, NULL, 1, 0, NULL, NULL, NULL),
(12, 1, 4580, 19, 14, NULL, NULL, NULL, NULL, NULL, 1, 0, NULL, NULL, NULL),
(12, 1, 4581, 20, 14, NULL, NULL, NULL, NULL, NULL, 1, 0, NULL, NULL, NULL),
(12, 1, 4582, 21, 14, NULL, NULL, NULL, NULL, NULL, 1, 0, NULL, NULL, NULL),
(12, 1, 4583, 22, 14, NULL, NULL, NULL, NULL, NULL, 1, 0, NULL, NULL, NULL),
(12, 1, 4584, 23, 14, NULL, NULL, NULL, NULL, NULL, 1, 0, NULL, NULL, NULL),
(12, 1, 4585, 0, 15, NULL, NULL, NULL, NULL, NULL, 1, 0, NULL, NULL, NULL),
(12, 1, 4586, 1, 15, NULL, NULL, NULL, NULL, NULL, 1, 0, NULL, NULL, NULL),
(12, 1, 4587, 2, 15, NULL, NULL, NULL, NULL, NULL, 1, 0, NULL, NULL, NULL),
(12, 1, 4588, 3, 15, NULL, NULL, NULL, NULL, NULL, 1, 0, NULL, NULL, NULL),
(12, 1, 4589, 4, 15, NULL, NULL, NULL, NULL, NULL, 1, 0, NULL, NULL, NULL),
(12, 1, 4590, 5, 15, NULL, NULL, NULL, NULL, NULL, 1, 0, NULL, NULL, NULL),
(12, 1, 4591, 6, 15, NULL, NULL, NULL, NULL, NULL, 0, 0, NULL, NULL, NULL),
(12, 1, 4592, 7, 15, NULL, NULL, NULL, NULL, NULL, 0, 0, NULL, NULL, NULL),
(12, 1, 4593, 8, 15, NULL, NULL, NULL, NULL, NULL, 1, 0, NULL, NULL, NULL),
(12, 1, 4594, 9, 15, NULL, NULL, NULL, NULL, NULL, 1, 0, NULL, NULL, NULL),
(12, 1, 4595, 10, 15, NULL, NULL, NULL, NULL, NULL, 1, 0, NULL, NULL, NULL),
(12, 1, 4596, 11, 15, NULL, NULL, NULL, NULL, NULL, 1, 0, NULL, NULL, NULL),
(12, 1, 4597, 12, 15, NULL, NULL, NULL, NULL, NULL, 1, 0, NULL, NULL, NULL),
(12, 1, 4598, 13, 15, NULL, NULL, NULL, NULL, NULL, 1, 0, NULL, NULL, NULL),
(12, 1, 4599, 14, 15, NULL, NULL, NULL, NULL, NULL, 1, 0, NULL, NULL, NULL),
(12, 1, 4600, 15, 15, NULL, NULL, NULL, NULL, NULL, 0, 0, NULL, NULL, NULL),
(12, 1, 4601, 16, 15, NULL, NULL, NULL, NULL, NULL, 0, 0, NULL, NULL, NULL),
(12, 1, 4602, 17, 15, NULL, NULL, NULL, NULL, NULL, 1, 0, NULL, NULL, NULL),
(12, 1, 4603, 18, 15, NULL, NULL, NULL, NULL, NULL, 1, 0, NULL, NULL, NULL),
(12, 1, 4604, 19, 15, NULL, NULL, NULL, NULL, NULL, 1, 0, NULL, NULL, NULL),
(12, 1, 4605, 20, 15, NULL, NULL, NULL, NULL, NULL, 1, 0, NULL, NULL, NULL),
(12, 1, 4606, 21, 15, NULL, NULL, NULL, NULL, NULL, 1, 0, NULL, NULL, NULL),
(12, 1, 4607, 22, 15, NULL, NULL, NULL, NULL, NULL, 1, 0, NULL, NULL, NULL),
(12, 1, 4608, 23, 15, NULL, NULL, NULL, NULL, NULL, 1, 0, NULL, NULL, NULL),
(13, 1, 4609, 0, 0, NULL, NULL, NULL, NULL, NULL, 1, 0, NULL, NULL, NULL),
(13, 1, 4610, 1, 0, NULL, NULL, NULL, NULL, NULL, 1, 0, NULL, NULL, NULL),
(13, 1, 4611, 2, 0, NULL, NULL, NULL, NULL, NULL, 1, 0, NULL, NULL, NULL),
(13, 1, 4612, 3, 0, NULL, NULL, NULL, NULL, NULL, 1, 0, NULL, NULL, NULL),
(13, 1, 4613, 4, 0, NULL, NULL, NULL, NULL, NULL, 1, 0, NULL, NULL, NULL),
(13, 1, 4614, 5, 0, NULL, NULL, NULL, NULL, NULL, 1, 0, NULL, NULL, NULL),
(13, 1, 4615, 6, 0, NULL, NULL, NULL, NULL, NULL, 1, 0, NULL, NULL, NULL),
(13, 1, 4616, 7, 0, NULL, NULL, NULL, NULL, NULL, 1, 0, NULL, NULL, NULL),
(13, 1, 4617, 8, 0, NULL, NULL, NULL, NULL, NULL, 1, 0, NULL, NULL, NULL),
(13, 1, 4618, 9, 0, NULL, NULL, 7, NULL, 2674, 0, 1, NULL, NULL, 1),
(13, 1, 4619, 10, 0, NULL, NULL, NULL, NULL, NULL, 1, 0, NULL, NULL, NULL),
(13, 1, 4620, 11, 0, NULL, NULL, NULL, NULL, NULL, 1, 0, NULL, NULL, NULL),
(13, 1, 4621, 12, 0, NULL, NULL, NULL, NULL, NULL, 1, 0, NULL, NULL, NULL),
(13, 1, 4622, 13, 0, NULL, NULL, NULL, NULL, NULL, 1, 0, NULL, NULL, NULL),
(13, 1, 4623, 14, 0, NULL, NULL, NULL, NULL, NULL, 1, 0, NULL, NULL, NULL),
(13, 1, 4624, 15, 0, NULL, NULL, NULL, NULL, NULL, 1, 0, NULL, NULL, NULL),
(13, 1, 4625, 16, 0, NULL, NULL, NULL, NULL, NULL, 1, 0, NULL, NULL, NULL),
(13, 1, 4626, 17, 0, NULL, NULL, NULL, NULL, NULL, 0, 0, NULL, NULL, NULL),
(13, 1, 4627, 18, 0, NULL, NULL, NULL, NULL, NULL, 1, 0, NULL, NULL, NULL),
(13, 1, 4628, 19, 0, NULL, NULL, NULL, NULL, NULL, 1, 0, NULL, NULL, NULL),
(13, 1, 4629, 20, 0, NULL, NULL, NULL, NULL, NULL, 1, 0, NULL, NULL, NULL),
(13, 1, 4630, 21, 0, NULL, NULL, NULL, NULL, NULL, 1, 0, NULL, NULL, NULL),
(13, 1, 4631, 22, 0, NULL, NULL, NULL, NULL, NULL, 1, 0, NULL, NULL, NULL),
(13, 1, 4632, 23, 0, NULL, NULL, NULL, NULL, NULL, 1, 0, NULL, NULL, NULL),
(13, 1, 4633, 0, 1, NULL, NULL, NULL, NULL, NULL, 1, 0, NULL, NULL, NULL),
(13, 1, 4634, 1, 1, NULL, NULL, NULL, NULL, NULL, 1, 0, NULL, NULL, NULL),
(13, 1, 4635, 2, 1, NULL, NULL, NULL, NULL, NULL, 1, 0, NULL, NULL, NULL),
(13, 1, 4636, 3, 1, NULL, NULL, NULL, NULL, NULL, 1, 0, NULL, NULL, NULL),
(13, 1, 4637, 4, 1, NULL, NULL, NULL, NULL, NULL, 1, 0, NULL, NULL, NULL),
(13, 1, 4638, 5, 1, NULL, NULL, NULL, NULL, NULL, 1, 0, NULL, NULL, NULL),
(13, 1, 4639, 6, 1, NULL, NULL, NULL, NULL, NULL, 1, 0, NULL, NULL, NULL),
(13, 1, 4640, 7, 1, NULL, NULL, NULL, NULL, NULL, 0, 0, NULL, NULL, NULL),
(13, 1, 4641, 8, 1, NULL, NULL, NULL, NULL, NULL, 0, 0, NULL, NULL, NULL),
(13, 1, 4642, 9, 1, NULL, NULL, NULL, NULL, NULL, 1, 0, NULL, NULL, NULL),
(13, 1, 4643, 10, 1, NULL, NULL, NULL, NULL, NULL, 1, 0, NULL, NULL, NULL),
(13, 1, 4644, 11, 1, NULL, NULL, NULL, NULL, NULL, 0, 0, NULL, NULL, NULL),
(13, 1, 4645, 12, 1, NULL, NULL, NULL, NULL, NULL, 0, 0, NULL, NULL, NULL),
(13, 1, 4646, 13, 1, NULL, NULL, NULL, NULL, NULL, 1, 0, NULL, NULL, NULL),
(13, 1, 4647, 14, 1, NULL, NULL, NULL, NULL, NULL, 1, 0, NULL, NULL, NULL),
(13, 1, 4648, 15, 1, NULL, NULL, NULL, NULL, NULL, 1, 0, NULL, NULL, NULL),
(13, 1, 4649, 16, 1, NULL, NULL, NULL, NULL, NULL, 0, 0, NULL, NULL, NULL),
(13, 1, 4650, 17, 1, NULL, NULL, NULL, NULL, NULL, 0, 0, NULL, NULL, NULL),
(13, 1, 4651, 18, 1, NULL, NULL, NULL, NULL, NULL, 1, 0, NULL, NULL, NULL),
(13, 1, 4652, 19, 1, NULL, NULL, NULL, NULL, NULL, 1, 0, NULL, NULL, NULL),
(13, 1, 4653, 20, 1, NULL, NULL, NULL, NULL, NULL, 0, 0, NULL, NULL, NULL),
(13, 1, 4654, 21, 1, NULL, NULL, NULL, NULL, NULL, 0, 0, NULL, NULL, NULL),
(13, 1, 4655, 22, 1, NULL, NULL, NULL, NULL, NULL, 1, 0, NULL, NULL, NULL),
(13, 1, 4656, 23, 1, NULL, NULL, NULL, NULL, NULL, 1, 0, NULL, NULL, NULL),
(13, 1, 4657, 0, 2, NULL, NULL, NULL, NULL, NULL, 0, 0, NULL, NULL, NULL),
(13, 1, 4658, 1, 2, NULL, NULL, NULL, NULL, NULL, 1, 0, NULL, NULL, NULL),
(13, 1, 4659, 2, 2, NULL, NULL, NULL, NULL, NULL, 1, 0, NULL, NULL, NULL),
(13, 1, 4660, 3, 2, NULL, NULL, NULL, NULL, NULL, 1, 0, NULL, NULL, NULL),
(13, 1, 4661, 4, 2, NULL, NULL, NULL, NULL, NULL, 0, 0, NULL, NULL, NULL),
(13, 1, 4662, 5, 2, NULL, NULL, NULL, NULL, NULL, 1, 0, NULL, NULL, NULL),
(13, 1, 4663, 6, 2, NULL, NULL, NULL, NULL, NULL, 1, 0, NULL, NULL, NULL),
(13, 1, 4664, 7, 2, NULL, NULL, NULL, NULL, NULL, 0, 0, NULL, NULL, NULL),
(13, 1, 4665, 8, 2, NULL, NULL, NULL, NULL, NULL, 0, 0, NULL, NULL, NULL),
(13, 1, 4666, 9, 2, NULL, NULL, NULL, NULL, NULL, 1, 0, NULL, NULL, NULL),
(13, 1, 4667, 10, 2, NULL, NULL, NULL, NULL, NULL, 1, 0, NULL, NULL, NULL),
(13, 1, 4668, 11, 2, NULL, NULL, NULL, NULL, NULL, 0, 0, NULL, NULL, NULL),
(13, 1, 4669, 12, 2, NULL, NULL, NULL, NULL, NULL, 0, 0, NULL, NULL, NULL),
(13, 1, 4670, 13, 2, NULL, NULL, NULL, NULL, NULL, 1, 0, NULL, NULL, NULL),
(13, 1, 4671, 14, 2, NULL, NULL, NULL, NULL, NULL, 0, 0, NULL, NULL, NULL),
(13, 1, 4672, 15, 2, NULL, NULL, NULL, NULL, NULL, 0, 0, NULL, NULL, NULL),
(13, 1, 4673, 16, 2, NULL, NULL, NULL, NULL, NULL, 0, 0, NULL, NULL, NULL),
(13, 1, 4674, 17, 2, NULL, NULL, NULL, NULL, NULL, 1, 0, NULL, NULL, NULL),
(13, 1, 4675, 18, 2, NULL, NULL, NULL, NULL, NULL, 1, 0, NULL, NULL, NULL),
(13, 1, 4676, 19, 2, NULL, NULL, NULL, NULL, NULL, 1, 0, NULL, NULL, NULL),
(13, 1, 4677, 20, 2, NULL, NULL, NULL, NULL, NULL, 0, 0, NULL, NULL, NULL),
(13, 1, 4678, 21, 2, NULL, NULL, NULL, NULL, NULL, 0, 0, NULL, NULL, NULL),
(13, 1, 4679, 22, 2, NULL, NULL, NULL, NULL, NULL, 1, 0, NULL, NULL, NULL),
(13, 1, 4680, 23, 2, NULL, NULL, NULL, NULL, NULL, 1, 0, NULL, NULL, NULL),
(13, 1, 4681, 0, 3, NULL, NULL, NULL, NULL, NULL, 0, 0, NULL, NULL, NULL),
(13, 1, 4682, 1, 3, NULL, NULL, NULL, NULL, NULL, 0, 0, NULL, NULL, NULL),
(13, 1, 4683, 2, 3, NULL, NULL, NULL, NULL, NULL, 1, 0, NULL, NULL, NULL),
(13, 1, 4684, 3, 3, NULL, NULL, NULL, NULL, NULL, 0, 0, NULL, NULL, NULL),
(13, 1, 4685, 4, 3, NULL, NULL, NULL, NULL, NULL, 0, 0, NULL, NULL, NULL),
(13, 1, 4686, 5, 3, NULL, NULL, NULL, NULL, NULL, 1, 0, NULL, NULL, NULL),
(13, 1, 4687, 6, 3, NULL, NULL, NULL, NULL, NULL, 1, 0, NULL, NULL, NULL),
(13, 1, 4688, 7, 3, NULL, NULL, NULL, NULL, NULL, 1, 0, NULL, NULL, NULL),
(13, 1, 4689, 8, 3, NULL, NULL, NULL, NULL, NULL, 0, 0, NULL, NULL, NULL),
(13, 1, 4690, 9, 3, NULL, NULL, NULL, NULL, NULL, 0, 0, NULL, NULL, NULL),
(13, 1, 4691, 10, 3, NULL, NULL, NULL, NULL, NULL, 1, 0, NULL, NULL, NULL),
(13, 1, 4692, 11, 3, NULL, NULL, NULL, NULL, NULL, 1, 0, NULL, NULL, NULL),
(13, 1, 4693, 12, 3, NULL, NULL, NULL, NULL, NULL, 1, 0, NULL, NULL, NULL),
(13, 1, 4694, 13, 3, NULL, NULL, NULL, NULL, NULL, 1, 0, NULL, NULL, NULL),
(13, 1, 4695, 14, 3, NULL, NULL, NULL, NULL, NULL, 0, 0, NULL, NULL, NULL),
(13, 1, 4696, 15, 3, NULL, NULL, NULL, NULL, NULL, 0, 0, NULL, NULL, NULL),
(13, 1, 4697, 16, 3, NULL, NULL, NULL, NULL, NULL, 0, 0, NULL, NULL, NULL),
(13, 1, 4698, 17, 3, NULL, NULL, NULL, NULL, NULL, 1, 0, NULL, NULL, NULL),
(13, 1, 4699, 18, 3, NULL, NULL, NULL, NULL, NULL, 1, 0, NULL, NULL, NULL),
(13, 1, 4700, 19, 3, NULL, NULL, NULL, NULL, NULL, 1, 0, NULL, NULL, NULL),
(13, 1, 4701, 20, 3, NULL, NULL, NULL, NULL, NULL, 1, 0, NULL, NULL, NULL),
(13, 1, 4702, 21, 3, NULL, NULL, NULL, NULL, NULL, 1, 0, NULL, NULL, NULL),
(13, 1, 4703, 22, 3, NULL, NULL, NULL, NULL, NULL, 1, 0, NULL, NULL, NULL),
(13, 1, 4704, 23, 3, NULL, NULL, NULL, NULL, NULL, 1, 0, NULL, NULL, NULL),
(13, 1, 4705, 0, 4, NULL, NULL, NULL, NULL, NULL, 0, 0, NULL, NULL, NULL),
(13, 1, 4706, 1, 4, NULL, NULL, NULL, NULL, NULL, 0, 0, NULL, NULL, NULL),
(13, 1, 4707, 2, 4, NULL, NULL, NULL, NULL, NULL, 1, 0, NULL, NULL, NULL),
(13, 1, 4708, 3, 4, NULL, NULL, NULL, NULL, NULL, 0, 0, NULL, NULL, NULL),
(13, 1, 4709, 4, 4, NULL, NULL, NULL, NULL, NULL, 0, 0, NULL, NULL, NULL),
(13, 1, 4710, 5, 4, NULL, NULL, NULL, NULL, NULL, 1, 0, NULL, NULL, NULL),
(13, 1, 4711, 6, 4, NULL, NULL, NULL, NULL, NULL, 1, 0, NULL, NULL, NULL),
(13, 1, 4712, 7, 4, NULL, NULL, NULL, NULL, NULL, 1, 0, NULL, NULL, NULL),
(13, 1, 4713, 8, 4, NULL, NULL, NULL, NULL, NULL, 0, 0, NULL, NULL, NULL),
(13, 1, 4714, 9, 4, NULL, NULL, NULL, NULL, NULL, 0, 0, NULL, NULL, NULL),
(13, 1, 4715, 10, 4, NULL, NULL, NULL, NULL, NULL, 0, 0, NULL, NULL, NULL),
(13, 1, 4716, 11, 4, NULL, NULL, NULL, NULL, NULL, 0, 0, NULL, NULL, NULL),
(13, 1, 4717, 12, 4, NULL, NULL, NULL, NULL, NULL, 1, 0, NULL, NULL, NULL),
(13, 1, 4718, 13, 4, NULL, NULL, NULL, NULL, NULL, 0, 0, NULL, NULL, NULL),
(13, 1, 4719, 14, 4, NULL, NULL, NULL, NULL, NULL, 0, 0, NULL, NULL, NULL),
(13, 1, 4720, 15, 4, NULL, NULL, NULL, NULL, NULL, 0, 0, NULL, NULL, NULL),
(13, 1, 4721, 16, 4, NULL, NULL, NULL, NULL, NULL, 0, 0, NULL, NULL, NULL),
(13, 1, 4722, 17, 4, NULL, NULL, NULL, NULL, NULL, 1, 0, NULL, NULL, NULL),
(13, 1, 4723, 18, 4, NULL, NULL, NULL, NULL, NULL, 1, 0, NULL, NULL, NULL),
(13, 1, 4724, 19, 4, NULL, NULL, NULL, NULL, NULL, 1, 0, NULL, NULL, NULL),
(13, 1, 4725, 20, 4, NULL, NULL, NULL, NULL, NULL, 1, 0, NULL, NULL, NULL),
(13, 1, 4726, 21, 4, NULL, NULL, NULL, NULL, NULL, 1, 0, NULL, NULL, NULL),
(13, 1, 4727, 22, 4, NULL, NULL, NULL, NULL, NULL, 1, 0, NULL, NULL, NULL),
(13, 1, 4728, 23, 4, NULL, NULL, NULL, NULL, NULL, 1, 0, NULL, NULL, NULL),
(13, 1, 4729, 0, 5, NULL, NULL, NULL, NULL, NULL, 1, 0, NULL, NULL, NULL),
(13, 1, 4730, 1, 5, NULL, NULL, NULL, NULL, NULL, 1, 0, NULL, NULL, NULL),
(13, 1, 4731, 2, 5, NULL, NULL, NULL, NULL, NULL, 1, 0, NULL, NULL, NULL),
(13, 1, 4732, 3, 5, NULL, NULL, NULL, NULL, NULL, 1, 0, NULL, NULL, NULL),
(13, 1, 4733, 4, 5, NULL, NULL, NULL, NULL, NULL, 1, 0, NULL, NULL, NULL),
(13, 1, 4734, 5, 5, NULL, NULL, NULL, NULL, NULL, 1, 0, NULL, NULL, NULL),
(13, 1, 4735, 6, 5, NULL, NULL, NULL, NULL, NULL, 1, 0, NULL, NULL, NULL),
(13, 1, 4736, 7, 5, NULL, NULL, NULL, NULL, NULL, 1, 0, NULL, NULL, NULL),
(13, 1, 4737, 8, 5, NULL, NULL, NULL, NULL, NULL, 1, 0, NULL, NULL, NULL),
(13, 1, 4738, 9, 5, NULL, NULL, NULL, NULL, NULL, 0, 0, NULL, NULL, NULL),
(13, 1, 4739, 10, 5, NULL, NULL, NULL, NULL, NULL, 0, 0, NULL, NULL, NULL),
(13, 1, 4740, 11, 5, NULL, NULL, NULL, NULL, NULL, 0, 0, NULL, NULL, NULL),
(13, 1, 4741, 12, 5, NULL, NULL, NULL, NULL, NULL, 1, 0, NULL, NULL, NULL),
(13, 1, 4742, 13, 5, NULL, NULL, NULL, NULL, NULL, 0, 0, NULL, NULL, NULL),
(13, 1, 4743, 14, 5, NULL, NULL, NULL, NULL, NULL, 0, 0, NULL, NULL, NULL),
(13, 1, 4744, 15, 5, NULL, NULL, NULL, NULL, NULL, 0, 0, NULL, NULL, NULL),
(13, 1, 4745, 16, 5, NULL, NULL, NULL, NULL, NULL, 0, 0, NULL, NULL, NULL),
(13, 1, 4746, 17, 5, NULL, NULL, NULL, NULL, NULL, 0, 0, NULL, NULL, NULL),
(13, 1, 4747, 18, 5, NULL, NULL, NULL, NULL, NULL, 1, 0, NULL, NULL, NULL),
(13, 1, 4748, 19, 5, NULL, NULL, NULL, NULL, NULL, 0, 0, NULL, NULL, NULL),
(13, 1, 4749, 20, 5, NULL, NULL, NULL, NULL, NULL, 0, 0, NULL, NULL, NULL),
(13, 1, 4750, 21, 5, NULL, NULL, NULL, NULL, NULL, 1, 0, NULL, NULL, NULL),
(13, 1, 4751, 22, 5, NULL, NULL, NULL, NULL, NULL, 1, 0, NULL, NULL, NULL),
(13, 1, 4752, 23, 5, NULL, NULL, NULL, NULL, NULL, 1, 0, NULL, NULL, NULL),
(13, 1, 4753, 0, 6, NULL, NULL, NULL, NULL, NULL, 1, 0, NULL, NULL, NULL),
(13, 1, 4754, 1, 6, NULL, NULL, NULL, NULL, NULL, 1, 0, NULL, NULL, NULL),
(13, 1, 4755, 2, 6, NULL, NULL, NULL, NULL, NULL, 1, 0, NULL, NULL, NULL),
(13, 1, 4756, 3, 6, NULL, NULL, NULL, NULL, NULL, 1, 0, NULL, NULL, NULL),
(13, 1, 4757, 4, 6, NULL, NULL, NULL, NULL, NULL, 1, 0, NULL, NULL, NULL),
(13, 1, 4758, 5, 6, NULL, NULL, NULL, NULL, NULL, 1, 0, NULL, NULL, NULL),
(13, 1, 4759, 6, 6, NULL, NULL, NULL, NULL, NULL, 1, 0, NULL, NULL, NULL),
(13, 1, 4760, 7, 6, NULL, NULL, NULL, NULL, NULL, 1, 0, NULL, NULL, NULL),
(13, 1, 4761, 8, 6, NULL, NULL, NULL, NULL, NULL, 0, 0, NULL, NULL, NULL),
(13, 1, 4762, 9, 6, NULL, NULL, NULL, NULL, NULL, 0, 0, NULL, NULL, NULL),
(13, 1, 4763, 10, 6, NULL, NULL, NULL, NULL, NULL, 0, 0, NULL, NULL, NULL),
(13, 1, 4764, 11, 6, NULL, NULL, NULL, NULL, NULL, 0, 0, NULL, NULL, NULL),
(13, 1, 4765, 12, 6, NULL, NULL, NULL, NULL, NULL, 1, 0, NULL, NULL, NULL),
(13, 1, 4766, 13, 6, NULL, NULL, NULL, NULL, NULL, 0, 0, NULL, NULL, NULL),
(13, 1, 4767, 14, 6, NULL, NULL, NULL, NULL, NULL, 0, 0, NULL, NULL, NULL),
(13, 1, 4768, 15, 6, NULL, NULL, NULL, NULL, NULL, 0, 0, NULL, NULL, NULL),
(13, 1, 4769, 16, 6, NULL, NULL, NULL, NULL, NULL, 0, 0, NULL, NULL, NULL),
(13, 1, 4770, 17, 6, NULL, NULL, NULL, NULL, NULL, 0, 0, NULL, NULL, NULL),
(13, 1, 4771, 18, 6, NULL, NULL, NULL, NULL, NULL, 0, 0, NULL, NULL, NULL),
(13, 1, 4772, 19, 6, NULL, NULL, NULL, NULL, NULL, 0, 0, NULL, NULL, NULL),
(13, 1, 4773, 20, 6, NULL, NULL, NULL, NULL, NULL, 0, 0, NULL, NULL, NULL),
(13, 1, 4774, 21, 6, NULL, NULL, NULL, NULL, NULL, 1, 0, NULL, NULL, NULL);
INSERT INTO `carte_carreau` (`carte_id`, `carreau_id`, `id`, `abscisse`, `ordonnee`, `joueur_id`, `monstre_carreau_id`, `target_map_id`, `pnj_id`, `target_wrap`, `is_usable`, `is_wrap`, `action_id`, `boss_id`, `wrap_id`) VALUES
(13, 1, 4775, 22, 6, NULL, NULL, NULL, NULL, NULL, 1, 0, NULL, NULL, NULL),
(13, 1, 4776, 23, 6, NULL, NULL, NULL, NULL, NULL, 1, 0, NULL, NULL, NULL),
(13, 1, 4777, 0, 7, NULL, NULL, NULL, NULL, NULL, 1, 0, NULL, NULL, NULL),
(13, 1, 4778, 1, 7, NULL, NULL, NULL, NULL, NULL, 1, 0, NULL, NULL, NULL),
(13, 1, 4779, 2, 7, NULL, NULL, NULL, NULL, NULL, 1, 0, NULL, NULL, NULL),
(13, 1, 4780, 3, 7, NULL, NULL, NULL, NULL, NULL, 0, 0, NULL, NULL, NULL),
(13, 1, 4781, 4, 7, NULL, NULL, NULL, NULL, NULL, 1, 0, NULL, NULL, NULL),
(13, 1, 4782, 5, 7, NULL, NULL, NULL, NULL, NULL, 1, 0, NULL, NULL, NULL),
(13, 1, 4783, 6, 7, NULL, NULL, NULL, NULL, NULL, 1, 0, NULL, NULL, NULL),
(13, 1, 4784, 7, 7, NULL, NULL, NULL, NULL, NULL, 1, 0, NULL, NULL, NULL),
(13, 1, 4785, 8, 7, NULL, NULL, NULL, NULL, NULL, 0, 0, NULL, NULL, NULL),
(13, 1, 4786, 9, 7, NULL, NULL, NULL, NULL, NULL, 0, 0, NULL, NULL, NULL),
(13, 1, 4787, 10, 7, NULL, NULL, NULL, NULL, NULL, 0, 0, NULL, NULL, NULL),
(13, 1, 4788, 11, 7, NULL, NULL, NULL, NULL, NULL, 0, 0, NULL, NULL, NULL),
(13, 1, 4789, 12, 7, NULL, NULL, NULL, NULL, NULL, 1, 0, NULL, NULL, NULL),
(13, 1, 4790, 13, 7, NULL, NULL, NULL, NULL, NULL, 0, 0, NULL, NULL, NULL),
(13, 1, 4791, 14, 7, NULL, NULL, NULL, NULL, NULL, 0, 0, NULL, NULL, NULL),
(13, 1, 4792, 15, 7, NULL, NULL, NULL, NULL, NULL, 0, 0, NULL, NULL, NULL),
(13, 1, 4793, 16, 7, NULL, NULL, NULL, NULL, NULL, 0, 0, NULL, NULL, NULL),
(13, 1, 4794, 17, 7, NULL, NULL, NULL, NULL, NULL, 0, 0, NULL, NULL, NULL),
(13, 1, 4795, 18, 7, NULL, NULL, NULL, NULL, NULL, 0, 0, NULL, NULL, NULL),
(13, 1, 4796, 19, 7, NULL, NULL, NULL, NULL, NULL, 0, 0, NULL, NULL, NULL),
(13, 1, 4797, 20, 7, NULL, NULL, NULL, NULL, NULL, 1, 0, NULL, NULL, NULL),
(13, 1, 4798, 21, 7, NULL, NULL, NULL, NULL, NULL, 1, 0, NULL, NULL, NULL),
(13, 1, 4799, 22, 7, NULL, NULL, NULL, NULL, NULL, 1, 0, NULL, NULL, NULL),
(13, 1, 4800, 23, 7, NULL, NULL, NULL, NULL, NULL, 1, 0, NULL, NULL, NULL),
(13, 1, 4801, 0, 8, NULL, NULL, NULL, NULL, NULL, 1, 0, NULL, NULL, NULL),
(13, 1, 4802, 1, 8, NULL, NULL, NULL, NULL, NULL, 1, 0, NULL, NULL, NULL),
(13, 1, 4803, 2, 8, NULL, NULL, NULL, NULL, NULL, 1, 0, NULL, NULL, NULL),
(13, 1, 4804, 3, 8, NULL, NULL, NULL, NULL, NULL, 0, 0, NULL, NULL, NULL),
(13, 1, 4805, 4, 8, NULL, NULL, NULL, NULL, NULL, 1, 0, NULL, NULL, NULL),
(13, 1, 4806, 5, 8, NULL, NULL, NULL, NULL, NULL, 1, 0, NULL, NULL, NULL),
(13, 1, 4807, 6, 8, NULL, NULL, NULL, NULL, NULL, 1, 0, NULL, NULL, NULL),
(13, 1, 4808, 7, 8, NULL, NULL, NULL, NULL, NULL, 1, 0, NULL, NULL, NULL),
(13, 1, 4809, 8, 8, NULL, NULL, NULL, NULL, NULL, 0, 0, NULL, NULL, NULL),
(13, 1, 4810, 9, 8, NULL, NULL, NULL, NULL, NULL, 0, 0, NULL, NULL, NULL),
(13, 1, 4811, 10, 8, NULL, NULL, NULL, NULL, NULL, 0, 0, NULL, NULL, NULL),
(13, 1, 4812, 11, 8, NULL, NULL, NULL, NULL, NULL, 0, 0, NULL, NULL, NULL),
(13, 1, 4813, 12, 8, NULL, NULL, NULL, NULL, NULL, 1, 0, NULL, NULL, NULL),
(13, 1, 4814, 13, 8, NULL, NULL, NULL, NULL, NULL, 0, 0, NULL, NULL, NULL),
(13, 1, 4815, 14, 8, NULL, NULL, NULL, NULL, NULL, 0, 0, NULL, NULL, NULL),
(13, 1, 4816, 15, 8, NULL, NULL, NULL, NULL, NULL, 0, 0, NULL, NULL, NULL),
(13, 1, 4817, 16, 8, NULL, NULL, NULL, NULL, NULL, 0, 0, NULL, NULL, NULL),
(13, 1, 4818, 17, 8, NULL, NULL, NULL, NULL, NULL, 0, 0, NULL, NULL, NULL),
(13, 1, 4819, 18, 8, NULL, NULL, NULL, NULL, NULL, 0, 0, NULL, NULL, NULL),
(13, 1, 4820, 19, 8, NULL, NULL, NULL, NULL, NULL, 1, 0, NULL, NULL, NULL),
(13, 1, 4821, 20, 8, NULL, NULL, NULL, NULL, NULL, 0, 0, NULL, NULL, NULL),
(13, 1, 4822, 21, 8, NULL, NULL, NULL, NULL, NULL, 0, 0, NULL, NULL, NULL),
(13, 1, 4823, 22, 8, NULL, NULL, NULL, NULL, NULL, 0, 0, NULL, NULL, NULL),
(13, 1, 4824, 23, 8, NULL, NULL, NULL, NULL, NULL, 1, 0, NULL, NULL, NULL),
(13, 1, 4825, 0, 9, NULL, NULL, NULL, NULL, NULL, 1, 0, NULL, NULL, NULL),
(13, 1, 4826, 1, 9, NULL, NULL, NULL, NULL, NULL, 1, 0, NULL, NULL, NULL),
(13, 1, 4827, 2, 9, NULL, NULL, NULL, NULL, NULL, 1, 0, NULL, NULL, NULL),
(13, 1, 4828, 3, 9, NULL, NULL, NULL, NULL, NULL, 1, 0, NULL, NULL, NULL),
(13, 1, 4829, 4, 9, NULL, NULL, NULL, NULL, NULL, 1, 0, NULL, NULL, NULL),
(13, 1, 4830, 5, 9, NULL, NULL, NULL, NULL, NULL, 1, 0, NULL, NULL, NULL),
(13, 1, 4831, 6, 9, NULL, NULL, NULL, NULL, NULL, 1, 0, NULL, NULL, NULL),
(13, 1, 4832, 7, 9, NULL, NULL, NULL, NULL, NULL, 0, 0, NULL, NULL, NULL),
(13, 1, 4833, 8, 9, NULL, NULL, NULL, NULL, NULL, 0, 0, NULL, NULL, NULL),
(13, 1, 4834, 9, 9, NULL, NULL, NULL, NULL, NULL, 1, 0, NULL, NULL, NULL),
(13, 1, 4835, 10, 9, NULL, NULL, NULL, NULL, NULL, 0, 0, NULL, NULL, NULL),
(13, 1, 4836, 11, 9, NULL, NULL, NULL, NULL, NULL, 1, 0, NULL, NULL, NULL),
(13, 1, 4837, 12, 9, NULL, NULL, NULL, NULL, NULL, 1, 0, NULL, NULL, NULL),
(13, 1, 4838, 13, 9, NULL, NULL, NULL, NULL, NULL, 0, 0, NULL, NULL, NULL),
(13, 1, 4839, 14, 9, NULL, NULL, NULL, NULL, NULL, 0, 0, NULL, NULL, NULL),
(13, 1, 4840, 15, 9, NULL, NULL, NULL, NULL, NULL, 0, 0, NULL, NULL, NULL),
(13, 1, 4841, 16, 9, NULL, NULL, NULL, NULL, NULL, 1, 0, NULL, NULL, NULL),
(13, 1, 4842, 17, 9, NULL, NULL, NULL, NULL, NULL, 1, 0, NULL, NULL, NULL),
(13, 1, 4843, 18, 9, NULL, NULL, NULL, NULL, NULL, 0, 0, NULL, NULL, NULL),
(13, 1, 4844, 19, 9, NULL, NULL, NULL, NULL, NULL, 1, 0, NULL, NULL, NULL),
(13, 1, 4845, 20, 9, NULL, NULL, NULL, NULL, NULL, 0, 0, NULL, NULL, NULL),
(13, 1, 4846, 21, 9, NULL, NULL, NULL, NULL, NULL, 0, 0, NULL, NULL, NULL),
(13, 1, 4847, 22, 9, NULL, NULL, NULL, NULL, NULL, 0, 0, NULL, NULL, NULL),
(13, 1, 4848, 23, 9, NULL, NULL, NULL, NULL, NULL, 1, 0, NULL, NULL, NULL),
(13, 1, 4849, 0, 10, NULL, NULL, NULL, NULL, NULL, 1, 0, NULL, NULL, NULL),
(13, 1, 4850, 1, 10, NULL, NULL, NULL, NULL, NULL, 1, 0, NULL, NULL, NULL),
(13, 1, 4851, 2, 10, NULL, NULL, NULL, NULL, NULL, 1, 0, NULL, NULL, NULL),
(13, 1, 4852, 3, 10, NULL, NULL, NULL, NULL, NULL, 1, 0, NULL, NULL, NULL),
(13, 1, 4853, 4, 10, NULL, NULL, NULL, NULL, NULL, 1, 0, NULL, NULL, NULL),
(13, 1, 4854, 5, 10, NULL, NULL, NULL, NULL, NULL, 1, 0, NULL, NULL, NULL),
(13, 1, 4855, 6, 10, NULL, NULL, NULL, NULL, NULL, 1, 0, NULL, NULL, NULL),
(13, 1, 4856, 7, 10, NULL, NULL, NULL, NULL, NULL, 0, 0, NULL, NULL, NULL),
(13, 1, 4857, 8, 10, NULL, NULL, NULL, NULL, NULL, 1, 0, NULL, NULL, NULL),
(13, 1, 4858, 9, 10, NULL, NULL, NULL, NULL, NULL, 1, 0, NULL, NULL, NULL),
(13, 1, 4859, 10, 10, NULL, NULL, NULL, NULL, NULL, 1, 0, NULL, NULL, NULL),
(13, 1, 4860, 11, 10, NULL, NULL, NULL, NULL, NULL, 1, 0, NULL, NULL, NULL),
(13, 1, 4861, 12, 10, NULL, NULL, NULL, NULL, NULL, 0, 0, NULL, NULL, NULL),
(13, 1, 4862, 13, 10, NULL, NULL, NULL, NULL, NULL, 1, 0, NULL, NULL, NULL),
(13, 1, 4863, 14, 10, NULL, NULL, NULL, NULL, NULL, 1, 0, NULL, NULL, NULL),
(13, 1, 4864, 15, 10, NULL, NULL, NULL, NULL, NULL, 1, 0, NULL, NULL, NULL),
(13, 1, 4865, 16, 10, NULL, NULL, NULL, NULL, NULL, 1, 0, NULL, NULL, NULL),
(13, 1, 4866, 17, 10, NULL, NULL, NULL, NULL, NULL, 1, 0, NULL, NULL, NULL),
(13, 1, 4867, 18, 10, NULL, NULL, NULL, NULL, NULL, 1, 0, NULL, NULL, NULL),
(13, 1, 4868, 19, 10, NULL, NULL, NULL, NULL, NULL, 1, 0, NULL, NULL, NULL),
(13, 1, 4869, 20, 10, NULL, NULL, NULL, NULL, NULL, 0, 0, NULL, NULL, NULL),
(13, 1, 4870, 21, 10, NULL, NULL, NULL, NULL, NULL, 1, 0, NULL, NULL, NULL),
(13, 1, 4871, 22, 10, NULL, NULL, NULL, NULL, NULL, 0, 0, NULL, NULL, NULL),
(13, 1, 4872, 23, 10, NULL, NULL, NULL, NULL, NULL, 1, 0, NULL, NULL, NULL),
(13, 1, 4873, 0, 11, NULL, NULL, NULL, NULL, NULL, 1, 0, NULL, NULL, NULL),
(13, 1, 4874, 1, 11, NULL, NULL, NULL, NULL, NULL, 1, 0, NULL, NULL, NULL),
(13, 1, 4875, 2, 11, NULL, NULL, NULL, NULL, NULL, 1, 0, NULL, NULL, NULL),
(13, 1, 4876, 3, 11, NULL, NULL, NULL, NULL, NULL, 1, 0, NULL, NULL, NULL),
(13, 1, 4877, 4, 11, NULL, NULL, NULL, NULL, NULL, 1, 0, NULL, NULL, NULL),
(13, 1, 4878, 5, 11, NULL, NULL, NULL, NULL, NULL, 1, 0, NULL, NULL, NULL),
(13, 1, 4879, 6, 11, NULL, NULL, NULL, NULL, NULL, 1, 0, NULL, NULL, NULL),
(13, 1, 4880, 7, 11, NULL, NULL, NULL, NULL, NULL, 1, 0, NULL, NULL, NULL),
(13, 1, 4881, 8, 11, NULL, NULL, NULL, NULL, NULL, 1, 0, NULL, NULL, NULL),
(13, 1, 4882, 9, 11, NULL, NULL, NULL, NULL, NULL, 0, 0, NULL, NULL, NULL),
(13, 1, 4883, 10, 11, NULL, NULL, NULL, NULL, NULL, 0, 0, NULL, NULL, NULL),
(13, 1, 4884, 11, 11, NULL, NULL, NULL, NULL, NULL, 1, 0, NULL, NULL, NULL),
(13, 1, 4885, 12, 11, NULL, NULL, NULL, NULL, NULL, 0, 0, NULL, NULL, NULL),
(13, 1, 4886, 13, 11, NULL, NULL, NULL, NULL, NULL, 1, 0, NULL, NULL, NULL),
(13, 1, 4887, 14, 11, NULL, NULL, NULL, NULL, NULL, 1, 0, NULL, NULL, NULL),
(13, 1, 4888, 15, 11, NULL, NULL, NULL, NULL, NULL, 1, 0, NULL, NULL, NULL),
(13, 1, 4889, 16, 11, NULL, NULL, NULL, NULL, NULL, 1, 0, NULL, NULL, NULL),
(13, 1, 4890, 17, 11, NULL, NULL, NULL, NULL, NULL, 1, 0, NULL, NULL, NULL),
(13, 1, 4891, 18, 11, NULL, NULL, NULL, NULL, NULL, 1, 0, NULL, NULL, NULL),
(13, 1, 4892, 19, 11, NULL, NULL, NULL, NULL, NULL, 1, 0, NULL, NULL, NULL),
(13, 1, 4893, 20, 11, NULL, NULL, NULL, NULL, NULL, 0, 0, NULL, NULL, NULL),
(13, 1, 4894, 21, 11, NULL, NULL, NULL, NULL, NULL, 1, 0, NULL, NULL, NULL),
(13, 1, 4895, 22, 11, NULL, NULL, NULL, NULL, NULL, 0, 0, NULL, NULL, NULL),
(13, 1, 4896, 23, 11, NULL, NULL, NULL, NULL, NULL, 1, 0, NULL, NULL, NULL),
(13, 1, 4897, 0, 12, NULL, NULL, NULL, NULL, NULL, 0, 0, NULL, NULL, NULL),
(13, 1, 4898, 1, 12, NULL, NULL, NULL, NULL, NULL, 0, 0, NULL, NULL, NULL),
(13, 1, 4899, 2, 12, NULL, NULL, NULL, NULL, NULL, 0, 0, NULL, NULL, NULL),
(13, 1, 4900, 3, 12, NULL, NULL, NULL, NULL, NULL, 0, 0, NULL, NULL, NULL),
(13, 1, 4901, 4, 12, NULL, NULL, NULL, NULL, NULL, 0, 0, NULL, NULL, NULL),
(13, 1, 4902, 5, 12, NULL, NULL, NULL, NULL, NULL, 0, 0, NULL, NULL, NULL),
(13, 1, 4903, 6, 12, NULL, NULL, NULL, NULL, NULL, 0, 0, NULL, NULL, NULL),
(13, 1, 4904, 7, 12, NULL, NULL, NULL, NULL, NULL, 0, 0, NULL, NULL, NULL),
(13, 1, 4905, 8, 12, NULL, NULL, NULL, NULL, NULL, 1, 0, NULL, NULL, NULL),
(13, 1, 4906, 9, 12, NULL, NULL, NULL, NULL, NULL, 0, 0, NULL, NULL, NULL),
(13, 1, 4907, 10, 12, NULL, NULL, NULL, NULL, NULL, 0, 0, NULL, NULL, NULL),
(13, 1, 4908, 11, 12, NULL, NULL, NULL, NULL, NULL, 1, 0, NULL, NULL, NULL),
(13, 1, 4909, 12, 12, NULL, NULL, NULL, NULL, NULL, 0, 0, NULL, NULL, NULL),
(13, 1, 4910, 13, 12, NULL, NULL, NULL, NULL, NULL, 0, 0, NULL, NULL, NULL),
(13, 1, 4911, 14, 12, NULL, NULL, NULL, NULL, NULL, 1, 0, NULL, NULL, NULL),
(13, 1, 4912, 15, 12, NULL, NULL, NULL, NULL, NULL, 1, 0, NULL, NULL, NULL),
(13, 1, 4913, 16, 12, NULL, NULL, NULL, NULL, NULL, 1, 0, NULL, NULL, NULL),
(13, 1, 4914, 17, 12, NULL, NULL, NULL, NULL, NULL, 1, 0, NULL, NULL, NULL),
(13, 1, 4915, 18, 12, NULL, NULL, NULL, NULL, NULL, 1, 0, NULL, NULL, NULL),
(13, 1, 4916, 19, 12, NULL, NULL, NULL, NULL, NULL, 1, 0, NULL, NULL, NULL),
(13, 1, 4917, 20, 12, NULL, NULL, NULL, NULL, NULL, 0, 0, NULL, NULL, NULL),
(13, 1, 4918, 21, 12, NULL, NULL, NULL, NULL, NULL, 1, 0, NULL, NULL, NULL),
(13, 1, 4919, 22, 12, NULL, NULL, NULL, NULL, NULL, 0, 0, NULL, NULL, NULL),
(13, 1, 4920, 23, 12, NULL, NULL, NULL, NULL, NULL, 1, 0, NULL, NULL, NULL),
(13, 1, 4921, 0, 13, NULL, NULL, NULL, NULL, NULL, 0, 0, NULL, NULL, NULL),
(13, 1, 4922, 1, 13, NULL, NULL, NULL, NULL, NULL, 0, 0, NULL, NULL, NULL),
(13, 1, 4923, 2, 13, NULL, NULL, NULL, NULL, NULL, 1, 0, NULL, NULL, NULL),
(13, 1, 4924, 3, 13, NULL, NULL, NULL, NULL, NULL, 0, 0, NULL, NULL, NULL),
(13, 1, 4925, 4, 13, NULL, NULL, NULL, NULL, NULL, 1, 0, NULL, NULL, NULL),
(13, 1, 4926, 5, 13, NULL, NULL, NULL, NULL, NULL, 1, 0, NULL, NULL, NULL),
(13, 1, 4927, 6, 13, NULL, NULL, NULL, NULL, NULL, 0, 0, NULL, NULL, NULL),
(13, 1, 4928, 7, 13, NULL, NULL, NULL, NULL, NULL, 0, 0, NULL, NULL, NULL),
(13, 1, 4929, 8, 13, NULL, NULL, NULL, NULL, NULL, 1, 0, NULL, NULL, NULL),
(13, 1, 4930, 9, 13, NULL, NULL, NULL, NULL, NULL, 1, 0, NULL, NULL, NULL),
(13, 1, 4931, 10, 13, NULL, NULL, NULL, NULL, NULL, 0, 0, NULL, NULL, NULL),
(13, 1, 4932, 11, 13, NULL, NULL, NULL, NULL, NULL, 1, 0, NULL, NULL, NULL),
(13, 1, 4933, 12, 13, NULL, NULL, NULL, NULL, NULL, 0, 0, NULL, NULL, NULL),
(13, 1, 4934, 13, 13, NULL, NULL, NULL, NULL, NULL, 0, 0, NULL, NULL, NULL),
(13, 1, 4935, 14, 13, NULL, NULL, NULL, NULL, NULL, 1, 0, NULL, NULL, NULL),
(13, 1, 4936, 15, 13, NULL, NULL, NULL, NULL, NULL, 1, 0, NULL, NULL, NULL),
(13, 1, 4937, 16, 13, NULL, NULL, NULL, NULL, NULL, 1, 0, NULL, NULL, NULL),
(13, 1, 4938, 17, 13, NULL, NULL, NULL, NULL, NULL, 1, 0, NULL, NULL, NULL),
(13, 1, 4939, 18, 13, NULL, NULL, NULL, NULL, NULL, 1, 0, NULL, NULL, NULL),
(13, 1, 4940, 19, 13, NULL, NULL, NULL, NULL, NULL, 1, 0, NULL, NULL, NULL),
(13, 1, 4941, 20, 13, NULL, NULL, NULL, NULL, NULL, 1, 0, NULL, NULL, NULL),
(13, 1, 4942, 21, 13, NULL, NULL, NULL, NULL, NULL, 1, 0, NULL, NULL, NULL),
(13, 1, 4943, 22, 13, NULL, NULL, NULL, NULL, NULL, 1, 0, NULL, NULL, NULL),
(13, 1, 4944, 23, 13, NULL, NULL, NULL, NULL, NULL, 1, 0, NULL, NULL, NULL),
(13, 1, 4945, 0, 14, NULL, NULL, NULL, NULL, NULL, 0, 0, NULL, NULL, NULL),
(13, 1, 4946, 1, 14, NULL, NULL, NULL, NULL, NULL, 0, 0, NULL, NULL, NULL),
(13, 1, 4947, 2, 14, NULL, NULL, NULL, NULL, NULL, 0, 0, NULL, NULL, NULL),
(13, 1, 4948, 3, 14, NULL, NULL, NULL, NULL, NULL, 1, 0, NULL, NULL, NULL),
(13, 1, 4949, 4, 14, NULL, NULL, NULL, NULL, NULL, 1, 0, NULL, NULL, NULL),
(13, 1, 4950, 5, 14, NULL, NULL, NULL, NULL, NULL, 1, 0, NULL, NULL, NULL),
(13, 1, 4951, 6, 14, NULL, NULL, NULL, NULL, NULL, 0, 0, NULL, NULL, NULL),
(13, 1, 4952, 7, 14, NULL, NULL, NULL, NULL, NULL, 1, 0, NULL, NULL, NULL),
(13, 1, 4953, 8, 14, NULL, NULL, NULL, NULL, NULL, 0, 0, NULL, NULL, NULL),
(13, 1, 4954, 9, 14, NULL, NULL, NULL, NULL, NULL, 1, 0, NULL, NULL, NULL),
(13, 1, 4955, 10, 14, NULL, NULL, NULL, NULL, NULL, 0, 0, NULL, NULL, NULL),
(13, 1, 4956, 11, 14, NULL, NULL, NULL, NULL, NULL, 1, 0, NULL, NULL, NULL),
(13, 1, 4957, 12, 14, NULL, NULL, NULL, NULL, NULL, 1, 0, NULL, NULL, NULL),
(13, 1, 4958, 13, 14, NULL, NULL, NULL, NULL, NULL, 1, 0, NULL, NULL, NULL),
(13, 1, 4959, 14, 14, NULL, NULL, NULL, NULL, NULL, 1, 0, NULL, NULL, NULL),
(13, 1, 4960, 15, 14, NULL, NULL, NULL, NULL, NULL, 1, 0, NULL, NULL, NULL),
(13, 1, 4961, 16, 14, NULL, NULL, NULL, NULL, NULL, 1, 0, NULL, NULL, NULL),
(13, 1, 4962, 17, 14, NULL, NULL, NULL, NULL, NULL, 1, 0, NULL, NULL, NULL),
(13, 1, 4963, 18, 14, NULL, NULL, NULL, NULL, NULL, 0, 0, NULL, NULL, NULL),
(13, 1, 4964, 19, 14, NULL, NULL, NULL, NULL, NULL, 0, 0, NULL, NULL, NULL),
(13, 1, 4965, 20, 14, NULL, NULL, NULL, NULL, NULL, 0, 0, NULL, NULL, NULL),
(13, 1, 4966, 21, 14, NULL, NULL, NULL, NULL, NULL, 1, 0, NULL, NULL, NULL),
(13, 1, 4967, 22, 14, NULL, NULL, NULL, NULL, NULL, 0, 0, NULL, NULL, NULL),
(13, 1, 4968, 23, 14, NULL, NULL, NULL, NULL, NULL, 0, 0, NULL, NULL, NULL),
(13, 1, 4969, 0, 15, NULL, NULL, NULL, NULL, NULL, 1, 0, NULL, NULL, NULL),
(13, 1, 4970, 1, 15, NULL, NULL, NULL, NULL, NULL, 0, 0, NULL, NULL, NULL),
(13, 1, 4971, 2, 15, NULL, NULL, NULL, NULL, NULL, 0, 0, NULL, NULL, NULL),
(13, 1, 4972, 3, 15, NULL, NULL, NULL, NULL, NULL, 1, 0, NULL, NULL, NULL),
(13, 1, 4973, 4, 15, NULL, NULL, NULL, NULL, NULL, 1, 0, NULL, NULL, NULL),
(13, 1, 4974, 5, 15, NULL, NULL, NULL, NULL, NULL, 1, 0, NULL, NULL, NULL),
(13, 1, 4975, 6, 15, NULL, NULL, NULL, NULL, NULL, 0, 0, NULL, NULL, NULL),
(13, 1, 4976, 7, 15, NULL, NULL, NULL, NULL, NULL, 1, 0, NULL, NULL, NULL),
(13, 1, 4977, 8, 15, NULL, NULL, NULL, NULL, NULL, 0, 0, NULL, NULL, NULL),
(13, 1, 4978, 9, 15, NULL, NULL, 1, NULL, 10, 0, 1, NULL, NULL, 1),
(13, 1, 4979, 10, 15, NULL, NULL, NULL, NULL, NULL, 1, 0, NULL, NULL, NULL),
(13, 1, 4980, 11, 15, NULL, NULL, NULL, NULL, NULL, 1, 0, NULL, NULL, NULL),
(13, 1, 4981, 12, 15, NULL, NULL, NULL, NULL, NULL, 1, 0, NULL, NULL, NULL),
(13, 1, 4982, 13, 15, NULL, NULL, NULL, NULL, NULL, 1, 0, NULL, NULL, NULL),
(13, 1, 4983, 14, 15, NULL, NULL, NULL, NULL, NULL, 1, 0, NULL, NULL, NULL),
(13, 1, 4984, 15, 15, NULL, NULL, NULL, NULL, NULL, 1, 0, NULL, NULL, NULL),
(13, 1, 4985, 16, 15, NULL, NULL, NULL, NULL, NULL, 1, 0, NULL, NULL, NULL),
(13, 1, 4986, 17, 15, NULL, NULL, NULL, NULL, NULL, 1, 0, NULL, NULL, NULL),
(13, 1, 4987, 18, 15, NULL, NULL, NULL, NULL, NULL, 0, 0, NULL, NULL, NULL),
(13, 1, 4988, 19, 15, NULL, NULL, NULL, NULL, NULL, 1, 0, NULL, NULL, NULL),
(13, 1, 4989, 20, 15, NULL, NULL, NULL, NULL, NULL, 1, 0, NULL, NULL, NULL),
(13, 1, 4990, 21, 15, NULL, NULL, NULL, NULL, NULL, 1, 0, NULL, NULL, NULL),
(13, 1, 4991, 22, 15, NULL, NULL, NULL, NULL, NULL, 1, 0, NULL, NULL, NULL),
(13, 1, 4992, 23, 15, NULL, NULL, NULL, NULL, NULL, 1, 0, NULL, NULL, NULL),
(14, 1, 4993, 0, 0, NULL, NULL, NULL, NULL, NULL, 1, 0, NULL, NULL, NULL),
(14, 1, 4994, 1, 0, NULL, NULL, NULL, NULL, NULL, 1, 0, NULL, NULL, NULL),
(14, 1, 4995, 2, 0, NULL, NULL, NULL, NULL, NULL, 1, 0, NULL, NULL, NULL),
(14, 1, 4996, 3, 0, NULL, NULL, NULL, NULL, NULL, 1, 0, NULL, NULL, NULL),
(14, 1, 4997, 4, 0, NULL, NULL, NULL, NULL, NULL, 1, 0, NULL, NULL, NULL),
(14, 1, 4998, 5, 0, NULL, NULL, NULL, NULL, NULL, 1, 0, NULL, NULL, NULL),
(14, 1, 4999, 6, 0, NULL, NULL, NULL, NULL, NULL, 1, 0, NULL, NULL, NULL),
(14, 1, 5000, 7, 0, NULL, NULL, NULL, NULL, NULL, 1, 0, NULL, NULL, NULL),
(14, 1, 5001, 8, 0, NULL, NULL, NULL, NULL, NULL, 1, 0, NULL, NULL, NULL),
(14, 1, 5002, 9, 0, NULL, NULL, NULL, NULL, NULL, 1, 0, NULL, NULL, NULL),
(14, 1, 5003, 10, 0, NULL, NULL, NULL, NULL, NULL, 1, 0, NULL, NULL, NULL),
(14, 1, 5004, 11, 0, NULL, NULL, NULL, NULL, NULL, 1, 0, NULL, NULL, NULL),
(14, 1, 5005, 12, 0, NULL, NULL, NULL, NULL, NULL, 1, 0, NULL, NULL, NULL),
(14, 1, 5006, 13, 0, NULL, NULL, NULL, NULL, NULL, 1, 0, NULL, NULL, NULL),
(14, 1, 5007, 14, 0, NULL, NULL, NULL, NULL, NULL, 1, 0, NULL, NULL, NULL),
(14, 1, 5008, 15, 0, NULL, NULL, NULL, NULL, NULL, 1, 0, NULL, NULL, NULL),
(14, 1, 5009, 16, 0, NULL, NULL, NULL, NULL, NULL, 1, 0, NULL, NULL, NULL),
(14, 1, 5010, 17, 0, NULL, NULL, NULL, NULL, NULL, 1, 0, NULL, NULL, NULL),
(14, 1, 5011, 18, 0, NULL, NULL, NULL, NULL, NULL, 1, 0, NULL, NULL, NULL),
(14, 1, 5012, 19, 0, NULL, NULL, NULL, NULL, NULL, 1, 0, NULL, NULL, NULL),
(14, 1, 5013, 20, 0, NULL, NULL, NULL, NULL, NULL, 1, 0, NULL, NULL, NULL),
(14, 1, 5014, 21, 0, NULL, NULL, NULL, NULL, NULL, 1, 0, NULL, NULL, NULL),
(14, 1, 5015, 22, 0, NULL, NULL, NULL, NULL, NULL, 1, 0, NULL, NULL, NULL),
(14, 1, 5016, 23, 0, NULL, NULL, NULL, NULL, NULL, 1, 0, NULL, NULL, NULL),
(14, 1, 5017, 0, 1, NULL, NULL, NULL, NULL, NULL, 1, 0, NULL, NULL, NULL),
(14, 1, 5018, 1, 1, NULL, NULL, NULL, NULL, NULL, 1, 0, NULL, NULL, NULL),
(14, 1, 5019, 2, 1, NULL, NULL, NULL, NULL, NULL, 1, 0, NULL, NULL, NULL),
(14, 1, 5020, 3, 1, NULL, NULL, NULL, NULL, NULL, 1, 0, NULL, NULL, NULL),
(14, 1, 5021, 4, 1, NULL, NULL, NULL, NULL, NULL, 1, 0, NULL, NULL, NULL),
(14, 1, 5022, 5, 1, NULL, NULL, NULL, NULL, NULL, 1, 0, NULL, NULL, NULL),
(14, 1, 5023, 6, 1, NULL, NULL, NULL, NULL, NULL, 1, 0, NULL, NULL, NULL),
(14, 1, 5024, 7, 1, NULL, NULL, NULL, NULL, NULL, 1, 0, NULL, NULL, NULL),
(14, 1, 5025, 8, 1, NULL, NULL, NULL, NULL, NULL, 1, 0, NULL, NULL, NULL),
(14, 1, 5026, 9, 1, NULL, NULL, NULL, NULL, NULL, 1, 0, NULL, NULL, NULL),
(14, 1, 5027, 10, 1, NULL, NULL, NULL, NULL, NULL, 1, 0, NULL, NULL, NULL),
(14, 1, 5028, 11, 1, NULL, NULL, NULL, NULL, NULL, 1, 0, NULL, NULL, NULL),
(14, 1, 5029, 12, 1, NULL, NULL, NULL, NULL, NULL, 1, 0, NULL, NULL, NULL),
(14, 1, 5030, 13, 1, NULL, NULL, NULL, NULL, NULL, 1, 0, NULL, NULL, NULL),
(14, 1, 5031, 14, 1, NULL, NULL, NULL, NULL, NULL, 1, 0, NULL, NULL, NULL),
(14, 1, 5032, 15, 1, NULL, NULL, NULL, NULL, NULL, 1, 0, NULL, NULL, NULL),
(14, 1, 5033, 16, 1, NULL, NULL, NULL, NULL, NULL, 1, 0, NULL, NULL, NULL),
(14, 1, 5034, 17, 1, NULL, NULL, NULL, NULL, NULL, 1, 0, NULL, NULL, NULL),
(14, 1, 5035, 18, 1, NULL, NULL, NULL, NULL, NULL, 1, 0, NULL, NULL, NULL),
(14, 1, 5036, 19, 1, NULL, NULL, NULL, NULL, NULL, 1, 0, NULL, NULL, NULL),
(14, 1, 5037, 20, 1, NULL, NULL, NULL, NULL, NULL, 1, 0, NULL, NULL, NULL),
(14, 1, 5038, 21, 1, NULL, NULL, NULL, NULL, NULL, 1, 0, NULL, NULL, NULL),
(14, 1, 5039, 22, 1, NULL, NULL, NULL, NULL, NULL, 1, 0, NULL, NULL, NULL),
(14, 1, 5040, 23, 1, NULL, NULL, NULL, NULL, NULL, 1, 0, NULL, NULL, NULL),
(14, 1, 5041, 0, 2, NULL, NULL, NULL, NULL, NULL, 1, 0, NULL, NULL, NULL),
(14, 1, 5042, 1, 2, NULL, NULL, NULL, NULL, NULL, 1, 0, NULL, NULL, NULL),
(14, 1, 5043, 2, 2, NULL, NULL, NULL, NULL, NULL, 1, 0, NULL, NULL, NULL),
(14, 1, 5044, 3, 2, NULL, NULL, NULL, NULL, NULL, 1, 0, NULL, NULL, NULL),
(14, 1, 5045, 4, 2, NULL, NULL, NULL, NULL, NULL, 1, 0, NULL, NULL, NULL),
(14, 1, 5046, 5, 2, NULL, NULL, NULL, NULL, NULL, 1, 0, NULL, NULL, NULL),
(14, 1, 5047, 6, 2, NULL, NULL, NULL, NULL, NULL, 1, 0, NULL, NULL, NULL),
(14, 1, 5048, 7, 2, NULL, NULL, NULL, NULL, NULL, 1, 0, NULL, NULL, NULL),
(14, 1, 5049, 8, 2, NULL, NULL, NULL, NULL, NULL, 1, 0, NULL, NULL, NULL),
(14, 1, 5050, 9, 2, NULL, NULL, NULL, NULL, NULL, 1, 0, NULL, NULL, NULL),
(14, 1, 5051, 10, 2, NULL, NULL, NULL, NULL, NULL, 1, 0, NULL, NULL, NULL),
(14, 1, 5052, 11, 2, NULL, NULL, NULL, NULL, NULL, 1, 0, NULL, NULL, NULL),
(14, 1, 5053, 12, 2, NULL, NULL, NULL, NULL, NULL, 1, 0, NULL, NULL, NULL),
(14, 1, 5054, 13, 2, NULL, NULL, NULL, NULL, NULL, 1, 0, NULL, NULL, NULL),
(14, 1, 5055, 14, 2, NULL, NULL, NULL, NULL, NULL, 1, 0, NULL, NULL, NULL),
(14, 1, 5056, 15, 2, NULL, NULL, NULL, NULL, NULL, 1, 0, NULL, NULL, NULL),
(14, 1, 5057, 16, 2, NULL, NULL, NULL, NULL, NULL, 1, 0, NULL, NULL, NULL),
(14, 1, 5058, 17, 2, NULL, NULL, NULL, NULL, NULL, 1, 0, NULL, NULL, NULL),
(14, 1, 5059, 18, 2, NULL, NULL, NULL, NULL, NULL, 1, 0, NULL, NULL, NULL),
(14, 1, 5060, 19, 2, NULL, NULL, NULL, NULL, NULL, 1, 0, NULL, NULL, NULL),
(14, 1, 5061, 20, 2, NULL, NULL, NULL, NULL, NULL, 1, 0, NULL, NULL, NULL),
(14, 1, 5062, 21, 2, NULL, NULL, NULL, NULL, NULL, 1, 0, NULL, NULL, NULL),
(14, 1, 5063, 22, 2, NULL, NULL, NULL, NULL, NULL, 1, 0, NULL, NULL, NULL),
(14, 1, 5064, 23, 2, NULL, NULL, NULL, NULL, NULL, 1, 0, NULL, NULL, NULL),
(14, 1, 5065, 0, 3, NULL, NULL, NULL, NULL, NULL, 1, 0, NULL, NULL, NULL),
(14, 1, 5066, 1, 3, NULL, NULL, NULL, NULL, NULL, 1, 0, NULL, NULL, NULL),
(14, 1, 5067, 2, 3, NULL, NULL, NULL, NULL, NULL, 1, 0, NULL, NULL, NULL),
(14, 1, 5068, 3, 3, NULL, NULL, NULL, NULL, NULL, 1, 0, NULL, NULL, NULL),
(14, 1, 5069, 4, 3, NULL, NULL, NULL, NULL, NULL, 1, 0, NULL, NULL, NULL),
(14, 1, 5070, 5, 3, NULL, NULL, NULL, NULL, NULL, 0, 0, NULL, NULL, NULL),
(14, 1, 5071, 6, 3, NULL, NULL, NULL, NULL, NULL, 0, 0, NULL, NULL, NULL),
(14, 1, 5072, 7, 3, NULL, NULL, NULL, NULL, NULL, 0, 0, NULL, NULL, NULL),
(14, 1, 5073, 8, 3, NULL, NULL, NULL, NULL, NULL, 0, 0, NULL, NULL, NULL),
(14, 1, 5074, 9, 3, NULL, NULL, NULL, NULL, NULL, 0, 0, NULL, NULL, NULL),
(14, 1, 5075, 10, 3, NULL, NULL, NULL, NULL, NULL, 0, 0, NULL, NULL, NULL),
(14, 1, 5076, 11, 3, NULL, NULL, NULL, NULL, NULL, 0, 0, NULL, NULL, NULL),
(14, 1, 5077, 12, 3, NULL, NULL, NULL, NULL, NULL, 0, 0, NULL, NULL, NULL),
(14, 1, 5078, 13, 3, NULL, NULL, NULL, NULL, NULL, 0, 0, NULL, NULL, NULL),
(14, 1, 5079, 14, 3, NULL, NULL, NULL, NULL, NULL, 0, 0, NULL, NULL, NULL),
(14, 1, 5080, 15, 3, NULL, NULL, NULL, NULL, NULL, 0, 0, NULL, NULL, NULL),
(14, 1, 5081, 16, 3, NULL, NULL, NULL, NULL, NULL, 0, 0, NULL, NULL, NULL),
(14, 1, 5082, 17, 3, NULL, NULL, NULL, NULL, NULL, 0, 0, NULL, NULL, NULL),
(14, 1, 5083, 18, 3, NULL, NULL, NULL, NULL, NULL, 1, 0, NULL, NULL, NULL),
(14, 1, 5084, 19, 3, NULL, NULL, NULL, NULL, NULL, 1, 0, NULL, NULL, NULL),
(14, 1, 5085, 20, 3, NULL, NULL, NULL, NULL, NULL, 1, 0, NULL, NULL, NULL),
(14, 1, 5086, 21, 3, NULL, NULL, NULL, NULL, NULL, 1, 0, NULL, NULL, NULL),
(14, 1, 5087, 22, 3, NULL, NULL, NULL, NULL, NULL, 1, 0, NULL, NULL, NULL),
(14, 1, 5088, 23, 3, NULL, NULL, NULL, NULL, NULL, 1, 0, NULL, NULL, NULL),
(14, 1, 5089, 0, 4, NULL, NULL, NULL, NULL, NULL, 1, 0, NULL, NULL, NULL),
(14, 1, 5090, 1, 4, NULL, NULL, NULL, NULL, NULL, 1, 0, NULL, NULL, NULL),
(14, 1, 5091, 2, 4, NULL, NULL, NULL, NULL, NULL, 1, 0, NULL, NULL, NULL),
(14, 1, 5092, 3, 4, NULL, NULL, NULL, NULL, NULL, 1, 0, NULL, NULL, NULL),
(14, 1, 5093, 4, 4, NULL, NULL, NULL, NULL, NULL, 1, 0, NULL, NULL, NULL),
(14, 1, 5094, 5, 4, NULL, NULL, NULL, NULL, NULL, 0, 0, NULL, NULL, NULL),
(14, 1, 5095, 6, 4, NULL, NULL, NULL, NULL, NULL, 0, 0, NULL, NULL, NULL),
(14, 1, 5096, 7, 4, NULL, NULL, NULL, NULL, NULL, 0, 0, NULL, NULL, NULL),
(14, 1, 5097, 8, 4, NULL, NULL, NULL, NULL, NULL, 0, 0, NULL, NULL, NULL),
(14, 1, 5098, 9, 4, NULL, NULL, NULL, NULL, NULL, 0, 0, NULL, NULL, NULL),
(14, 1, 5099, 10, 4, NULL, NULL, NULL, NULL, NULL, 0, 0, NULL, NULL, NULL),
(14, 1, 5100, 11, 4, NULL, NULL, NULL, NULL, NULL, 0, 0, NULL, NULL, NULL),
(14, 1, 5101, 12, 4, NULL, NULL, NULL, NULL, NULL, 0, 0, NULL, NULL, NULL),
(14, 1, 5102, 13, 4, NULL, NULL, NULL, NULL, NULL, 0, 0, NULL, NULL, NULL),
(14, 1, 5103, 14, 4, NULL, NULL, NULL, NULL, NULL, 0, 0, NULL, NULL, NULL),
(14, 1, 5104, 15, 4, NULL, NULL, NULL, NULL, NULL, 0, 0, NULL, NULL, NULL),
(14, 1, 5105, 16, 4, NULL, NULL, NULL, NULL, NULL, 0, 0, NULL, NULL, NULL),
(14, 1, 5106, 17, 4, NULL, NULL, NULL, NULL, NULL, 0, 0, NULL, NULL, NULL),
(14, 1, 5107, 18, 4, NULL, NULL, NULL, NULL, NULL, 1, 0, NULL, NULL, NULL),
(14, 1, 5108, 19, 4, NULL, NULL, NULL, NULL, NULL, 1, 0, NULL, NULL, NULL),
(14, 1, 5109, 20, 4, NULL, NULL, NULL, NULL, NULL, 1, 0, NULL, NULL, NULL),
(14, 1, 5110, 21, 4, NULL, NULL, NULL, NULL, NULL, 1, 0, NULL, NULL, NULL),
(14, 1, 5111, 22, 4, NULL, NULL, NULL, NULL, NULL, 1, 0, NULL, NULL, NULL),
(14, 1, 5112, 23, 4, NULL, NULL, NULL, NULL, NULL, 1, 0, NULL, NULL, NULL),
(14, 1, 5113, 0, 5, NULL, NULL, NULL, NULL, NULL, 1, 0, NULL, NULL, NULL),
(14, 1, 5114, 1, 5, NULL, NULL, NULL, NULL, NULL, 1, 0, NULL, NULL, NULL),
(14, 1, 5115, 2, 5, NULL, NULL, NULL, NULL, NULL, 1, 0, NULL, NULL, NULL),
(14, 1, 5116, 3, 5, NULL, NULL, NULL, NULL, NULL, 1, 0, NULL, NULL, NULL),
(14, 1, 5117, 4, 5, NULL, NULL, NULL, NULL, NULL, 1, 0, NULL, NULL, NULL),
(14, 1, 5118, 5, 5, NULL, NULL, NULL, NULL, NULL, 0, 0, NULL, NULL, NULL),
(14, 1, 5119, 6, 5, NULL, NULL, NULL, NULL, NULL, 1, 0, NULL, NULL, NULL),
(14, 1, 5120, 7, 5, NULL, NULL, NULL, NULL, NULL, 1, 0, NULL, NULL, NULL),
(14, 1, 5121, 8, 5, NULL, NULL, NULL, NULL, NULL, 1, 0, NULL, NULL, NULL),
(14, 1, 5122, 9, 5, NULL, NULL, NULL, NULL, NULL, 1, 0, NULL, NULL, NULL),
(14, 1, 5123, 10, 5, NULL, NULL, NULL, NULL, NULL, 1, 0, NULL, NULL, NULL),
(14, 1, 5124, 11, 5, NULL, NULL, NULL, NULL, NULL, 1, 0, NULL, NULL, NULL),
(14, 1, 5125, 12, 5, NULL, NULL, NULL, NULL, NULL, 1, 0, NULL, NULL, NULL),
(14, 1, 5126, 13, 5, NULL, NULL, NULL, NULL, NULL, 1, 0, NULL, NULL, NULL),
(14, 1, 5127, 14, 5, NULL, NULL, NULL, NULL, NULL, 1, 0, NULL, NULL, NULL),
(14, 1, 5128, 15, 5, NULL, NULL, NULL, NULL, NULL, 0, 0, NULL, NULL, NULL),
(14, 1, 5129, 16, 5, NULL, NULL, NULL, NULL, NULL, 0, 0, NULL, NULL, NULL),
(14, 1, 5130, 17, 5, NULL, NULL, NULL, NULL, NULL, 0, 0, NULL, NULL, NULL),
(14, 1, 5131, 18, 5, NULL, NULL, NULL, NULL, NULL, 1, 0, NULL, NULL, NULL),
(14, 1, 5132, 19, 5, NULL, NULL, NULL, NULL, NULL, 1, 0, NULL, NULL, NULL),
(14, 1, 5133, 20, 5, NULL, NULL, NULL, NULL, NULL, 1, 0, NULL, NULL, NULL),
(14, 1, 5134, 21, 5, NULL, NULL, NULL, NULL, NULL, 1, 0, NULL, NULL, NULL),
(14, 1, 5135, 22, 5, NULL, NULL, NULL, NULL, NULL, 1, 0, NULL, NULL, NULL),
(14, 1, 5136, 23, 5, NULL, NULL, NULL, NULL, NULL, 1, 0, NULL, NULL, NULL),
(14, 1, 5137, 0, 6, NULL, NULL, NULL, NULL, NULL, 1, 0, NULL, NULL, NULL),
(14, 1, 5138, 1, 6, NULL, NULL, NULL, NULL, NULL, 1, 0, NULL, NULL, NULL),
(14, 1, 5139, 2, 6, NULL, NULL, NULL, NULL, NULL, 1, 0, NULL, NULL, NULL),
(14, 1, 5140, 3, 6, NULL, NULL, NULL, NULL, NULL, 1, 0, NULL, NULL, NULL),
(14, 1, 5141, 4, 6, NULL, NULL, NULL, NULL, NULL, 1, 0, NULL, NULL, NULL),
(14, 1, 5142, 5, 6, NULL, NULL, NULL, NULL, NULL, 0, 0, NULL, NULL, NULL),
(14, 1, 5143, 6, 6, NULL, NULL, NULL, NULL, NULL, 0, 0, NULL, NULL, NULL),
(14, 1, 5144, 7, 6, NULL, NULL, NULL, NULL, NULL, 1, 0, NULL, NULL, NULL),
(14, 1, 5145, 8, 6, NULL, NULL, NULL, NULL, NULL, 1, 0, NULL, NULL, NULL),
(14, 1, 5146, 9, 6, NULL, NULL, NULL, NULL, NULL, 1, 0, NULL, NULL, NULL),
(14, 1, 5147, 10, 6, NULL, NULL, NULL, NULL, NULL, 1, 0, NULL, NULL, NULL),
(14, 1, 5148, 11, 6, NULL, NULL, NULL, NULL, NULL, 1, 0, NULL, NULL, NULL),
(14, 1, 5149, 12, 6, NULL, NULL, NULL, NULL, NULL, 1, 0, NULL, NULL, NULL),
(14, 1, 5150, 13, 6, NULL, NULL, NULL, NULL, NULL, 1, 0, NULL, NULL, NULL),
(14, 1, 5151, 14, 6, NULL, NULL, NULL, NULL, NULL, 1, 0, NULL, NULL, NULL),
(14, 1, 5152, 15, 6, NULL, NULL, NULL, NULL, NULL, 1, 0, NULL, NULL, NULL),
(14, 1, 5153, 16, 6, NULL, NULL, NULL, NULL, NULL, 1, 0, NULL, NULL, NULL),
(14, 1, 5154, 17, 6, NULL, NULL, NULL, NULL, NULL, 0, 0, NULL, NULL, NULL),
(14, 1, 5155, 18, 6, NULL, NULL, NULL, NULL, NULL, 1, 0, NULL, NULL, NULL),
(14, 1, 5156, 19, 6, NULL, NULL, NULL, NULL, NULL, 1, 0, NULL, NULL, NULL),
(14, 1, 5157, 20, 6, NULL, NULL, NULL, NULL, NULL, 1, 0, NULL, NULL, NULL),
(14, 1, 5158, 21, 6, NULL, NULL, NULL, NULL, NULL, 1, 0, NULL, NULL, NULL),
(14, 1, 5159, 22, 6, NULL, NULL, NULL, NULL, NULL, 1, 0, NULL, NULL, NULL),
(14, 1, 5160, 23, 6, NULL, NULL, NULL, NULL, NULL, 1, 0, NULL, NULL, NULL),
(14, 1, 5161, 0, 7, NULL, NULL, NULL, NULL, NULL, 1, 0, NULL, NULL, NULL),
(14, 1, 5162, 1, 7, NULL, NULL, NULL, NULL, NULL, 1, 0, NULL, NULL, NULL),
(14, 1, 5163, 2, 7, NULL, NULL, NULL, NULL, NULL, 1, 0, NULL, NULL, NULL),
(14, 1, 5164, 3, 7, NULL, NULL, NULL, NULL, NULL, 1, 0, NULL, NULL, NULL),
(14, 1, 5165, 4, 7, NULL, NULL, NULL, NULL, NULL, 1, 0, NULL, NULL, NULL),
(14, 1, 5166, 5, 7, NULL, NULL, NULL, NULL, NULL, 0, 0, NULL, NULL, NULL),
(14, 1, 5167, 6, 7, NULL, NULL, NULL, NULL, NULL, 1, 0, NULL, NULL, NULL),
(14, 1, 5168, 7, 7, NULL, NULL, NULL, NULL, NULL, 1, 0, NULL, NULL, NULL),
(14, 1, 5169, 8, 7, NULL, NULL, NULL, NULL, NULL, 1, 0, NULL, NULL, NULL),
(14, 1, 5170, 9, 7, NULL, NULL, NULL, NULL, NULL, 1, 0, NULL, NULL, NULL),
(14, 1, 5171, 10, 7, NULL, NULL, NULL, NULL, NULL, 1, 0, NULL, NULL, NULL),
(14, 1, 5172, 11, 7, NULL, NULL, NULL, NULL, NULL, 1, 0, NULL, NULL, NULL),
(14, 1, 5173, 12, 7, NULL, NULL, NULL, NULL, NULL, 1, 0, NULL, NULL, NULL),
(14, 1, 5174, 13, 7, NULL, NULL, NULL, NULL, NULL, 1, 0, NULL, NULL, NULL),
(14, 1, 5175, 14, 7, NULL, NULL, NULL, NULL, NULL, 1, 0, NULL, NULL, NULL),
(14, 1, 5176, 15, 7, NULL, NULL, NULL, NULL, NULL, 1, 0, NULL, NULL, NULL),
(14, 1, 5177, 16, 7, NULL, NULL, NULL, NULL, NULL, 1, 0, NULL, NULL, NULL),
(14, 1, 5178, 17, 7, NULL, NULL, NULL, NULL, NULL, 0, 0, NULL, NULL, NULL),
(14, 1, 5179, 18, 7, NULL, NULL, NULL, NULL, NULL, 1, 0, NULL, NULL, NULL),
(14, 1, 5180, 19, 7, NULL, NULL, NULL, NULL, NULL, 1, 0, NULL, NULL, NULL),
(14, 1, 5181, 20, 7, NULL, NULL, NULL, NULL, NULL, 1, 0, NULL, NULL, NULL),
(14, 1, 5182, 21, 7, NULL, NULL, NULL, NULL, NULL, 1, 0, NULL, NULL, NULL),
(14, 1, 5183, 22, 7, NULL, NULL, NULL, NULL, NULL, 1, 0, NULL, NULL, NULL),
(14, 1, 5184, 23, 7, NULL, NULL, NULL, NULL, NULL, 1, 0, NULL, NULL, NULL),
(14, 1, 5185, 0, 8, NULL, NULL, NULL, NULL, NULL, 1, 0, NULL, NULL, NULL),
(14, 1, 5186, 1, 8, NULL, NULL, NULL, NULL, NULL, 1, 0, NULL, NULL, NULL),
(14, 1, 5187, 2, 8, NULL, NULL, NULL, NULL, NULL, 1, 0, NULL, NULL, NULL),
(14, 1, 5188, 3, 8, NULL, NULL, NULL, NULL, NULL, 1, 0, NULL, NULL, NULL),
(14, 1, 5189, 4, 8, NULL, NULL, NULL, NULL, NULL, 1, 0, NULL, NULL, NULL),
(14, 1, 5190, 5, 8, NULL, NULL, NULL, NULL, NULL, 0, 0, NULL, NULL, NULL),
(14, 1, 5191, 6, 8, NULL, NULL, NULL, NULL, NULL, 1, 0, NULL, NULL, NULL),
(14, 1, 5192, 7, 8, NULL, NULL, NULL, NULL, NULL, 1, 0, NULL, NULL, NULL),
(14, 1, 5193, 8, 8, NULL, NULL, NULL, NULL, NULL, 1, 0, NULL, NULL, NULL),
(14, 1, 5194, 9, 8, NULL, NULL, NULL, NULL, NULL, 1, 0, NULL, NULL, NULL),
(14, 1, 5195, 10, 8, NULL, NULL, NULL, NULL, NULL, 1, 0, NULL, NULL, NULL),
(14, 1, 5196, 11, 8, NULL, NULL, NULL, NULL, NULL, 1, 0, NULL, NULL, NULL),
(14, 1, 5197, 12, 8, NULL, NULL, NULL, NULL, NULL, 1, 0, NULL, NULL, NULL),
(14, 1, 5198, 13, 8, NULL, NULL, NULL, NULL, NULL, 1, 0, NULL, NULL, NULL),
(14, 1, 5199, 14, 8, NULL, NULL, NULL, NULL, NULL, 1, 0, NULL, NULL, NULL),
(14, 1, 5200, 15, 8, NULL, NULL, NULL, NULL, NULL, 1, 0, NULL, NULL, NULL),
(14, 1, 5201, 16, 8, NULL, NULL, NULL, NULL, NULL, 1, 0, NULL, NULL, NULL),
(14, 1, 5202, 17, 8, NULL, NULL, NULL, NULL, NULL, 0, 0, NULL, NULL, NULL),
(14, 1, 5203, 18, 8, NULL, NULL, NULL, NULL, NULL, 1, 0, NULL, NULL, NULL),
(14, 1, 5204, 19, 8, NULL, NULL, NULL, NULL, NULL, 1, 0, NULL, NULL, NULL),
(14, 1, 5205, 20, 8, NULL, NULL, NULL, NULL, NULL, 1, 0, NULL, NULL, NULL),
(14, 1, 5206, 21, 8, NULL, NULL, NULL, NULL, NULL, 1, 0, NULL, NULL, NULL),
(14, 1, 5207, 22, 8, NULL, NULL, NULL, NULL, NULL, 1, 0, NULL, NULL, NULL),
(14, 1, 5208, 23, 8, NULL, NULL, NULL, NULL, NULL, 1, 0, NULL, NULL, NULL),
(14, 1, 5209, 0, 9, NULL, NULL, NULL, NULL, NULL, 1, 0, NULL, NULL, NULL),
(14, 1, 5210, 1, 9, NULL, NULL, NULL, NULL, NULL, 1, 0, NULL, NULL, NULL),
(14, 1, 5211, 2, 9, NULL, NULL, NULL, NULL, NULL, 1, 0, NULL, NULL, NULL),
(14, 1, 5212, 3, 9, NULL, NULL, NULL, NULL, NULL, 1, 0, NULL, NULL, NULL),
(14, 1, 5213, 4, 9, NULL, NULL, NULL, NULL, NULL, 1, 0, NULL, NULL, NULL),
(14, 1, 5214, 5, 9, NULL, NULL, NULL, NULL, NULL, 0, 0, NULL, NULL, NULL),
(14, 1, 5215, 6, 9, NULL, NULL, NULL, NULL, NULL, 1, 0, NULL, NULL, NULL),
(14, 1, 5216, 7, 9, NULL, NULL, NULL, NULL, NULL, 1, 0, NULL, NULL, NULL),
(14, 1, 5217, 8, 9, NULL, NULL, NULL, NULL, NULL, 1, 0, NULL, NULL, NULL),
(14, 1, 5218, 9, 9, NULL, NULL, NULL, NULL, NULL, 1, 0, NULL, NULL, NULL),
(14, 1, 5219, 10, 9, NULL, NULL, NULL, NULL, NULL, 1, 0, NULL, NULL, NULL),
(14, 1, 5220, 11, 9, NULL, NULL, NULL, NULL, NULL, 1, 0, NULL, NULL, NULL),
(14, 1, 5221, 12, 9, NULL, NULL, NULL, NULL, NULL, 1, 0, NULL, NULL, NULL),
(14, 1, 5222, 13, 9, NULL, NULL, NULL, NULL, NULL, 1, 0, NULL, NULL, NULL),
(14, 1, 5223, 14, 9, NULL, NULL, NULL, NULL, NULL, 1, 0, NULL, NULL, NULL),
(14, 1, 5224, 15, 9, NULL, NULL, NULL, NULL, NULL, 1, 0, NULL, NULL, NULL),
(14, 1, 5225, 16, 9, NULL, NULL, NULL, NULL, NULL, 1, 0, NULL, NULL, NULL),
(14, 1, 5226, 17, 9, NULL, NULL, NULL, NULL, NULL, 0, 0, NULL, NULL, NULL),
(14, 1, 5227, 18, 9, NULL, NULL, NULL, NULL, NULL, 1, 0, NULL, NULL, NULL),
(14, 1, 5228, 19, 9, NULL, NULL, NULL, NULL, NULL, 1, 0, NULL, NULL, NULL),
(14, 1, 5229, 20, 9, NULL, NULL, NULL, NULL, NULL, 1, 0, NULL, NULL, NULL),
(14, 1, 5230, 21, 9, NULL, NULL, NULL, NULL, NULL, 1, 0, NULL, NULL, NULL),
(14, 1, 5231, 22, 9, NULL, NULL, NULL, NULL, NULL, 1, 0, NULL, NULL, NULL),
(14, 1, 5232, 23, 9, NULL, NULL, NULL, NULL, NULL, 1, 0, NULL, NULL, NULL),
(14, 1, 5233, 0, 10, NULL, NULL, NULL, NULL, NULL, 1, 0, NULL, NULL, NULL),
(14, 1, 5234, 1, 10, NULL, NULL, NULL, NULL, NULL, 1, 0, NULL, NULL, NULL),
(14, 1, 5235, 2, 10, NULL, NULL, NULL, NULL, NULL, 1, 0, NULL, NULL, NULL),
(14, 1, 5236, 3, 10, NULL, NULL, NULL, NULL, NULL, 1, 0, NULL, NULL, NULL),
(14, 1, 5237, 4, 10, NULL, NULL, NULL, NULL, NULL, 1, 0, NULL, NULL, NULL),
(14, 1, 5238, 5, 10, NULL, NULL, NULL, NULL, NULL, 0, 0, NULL, NULL, NULL),
(14, 1, 5239, 6, 10, NULL, NULL, NULL, NULL, NULL, 1, 0, NULL, NULL, NULL),
(14, 1, 5240, 7, 10, NULL, NULL, NULL, NULL, NULL, 0, 0, NULL, NULL, NULL),
(14, 1, 5241, 8, 10, NULL, NULL, NULL, NULL, NULL, 1, 0, NULL, NULL, NULL),
(14, 1, 5242, 9, 10, NULL, NULL, NULL, NULL, NULL, 1, 0, NULL, NULL, NULL),
(14, 1, 5243, 10, 10, NULL, NULL, NULL, NULL, NULL, 1, 0, NULL, NULL, NULL),
(14, 1, 5244, 11, 10, NULL, NULL, NULL, NULL, NULL, 1, 0, NULL, NULL, NULL),
(14, 1, 5245, 12, 10, NULL, NULL, NULL, NULL, NULL, 1, 0, NULL, NULL, NULL),
(14, 1, 5246, 13, 10, NULL, NULL, NULL, NULL, NULL, 1, 0, NULL, NULL, NULL),
(14, 1, 5247, 14, 10, NULL, NULL, NULL, NULL, NULL, 1, 0, NULL, NULL, NULL),
(14, 1, 5248, 15, 10, NULL, NULL, NULL, NULL, NULL, 1, 0, NULL, NULL, NULL),
(14, 1, 5249, 16, 10, NULL, NULL, NULL, NULL, NULL, 1, 0, NULL, NULL, NULL),
(14, 1, 5250, 17, 10, NULL, NULL, NULL, NULL, NULL, 0, 0, NULL, NULL, NULL),
(14, 1, 5251, 18, 10, NULL, NULL, NULL, NULL, NULL, 1, 0, NULL, NULL, NULL),
(14, 1, 5252, 19, 10, NULL, NULL, NULL, NULL, NULL, 1, 0, NULL, NULL, NULL),
(14, 1, 5253, 20, 10, NULL, NULL, NULL, NULL, NULL, 1, 0, NULL, NULL, NULL),
(14, 1, 5254, 21, 10, NULL, NULL, NULL, NULL, NULL, 1, 0, NULL, NULL, NULL),
(14, 1, 5255, 22, 10, NULL, NULL, NULL, NULL, NULL, 1, 0, NULL, NULL, NULL),
(14, 1, 5256, 23, 10, NULL, NULL, NULL, NULL, NULL, 1, 0, NULL, NULL, NULL),
(14, 1, 5257, 0, 11, NULL, NULL, NULL, NULL, NULL, 1, 0, NULL, NULL, NULL),
(14, 1, 5258, 1, 11, NULL, NULL, NULL, NULL, NULL, 1, 0, NULL, NULL, NULL),
(14, 1, 5259, 2, 11, NULL, NULL, NULL, NULL, NULL, 1, 0, NULL, NULL, NULL),
(14, 1, 5260, 3, 11, NULL, NULL, NULL, NULL, NULL, 1, 0, NULL, NULL, NULL),
(14, 1, 5261, 4, 11, NULL, NULL, NULL, NULL, NULL, 1, 0, NULL, NULL, NULL),
(14, 1, 5262, 5, 11, NULL, NULL, NULL, NULL, NULL, 0, 0, NULL, NULL, NULL),
(14, 1, 5263, 6, 11, NULL, NULL, NULL, NULL, NULL, 1, 0, NULL, NULL, NULL),
(14, 1, 5264, 7, 11, NULL, NULL, NULL, NULL, NULL, 1, 0, NULL, NULL, NULL),
(14, 1, 5265, 8, 11, NULL, NULL, NULL, NULL, NULL, 1, 0, NULL, NULL, NULL),
(14, 1, 5266, 9, 11, NULL, NULL, NULL, NULL, NULL, 1, 0, NULL, NULL, NULL),
(14, 1, 5267, 10, 11, NULL, NULL, NULL, NULL, NULL, 1, 0, NULL, NULL, NULL),
(14, 1, 5268, 11, 11, NULL, NULL, NULL, NULL, NULL, 1, 0, NULL, NULL, NULL),
(14, 1, 5269, 12, 11, NULL, NULL, NULL, NULL, NULL, 1, 0, NULL, NULL, NULL),
(14, 1, 5270, 13, 11, NULL, NULL, NULL, NULL, NULL, 1, 0, NULL, NULL, NULL),
(14, 1, 5271, 14, 11, NULL, NULL, NULL, NULL, NULL, 1, 0, NULL, NULL, NULL),
(14, 1, 5272, 15, 11, NULL, NULL, NULL, NULL, NULL, 1, 0, NULL, NULL, NULL),
(14, 1, 5273, 16, 11, NULL, NULL, NULL, NULL, NULL, 1, 0, NULL, NULL, NULL),
(14, 1, 5274, 17, 11, NULL, NULL, NULL, NULL, NULL, 0, 0, NULL, NULL, NULL),
(14, 1, 5275, 18, 11, NULL, NULL, NULL, NULL, NULL, 1, 0, NULL, NULL, NULL),
(14, 1, 5276, 19, 11, NULL, NULL, NULL, NULL, NULL, 1, 0, NULL, NULL, NULL),
(14, 1, 5277, 20, 11, NULL, NULL, NULL, NULL, NULL, 1, 0, NULL, NULL, NULL),
(14, 1, 5278, 21, 11, NULL, NULL, NULL, NULL, NULL, 1, 0, NULL, NULL, NULL),
(14, 1, 5279, 22, 11, NULL, NULL, NULL, NULL, NULL, 1, 0, NULL, NULL, NULL),
(14, 1, 5280, 23, 11, NULL, NULL, NULL, NULL, NULL, 1, 0, NULL, NULL, NULL),
(14, 1, 5281, 0, 12, NULL, NULL, NULL, NULL, NULL, 1, 0, NULL, NULL, NULL),
(14, 1, 5282, 1, 12, NULL, NULL, NULL, NULL, NULL, 1, 0, NULL, NULL, NULL),
(14, 1, 5283, 2, 12, NULL, NULL, NULL, NULL, NULL, 1, 0, NULL, NULL, NULL),
(14, 1, 5284, 3, 12, NULL, NULL, NULL, NULL, NULL, 1, 0, NULL, NULL, NULL),
(14, 1, 5285, 4, 12, NULL, NULL, NULL, NULL, NULL, 1, 0, NULL, NULL, NULL),
(14, 1, 5286, 5, 12, NULL, NULL, NULL, NULL, NULL, 0, 0, NULL, NULL, NULL),
(14, 1, 5287, 6, 12, NULL, NULL, NULL, NULL, NULL, 1, 0, NULL, NULL, NULL),
(14, 1, 5288, 7, 12, NULL, NULL, NULL, NULL, NULL, 1, 0, NULL, NULL, NULL),
(14, 1, 5289, 8, 12, NULL, NULL, NULL, NULL, NULL, 1, 0, NULL, NULL, NULL),
(14, 1, 5290, 9, 12, NULL, NULL, NULL, NULL, NULL, 1, 0, NULL, NULL, NULL),
(14, 1, 5291, 10, 12, NULL, NULL, NULL, NULL, NULL, 1, 0, NULL, NULL, NULL),
(14, 1, 5292, 11, 12, NULL, NULL, NULL, NULL, NULL, 1, 0, NULL, NULL, NULL),
(14, 1, 5293, 12, 12, NULL, NULL, NULL, NULL, NULL, 1, 0, NULL, NULL, NULL),
(14, 1, 5294, 13, 12, NULL, NULL, NULL, NULL, NULL, 1, 0, NULL, NULL, NULL),
(14, 1, 5295, 14, 12, NULL, NULL, NULL, NULL, NULL, 1, 0, NULL, NULL, NULL),
(14, 1, 5296, 15, 12, NULL, NULL, NULL, NULL, NULL, 1, 0, NULL, NULL, NULL),
(14, 1, 5297, 16, 12, NULL, NULL, NULL, NULL, NULL, 1, 0, NULL, NULL, NULL),
(14, 1, 5298, 17, 12, NULL, NULL, NULL, NULL, NULL, 0, 0, NULL, NULL, NULL),
(14, 1, 5299, 18, 12, NULL, NULL, NULL, NULL, NULL, 1, 0, NULL, NULL, NULL),
(14, 1, 5300, 19, 12, NULL, NULL, NULL, NULL, NULL, 1, 0, NULL, NULL, NULL),
(14, 1, 5301, 20, 12, NULL, NULL, NULL, NULL, NULL, 1, 0, NULL, NULL, NULL),
(14, 1, 5302, 21, 12, NULL, NULL, NULL, NULL, NULL, 1, 0, NULL, NULL, NULL),
(14, 1, 5303, 22, 12, NULL, NULL, NULL, NULL, NULL, 1, 0, NULL, NULL, NULL),
(14, 1, 5304, 23, 12, NULL, NULL, NULL, NULL, NULL, 1, 0, NULL, NULL, NULL),
(14, 1, 5305, 0, 13, NULL, NULL, NULL, NULL, NULL, 1, 0, NULL, NULL, NULL),
(14, 1, 5306, 1, 13, NULL, NULL, NULL, NULL, NULL, 1, 0, NULL, NULL, NULL),
(14, 1, 5307, 2, 13, NULL, NULL, NULL, NULL, NULL, 1, 0, NULL, NULL, NULL),
(14, 1, 5308, 3, 13, NULL, NULL, NULL, NULL, NULL, 1, 0, NULL, NULL, NULL),
(14, 1, 5309, 4, 13, NULL, NULL, NULL, NULL, NULL, 1, 0, NULL, NULL, NULL),
(14, 1, 5310, 5, 13, NULL, NULL, NULL, NULL, NULL, 0, 0, NULL, NULL, NULL),
(14, 1, 5311, 6, 13, NULL, NULL, NULL, NULL, NULL, 1, 0, NULL, NULL, NULL),
(14, 1, 5312, 7, 13, NULL, NULL, NULL, NULL, NULL, 1, 0, NULL, NULL, NULL),
(14, 1, 5313, 8, 13, NULL, NULL, NULL, NULL, NULL, 1, 0, NULL, NULL, NULL),
(14, 1, 5314, 9, 13, NULL, NULL, NULL, NULL, NULL, 1, 0, NULL, NULL, NULL),
(14, 1, 5315, 10, 13, NULL, NULL, NULL, NULL, NULL, 1, 0, NULL, NULL, NULL),
(14, 1, 5316, 11, 13, NULL, NULL, NULL, NULL, NULL, 1, 0, NULL, NULL, NULL),
(14, 1, 5317, 12, 13, NULL, NULL, NULL, NULL, NULL, 1, 0, NULL, NULL, NULL),
(14, 1, 5318, 13, 13, NULL, NULL, NULL, NULL, NULL, 1, 0, NULL, NULL, NULL),
(14, 1, 5319, 14, 13, NULL, NULL, NULL, NULL, NULL, 1, 0, NULL, NULL, NULL),
(14, 1, 5320, 15, 13, NULL, NULL, NULL, NULL, NULL, 1, 0, NULL, NULL, NULL),
(14, 1, 5321, 16, 13, NULL, NULL, NULL, NULL, NULL, 1, 0, NULL, NULL, NULL),
(14, 1, 5322, 17, 13, NULL, NULL, NULL, NULL, NULL, 0, 0, NULL, NULL, NULL),
(14, 1, 5323, 18, 13, NULL, NULL, NULL, NULL, NULL, 1, 0, NULL, NULL, NULL),
(14, 1, 5324, 19, 13, NULL, NULL, NULL, NULL, NULL, 1, 0, NULL, NULL, NULL),
(14, 1, 5325, 20, 13, NULL, NULL, NULL, NULL, NULL, 1, 0, NULL, NULL, NULL),
(14, 1, 5326, 21, 13, NULL, NULL, NULL, NULL, NULL, 1, 0, NULL, NULL, NULL),
(14, 1, 5327, 22, 13, NULL, NULL, NULL, NULL, NULL, 1, 0, NULL, NULL, NULL),
(14, 1, 5328, 23, 13, NULL, NULL, NULL, NULL, NULL, 1, 0, NULL, NULL, NULL),
(14, 1, 5329, 0, 14, NULL, NULL, NULL, NULL, NULL, 1, 0, NULL, NULL, NULL),
(14, 1, 5330, 1, 14, NULL, NULL, NULL, NULL, NULL, 1, 0, NULL, NULL, NULL),
(14, 1, 5331, 2, 14, NULL, NULL, NULL, NULL, NULL, 1, 0, NULL, NULL, NULL),
(14, 1, 5332, 3, 14, NULL, NULL, NULL, NULL, NULL, 1, 0, NULL, NULL, NULL),
(14, 1, 5333, 4, 14, NULL, NULL, NULL, NULL, NULL, 1, 0, NULL, NULL, NULL),
(14, 1, 5334, 5, 14, NULL, NULL, NULL, NULL, NULL, 0, 0, NULL, NULL, NULL),
(14, 1, 5335, 6, 14, NULL, NULL, NULL, NULL, NULL, 1, 0, NULL, NULL, NULL),
(14, 1, 5336, 7, 14, NULL, NULL, NULL, NULL, NULL, 1, 0, NULL, NULL, NULL),
(14, 1, 5337, 8, 14, NULL, NULL, NULL, NULL, NULL, 1, 0, NULL, NULL, NULL),
(14, 1, 5338, 9, 14, NULL, NULL, NULL, NULL, NULL, 1, 0, NULL, NULL, NULL),
(14, 1, 5339, 10, 14, NULL, NULL, NULL, NULL, NULL, 1, 0, NULL, NULL, NULL),
(14, 1, 5340, 11, 14, NULL, NULL, NULL, NULL, NULL, 1, 0, NULL, NULL, NULL),
(14, 1, 5341, 12, 14, NULL, NULL, NULL, NULL, NULL, 1, 0, NULL, NULL, NULL),
(14, 1, 5342, 13, 14, NULL, NULL, NULL, NULL, NULL, 1, 0, NULL, NULL, NULL),
(14, 1, 5343, 14, 14, NULL, NULL, NULL, NULL, NULL, 1, 0, NULL, NULL, NULL),
(14, 1, 5344, 15, 14, NULL, NULL, NULL, NULL, NULL, 1, 0, NULL, NULL, NULL),
(14, 1, 5345, 16, 14, NULL, NULL, NULL, NULL, NULL, 1, 0, NULL, NULL, NULL),
(14, 1, 5346, 17, 14, NULL, NULL, NULL, NULL, NULL, 0, 0, NULL, NULL, NULL),
(14, 1, 5347, 18, 14, NULL, NULL, NULL, NULL, NULL, 1, 0, NULL, NULL, NULL),
(14, 1, 5348, 19, 14, NULL, NULL, NULL, NULL, NULL, 1, 0, NULL, NULL, NULL),
(14, 1, 5349, 20, 14, NULL, NULL, NULL, NULL, NULL, 1, 0, NULL, NULL, NULL),
(14, 1, 5350, 21, 14, NULL, NULL, NULL, NULL, NULL, 1, 0, NULL, NULL, NULL),
(14, 1, 5351, 22, 14, NULL, NULL, NULL, NULL, NULL, 1, 0, NULL, NULL, NULL),
(14, 1, 5352, 23, 14, NULL, NULL, NULL, NULL, NULL, 1, 0, NULL, NULL, NULL),
(14, 1, 5353, 0, 15, NULL, NULL, NULL, NULL, NULL, 1, 0, NULL, NULL, NULL),
(14, 1, 5354, 1, 15, NULL, NULL, NULL, NULL, NULL, 1, 0, NULL, NULL, NULL),
(14, 1, 5355, 2, 15, NULL, NULL, NULL, NULL, NULL, 1, 0, NULL, NULL, NULL),
(14, 1, 5356, 3, 15, NULL, NULL, NULL, NULL, NULL, 1, 0, NULL, NULL, NULL),
(14, 1, 5357, 4, 15, NULL, NULL, NULL, NULL, NULL, 1, 0, NULL, NULL, NULL),
(14, 1, 5358, 5, 15, NULL, NULL, NULL, NULL, NULL, 0, 0, NULL, NULL, NULL),
(14, 1, 5359, 6, 15, NULL, NULL, NULL, NULL, NULL, 1, 0, NULL, NULL, NULL),
(14, 1, 5360, 7, 15, NULL, NULL, NULL, NULL, NULL, 1, 0, NULL, NULL, NULL),
(14, 1, 5361, 8, 15, NULL, NULL, NULL, NULL, NULL, 1, 0, NULL, NULL, NULL),
(14, 1, 5362, 9, 15, NULL, NULL, NULL, NULL, NULL, 1, 0, NULL, NULL, NULL),
(14, 1, 5363, 10, 15, NULL, NULL, NULL, NULL, NULL, 1, 0, NULL, NULL, NULL),
(14, 1, 5364, 11, 15, NULL, NULL, 4, NULL, 1220, 0, 1, NULL, NULL, 1),
(14, 1, 5365, 12, 15, NULL, NULL, NULL, NULL, NULL, 1, 0, NULL, NULL, NULL),
(14, 1, 5366, 13, 15, NULL, NULL, NULL, NULL, NULL, 1, 0, NULL, NULL, NULL),
(14, 1, 5367, 14, 15, NULL, NULL, NULL, NULL, NULL, 1, 0, NULL, NULL, NULL),
(14, 1, 5368, 15, 15, NULL, NULL, NULL, NULL, NULL, 1, 0, NULL, NULL, NULL),
(14, 1, 5369, 16, 15, NULL, NULL, NULL, NULL, NULL, 1, 0, NULL, NULL, NULL),
(14, 1, 5370, 17, 15, NULL, NULL, NULL, NULL, NULL, 0, 0, NULL, NULL, NULL),
(14, 1, 5371, 18, 15, NULL, NULL, NULL, NULL, NULL, 1, 0, NULL, NULL, NULL),
(14, 1, 5372, 19, 15, NULL, NULL, NULL, NULL, NULL, 1, 0, NULL, NULL, NULL),
(14, 1, 5373, 20, 15, NULL, NULL, NULL, NULL, NULL, 1, 0, NULL, NULL, NULL),
(14, 1, 5374, 21, 15, NULL, NULL, NULL, NULL, NULL, 1, 0, NULL, NULL, NULL),
(14, 1, 5375, 22, 15, NULL, NULL, NULL, NULL, NULL, 1, 0, NULL, NULL, NULL),
(14, 1, 5376, 23, 15, NULL, NULL, NULL, NULL, NULL, 1, 0, NULL, NULL, NULL),
(15, 1, 5377, 0, 0, NULL, NULL, NULL, NULL, NULL, 1, 0, NULL, NULL, NULL),
(15, 1, 5378, 1, 0, NULL, NULL, NULL, NULL, NULL, 1, 0, NULL, NULL, NULL),
(15, 1, 5379, 2, 0, NULL, NULL, NULL, NULL, NULL, 1, 0, NULL, NULL, NULL),
(15, 1, 5380, 3, 0, NULL, NULL, NULL, NULL, NULL, 1, 0, NULL, NULL, NULL),
(15, 1, 5381, 4, 0, NULL, NULL, NULL, NULL, NULL, 1, 0, NULL, NULL, NULL),
(15, 1, 5382, 5, 0, NULL, NULL, NULL, NULL, NULL, 1, 0, NULL, NULL, NULL),
(15, 1, 5383, 6, 0, NULL, NULL, NULL, NULL, NULL, 1, 0, NULL, NULL, NULL),
(15, 1, 5384, 7, 0, NULL, NULL, NULL, NULL, NULL, 1, 0, NULL, NULL, NULL),
(15, 1, 5385, 8, 0, NULL, NULL, NULL, NULL, NULL, 1, 0, NULL, NULL, NULL),
(15, 1, 5386, 9, 0, NULL, NULL, NULL, NULL, NULL, 0, 0, NULL, NULL, NULL),
(15, 1, 5387, 10, 0, NULL, NULL, NULL, NULL, NULL, 1, 0, NULL, NULL, NULL),
(15, 1, 5388, 11, 0, NULL, NULL, 6, NULL, 1980, 0, 1, NULL, NULL, 1),
(15, 1, 5389, 12, 0, NULL, NULL, NULL, NULL, NULL, 1, 0, NULL, NULL, NULL),
(15, 1, 5390, 13, 0, NULL, NULL, NULL, NULL, NULL, 0, 0, NULL, NULL, NULL),
(15, 1, 5391, 14, 0, NULL, NULL, NULL, NULL, NULL, 1, 0, NULL, NULL, NULL),
(15, 1, 5392, 15, 0, NULL, NULL, NULL, NULL, NULL, 1, 0, NULL, NULL, NULL),
(15, 1, 5393, 16, 0, NULL, NULL, NULL, NULL, NULL, 1, 0, NULL, NULL, NULL),
(15, 1, 5394, 17, 0, NULL, NULL, NULL, NULL, NULL, 1, 0, NULL, NULL, NULL),
(15, 1, 5395, 18, 0, NULL, NULL, NULL, NULL, NULL, 1, 0, NULL, NULL, NULL),
(15, 1, 5396, 19, 0, NULL, NULL, NULL, NULL, NULL, 1, 0, NULL, NULL, NULL),
(15, 1, 5397, 20, 0, NULL, NULL, NULL, NULL, NULL, 1, 0, NULL, NULL, NULL),
(15, 1, 5398, 21, 0, NULL, NULL, NULL, NULL, NULL, 1, 0, NULL, NULL, NULL),
(15, 1, 5399, 22, 0, NULL, NULL, NULL, NULL, NULL, 1, 0, NULL, NULL, NULL),
(15, 1, 5400, 23, 0, NULL, NULL, NULL, NULL, NULL, 1, 0, NULL, NULL, NULL),
(15, 1, 5401, 0, 1, NULL, NULL, NULL, NULL, NULL, 1, 0, NULL, NULL, NULL),
(15, 1, 5402, 1, 1, NULL, NULL, NULL, NULL, NULL, 1, 0, NULL, NULL, NULL),
(15, 1, 5403, 2, 1, NULL, NULL, NULL, NULL, NULL, 1, 0, NULL, NULL, NULL),
(15, 1, 5404, 3, 1, NULL, NULL, NULL, NULL, NULL, 1, 0, NULL, NULL, NULL),
(15, 1, 5405, 4, 1, NULL, NULL, NULL, NULL, NULL, 1, 0, NULL, NULL, NULL),
(15, 1, 5406, 5, 1, NULL, NULL, NULL, NULL, NULL, 1, 0, NULL, NULL, NULL),
(15, 1, 5407, 6, 1, NULL, NULL, NULL, NULL, NULL, 1, 0, NULL, NULL, NULL),
(15, 1, 5408, 7, 1, NULL, NULL, NULL, NULL, NULL, 1, 0, NULL, NULL, NULL),
(15, 1, 5409, 8, 1, NULL, NULL, NULL, NULL, NULL, 1, 0, NULL, NULL, NULL),
(15, 1, 5410, 9, 1, NULL, NULL, NULL, NULL, NULL, 0, 0, NULL, NULL, NULL),
(15, 1, 5411, 10, 1, NULL, NULL, NULL, NULL, NULL, 1, 0, NULL, NULL, NULL),
(15, 1, 5412, 11, 1, NULL, NULL, NULL, NULL, NULL, 1, 0, NULL, NULL, NULL),
(15, 1, 5413, 12, 1, NULL, NULL, NULL, NULL, NULL, 1, 0, NULL, NULL, NULL),
(15, 1, 5414, 13, 1, NULL, NULL, NULL, NULL, NULL, 0, 0, NULL, NULL, NULL),
(15, 1, 5415, 14, 1, NULL, NULL, NULL, NULL, NULL, 1, 0, NULL, NULL, NULL),
(15, 1, 5416, 15, 1, NULL, NULL, NULL, NULL, NULL, 1, 0, NULL, NULL, NULL),
(15, 1, 5417, 16, 1, NULL, NULL, NULL, NULL, NULL, 1, 0, NULL, NULL, NULL),
(15, 1, 5418, 17, 1, NULL, NULL, NULL, NULL, NULL, 1, 0, NULL, NULL, NULL),
(15, 1, 5419, 18, 1, NULL, NULL, NULL, NULL, NULL, 1, 0, NULL, NULL, NULL),
(15, 1, 5420, 19, 1, NULL, NULL, NULL, NULL, NULL, 1, 0, NULL, NULL, NULL),
(15, 1, 5421, 20, 1, NULL, NULL, NULL, NULL, NULL, 1, 0, NULL, NULL, NULL),
(15, 1, 5422, 21, 1, NULL, NULL, NULL, NULL, NULL, 1, 0, NULL, NULL, NULL),
(15, 1, 5423, 22, 1, NULL, NULL, NULL, NULL, NULL, 1, 0, NULL, NULL, NULL),
(15, 1, 5424, 23, 1, NULL, NULL, NULL, NULL, NULL, 1, 0, NULL, NULL, NULL),
(15, 1, 5425, 0, 2, NULL, NULL, NULL, NULL, NULL, 1, 0, NULL, NULL, NULL),
(15, 1, 5426, 1, 2, NULL, NULL, NULL, NULL, NULL, 1, 0, NULL, NULL, NULL),
(15, 1, 5427, 2, 2, NULL, NULL, NULL, NULL, NULL, 1, 0, NULL, NULL, NULL),
(15, 1, 5428, 3, 2, NULL, NULL, NULL, NULL, NULL, 1, 0, NULL, NULL, NULL),
(15, 1, 5429, 4, 2, NULL, NULL, NULL, NULL, NULL, 1, 0, NULL, NULL, NULL),
(15, 1, 5430, 5, 2, NULL, NULL, NULL, NULL, NULL, 1, 0, NULL, NULL, NULL),
(15, 1, 5431, 6, 2, NULL, NULL, NULL, NULL, NULL, 1, 0, NULL, NULL, NULL),
(15, 1, 5432, 7, 2, NULL, NULL, NULL, NULL, NULL, 1, 0, NULL, NULL, NULL),
(15, 1, 5433, 8, 2, NULL, NULL, NULL, NULL, NULL, 1, 0, NULL, NULL, NULL),
(15, 1, 5434, 9, 2, NULL, NULL, NULL, NULL, NULL, 0, 0, NULL, NULL, NULL),
(15, 1, 5435, 10, 2, NULL, NULL, NULL, NULL, NULL, 1, 0, NULL, NULL, NULL),
(15, 1, 5436, 11, 2, NULL, NULL, NULL, NULL, NULL, 1, 0, NULL, NULL, NULL),
(15, 1, 5437, 12, 2, NULL, NULL, NULL, NULL, NULL, 1, 0, NULL, NULL, NULL),
(15, 1, 5438, 13, 2, NULL, NULL, NULL, NULL, NULL, 0, 0, NULL, NULL, NULL),
(15, 1, 5439, 14, 2, NULL, NULL, NULL, NULL, NULL, 1, 0, NULL, NULL, NULL),
(15, 1, 5440, 15, 2, NULL, NULL, NULL, NULL, NULL, 1, 0, NULL, NULL, NULL),
(15, 1, 5441, 16, 2, NULL, NULL, NULL, NULL, NULL, 1, 0, NULL, NULL, NULL),
(15, 1, 5442, 17, 2, NULL, NULL, NULL, NULL, NULL, 1, 0, NULL, NULL, NULL),
(15, 1, 5443, 18, 2, NULL, NULL, NULL, NULL, NULL, 1, 0, NULL, NULL, NULL),
(15, 1, 5444, 19, 2, NULL, NULL, NULL, NULL, NULL, 1, 0, NULL, NULL, NULL),
(15, 1, 5445, 20, 2, NULL, NULL, NULL, NULL, NULL, 1, 0, NULL, NULL, NULL),
(15, 1, 5446, 21, 2, NULL, NULL, NULL, NULL, NULL, 1, 0, NULL, NULL, NULL);
INSERT INTO `carte_carreau` (`carte_id`, `carreau_id`, `id`, `abscisse`, `ordonnee`, `joueur_id`, `monstre_carreau_id`, `target_map_id`, `pnj_id`, `target_wrap`, `is_usable`, `is_wrap`, `action_id`, `boss_id`, `wrap_id`) VALUES
(15, 1, 5447, 22, 2, NULL, NULL, NULL, NULL, NULL, 1, 0, NULL, NULL, NULL),
(15, 1, 5448, 23, 2, NULL, NULL, NULL, NULL, NULL, 1, 0, NULL, NULL, NULL),
(15, 1, 5449, 0, 3, NULL, NULL, NULL, NULL, NULL, 1, 0, NULL, NULL, NULL),
(15, 1, 5450, 1, 3, NULL, NULL, NULL, NULL, NULL, 1, 0, NULL, NULL, NULL),
(15, 1, 5451, 2, 3, NULL, NULL, NULL, NULL, NULL, 1, 0, NULL, NULL, NULL),
(15, 1, 5452, 3, 3, NULL, NULL, NULL, NULL, NULL, 1, 0, NULL, NULL, NULL),
(15, 1, 5453, 4, 3, NULL, NULL, NULL, NULL, NULL, 1, 0, NULL, NULL, NULL),
(15, 1, 5454, 5, 3, NULL, NULL, NULL, NULL, NULL, 1, 0, NULL, NULL, NULL),
(15, 1, 5455, 6, 3, NULL, NULL, NULL, NULL, NULL, 0, 0, NULL, NULL, NULL),
(15, 1, 5456, 7, 3, NULL, NULL, NULL, NULL, NULL, 0, 0, NULL, NULL, NULL),
(15, 1, 5457, 8, 3, NULL, NULL, NULL, NULL, NULL, 0, 0, NULL, NULL, NULL),
(15, 1, 5458, 9, 3, NULL, NULL, NULL, NULL, NULL, 0, 0, NULL, NULL, NULL),
(15, 1, 5459, 10, 3, NULL, NULL, NULL, NULL, NULL, 1, 0, NULL, NULL, NULL),
(15, 1, 5460, 11, 3, NULL, NULL, NULL, NULL, NULL, 1, 0, NULL, NULL, NULL),
(15, 1, 5461, 12, 3, NULL, NULL, NULL, NULL, NULL, 1, 0, NULL, NULL, NULL),
(15, 1, 5462, 13, 3, NULL, NULL, NULL, NULL, NULL, 0, 0, NULL, NULL, NULL),
(15, 1, 5463, 14, 3, NULL, NULL, NULL, NULL, NULL, 0, 0, NULL, NULL, NULL),
(15, 1, 5464, 15, 3, NULL, NULL, NULL, NULL, NULL, 0, 0, NULL, NULL, NULL),
(15, 1, 5465, 16, 3, NULL, NULL, NULL, NULL, NULL, 0, 0, NULL, NULL, NULL),
(15, 1, 5466, 17, 3, NULL, NULL, NULL, NULL, NULL, 1, 0, NULL, NULL, NULL),
(15, 1, 5467, 18, 3, NULL, NULL, NULL, NULL, NULL, 1, 0, NULL, NULL, NULL),
(15, 1, 5468, 19, 3, NULL, NULL, NULL, NULL, NULL, 1, 0, NULL, NULL, NULL),
(15, 1, 5469, 20, 3, NULL, NULL, NULL, NULL, NULL, 1, 0, NULL, NULL, NULL),
(15, 1, 5470, 21, 3, NULL, NULL, NULL, NULL, NULL, 1, 0, NULL, NULL, NULL),
(15, 1, 5471, 22, 3, NULL, NULL, NULL, NULL, NULL, 1, 0, NULL, NULL, NULL),
(15, 1, 5472, 23, 3, NULL, NULL, NULL, NULL, NULL, 1, 0, NULL, NULL, NULL),
(15, 1, 5473, 0, 4, NULL, NULL, NULL, NULL, NULL, 1, 0, NULL, NULL, NULL),
(15, 1, 5474, 1, 4, NULL, NULL, NULL, NULL, NULL, 1, 0, NULL, NULL, NULL),
(15, 1, 5475, 2, 4, NULL, NULL, NULL, NULL, NULL, 1, 0, NULL, NULL, NULL),
(15, 1, 5476, 3, 4, NULL, NULL, NULL, NULL, NULL, 1, 0, NULL, NULL, NULL),
(15, 1, 5477, 4, 4, NULL, NULL, NULL, NULL, NULL, 1, 0, NULL, NULL, NULL),
(15, 1, 5478, 5, 4, NULL, NULL, NULL, NULL, NULL, 1, 0, NULL, NULL, NULL),
(15, 1, 5479, 6, 4, NULL, NULL, NULL, NULL, NULL, 0, 0, NULL, NULL, NULL),
(15, 1, 5480, 7, 4, NULL, NULL, NULL, NULL, NULL, 1, 0, NULL, NULL, NULL),
(15, 1, 5481, 8, 4, NULL, NULL, NULL, NULL, NULL, 1, 0, NULL, NULL, NULL),
(15, 1, 5482, 9, 4, NULL, NULL, NULL, NULL, NULL, 1, 0, NULL, NULL, NULL),
(15, 1, 5483, 10, 4, NULL, NULL, NULL, NULL, NULL, 1, 0, NULL, NULL, NULL),
(15, 1, 5484, 11, 4, NULL, NULL, NULL, NULL, NULL, 0, 0, 7, NULL, NULL),
(15, 1, 5485, 12, 4, NULL, NULL, NULL, NULL, NULL, 1, 0, NULL, NULL, NULL),
(15, 1, 5486, 13, 4, NULL, NULL, NULL, NULL, NULL, 1, 0, NULL, NULL, NULL),
(15, 1, 5487, 14, 4, NULL, NULL, NULL, NULL, NULL, 1, 0, NULL, NULL, NULL),
(15, 1, 5488, 15, 4, NULL, NULL, NULL, NULL, NULL, 1, 0, NULL, NULL, NULL),
(15, 1, 5489, 16, 4, NULL, NULL, NULL, NULL, NULL, 0, 0, NULL, NULL, NULL),
(15, 1, 5490, 17, 4, NULL, NULL, NULL, NULL, NULL, 1, 0, NULL, NULL, NULL),
(15, 1, 5491, 18, 4, NULL, NULL, NULL, NULL, NULL, 1, 0, NULL, NULL, NULL),
(15, 1, 5492, 19, 4, NULL, NULL, NULL, NULL, NULL, 1, 0, NULL, NULL, NULL),
(15, 1, 5493, 20, 4, NULL, NULL, NULL, NULL, NULL, 1, 0, NULL, NULL, NULL),
(15, 1, 5494, 21, 4, NULL, NULL, NULL, NULL, NULL, 1, 0, NULL, NULL, NULL),
(15, 1, 5495, 22, 4, NULL, NULL, NULL, NULL, NULL, 1, 0, NULL, NULL, NULL),
(15, 1, 5496, 23, 4, NULL, NULL, NULL, NULL, NULL, 1, 0, NULL, NULL, NULL),
(15, 1, 5497, 0, 5, NULL, NULL, NULL, NULL, NULL, 1, 0, NULL, NULL, NULL),
(15, 1, 5498, 1, 5, NULL, NULL, NULL, NULL, NULL, 1, 0, NULL, NULL, NULL),
(15, 1, 5499, 2, 5, NULL, NULL, NULL, NULL, NULL, 1, 0, NULL, NULL, NULL),
(15, 1, 5500, 3, 5, NULL, NULL, NULL, NULL, NULL, 1, 0, NULL, NULL, NULL),
(15, 1, 5501, 4, 5, NULL, NULL, NULL, NULL, NULL, 1, 0, NULL, NULL, NULL),
(15, 1, 5502, 5, 5, NULL, NULL, NULL, NULL, NULL, 1, 0, NULL, NULL, NULL),
(15, 1, 5503, 6, 5, NULL, NULL, NULL, NULL, NULL, 0, 0, NULL, NULL, NULL),
(15, 1, 5504, 7, 5, NULL, NULL, NULL, NULL, NULL, 1, 0, NULL, NULL, NULL),
(15, 1, 5505, 8, 5, NULL, NULL, NULL, NULL, NULL, 1, 0, NULL, NULL, NULL),
(15, 1, 5506, 9, 5, NULL, NULL, NULL, NULL, NULL, 1, 0, NULL, NULL, NULL),
(15, 1, 5507, 10, 5, NULL, NULL, NULL, NULL, NULL, 1, 0, NULL, NULL, NULL),
(15, 1, 5508, 11, 5, NULL, NULL, NULL, NULL, NULL, 1, 0, NULL, NULL, NULL),
(15, 1, 5509, 12, 5, NULL, NULL, NULL, NULL, NULL, 1, 0, NULL, NULL, NULL),
(15, 1, 5510, 13, 5, NULL, NULL, NULL, NULL, NULL, 1, 0, NULL, NULL, NULL),
(15, 1, 5511, 14, 5, NULL, NULL, NULL, NULL, NULL, 1, 0, NULL, NULL, NULL),
(15, 1, 5512, 15, 5, NULL, NULL, NULL, NULL, NULL, 1, 0, NULL, NULL, NULL),
(15, 1, 5513, 16, 5, NULL, NULL, NULL, NULL, NULL, 0, 0, NULL, NULL, NULL),
(15, 1, 5514, 17, 5, NULL, NULL, NULL, NULL, NULL, 1, 0, NULL, NULL, NULL),
(15, 1, 5515, 18, 5, NULL, NULL, NULL, NULL, NULL, 1, 0, NULL, NULL, NULL),
(15, 1, 5516, 19, 5, NULL, NULL, NULL, NULL, NULL, 1, 0, NULL, NULL, NULL),
(15, 1, 5517, 20, 5, NULL, NULL, NULL, NULL, NULL, 1, 0, NULL, NULL, NULL),
(15, 1, 5518, 21, 5, NULL, NULL, NULL, NULL, NULL, 1, 0, NULL, NULL, NULL),
(15, 1, 5519, 22, 5, NULL, NULL, NULL, NULL, NULL, 1, 0, NULL, NULL, NULL),
(15, 1, 5520, 23, 5, NULL, NULL, NULL, NULL, NULL, 1, 0, NULL, NULL, NULL),
(15, 1, 5521, 0, 6, NULL, NULL, NULL, NULL, NULL, 1, 0, NULL, NULL, NULL),
(15, 1, 5522, 1, 6, NULL, NULL, NULL, NULL, NULL, 1, 0, NULL, NULL, NULL),
(15, 1, 5523, 2, 6, NULL, NULL, NULL, NULL, NULL, 1, 0, NULL, NULL, NULL),
(15, 1, 5524, 3, 6, NULL, NULL, NULL, NULL, NULL, 1, 0, NULL, NULL, NULL),
(15, 1, 5525, 4, 6, NULL, NULL, NULL, NULL, NULL, 1, 0, NULL, NULL, NULL),
(15, 1, 5526, 5, 6, NULL, NULL, NULL, NULL, NULL, 1, 0, NULL, NULL, NULL),
(15, 1, 5527, 6, 6, NULL, NULL, NULL, NULL, NULL, 0, 0, NULL, NULL, NULL),
(15, 1, 5528, 7, 6, NULL, NULL, NULL, NULL, NULL, 1, 0, NULL, NULL, NULL),
(15, 1, 5529, 8, 6, NULL, NULL, NULL, NULL, NULL, 1, 0, NULL, NULL, NULL),
(15, 1, 5530, 9, 6, NULL, NULL, NULL, NULL, NULL, 1, 0, NULL, NULL, NULL),
(15, 1, 5531, 10, 6, NULL, NULL, NULL, NULL, NULL, 1, 0, NULL, NULL, NULL),
(15, 1, 5532, 11, 6, NULL, NULL, NULL, NULL, NULL, 1, 0, NULL, NULL, NULL),
(15, 1, 5533, 12, 6, NULL, NULL, NULL, NULL, NULL, 1, 0, NULL, NULL, NULL),
(15, 1, 5534, 13, 6, NULL, NULL, NULL, NULL, NULL, 1, 0, NULL, NULL, NULL),
(15, 1, 5535, 14, 6, NULL, NULL, NULL, NULL, NULL, 1, 0, NULL, NULL, NULL),
(15, 1, 5536, 15, 6, NULL, NULL, NULL, NULL, NULL, 1, 0, NULL, NULL, NULL),
(15, 1, 5537, 16, 6, NULL, NULL, NULL, NULL, NULL, 0, 0, NULL, NULL, NULL),
(15, 1, 5538, 17, 6, NULL, NULL, NULL, NULL, NULL, 1, 0, NULL, NULL, NULL),
(15, 1, 5539, 18, 6, NULL, NULL, NULL, NULL, NULL, 1, 0, NULL, NULL, NULL),
(15, 1, 5540, 19, 6, NULL, NULL, NULL, NULL, NULL, 1, 0, NULL, NULL, NULL),
(15, 1, 5541, 20, 6, NULL, NULL, NULL, NULL, NULL, 1, 0, NULL, NULL, NULL),
(15, 1, 5542, 21, 6, NULL, NULL, NULL, NULL, NULL, 1, 0, NULL, NULL, NULL),
(15, 1, 5543, 22, 6, NULL, NULL, NULL, NULL, NULL, 1, 0, NULL, NULL, NULL),
(15, 1, 5544, 23, 6, NULL, NULL, NULL, NULL, NULL, 1, 0, NULL, NULL, NULL),
(15, 1, 5545, 0, 7, NULL, NULL, NULL, NULL, NULL, 1, 0, NULL, NULL, NULL),
(15, 1, 5546, 1, 7, NULL, NULL, NULL, NULL, NULL, 1, 0, NULL, NULL, NULL),
(15, 1, 5547, 2, 7, NULL, NULL, NULL, NULL, NULL, 1, 0, NULL, NULL, NULL),
(15, 1, 5548, 3, 7, NULL, NULL, NULL, NULL, NULL, 1, 0, NULL, NULL, NULL),
(15, 1, 5549, 4, 7, NULL, NULL, NULL, NULL, NULL, 1, 0, NULL, NULL, NULL),
(15, 1, 5550, 5, 7, NULL, NULL, NULL, NULL, NULL, 1, 0, NULL, NULL, NULL),
(15, 1, 5551, 6, 7, NULL, NULL, NULL, NULL, NULL, 0, 0, NULL, NULL, NULL),
(15, 1, 5552, 7, 7, NULL, NULL, NULL, NULL, NULL, 1, 0, NULL, NULL, NULL),
(15, 1, 5553, 8, 7, NULL, NULL, NULL, NULL, NULL, 1, 0, NULL, NULL, NULL),
(15, 1, 5554, 9, 7, NULL, NULL, NULL, NULL, NULL, 1, 0, NULL, NULL, NULL),
(15, 1, 5555, 10, 7, NULL, NULL, NULL, NULL, NULL, 1, 0, NULL, NULL, NULL),
(15, 1, 5556, 11, 7, NULL, NULL, NULL, NULL, NULL, 1, 0, NULL, NULL, NULL),
(15, 1, 5557, 12, 7, NULL, NULL, NULL, NULL, NULL, 1, 0, NULL, NULL, NULL),
(15, 1, 5558, 13, 7, NULL, NULL, NULL, NULL, NULL, 1, 0, NULL, NULL, NULL),
(15, 1, 5559, 14, 7, NULL, NULL, NULL, NULL, NULL, 1, 0, NULL, NULL, NULL),
(15, 1, 5560, 15, 7, NULL, NULL, NULL, NULL, NULL, 1, 0, NULL, NULL, NULL),
(15, 1, 5561, 16, 7, NULL, NULL, NULL, NULL, NULL, 0, 0, NULL, NULL, NULL),
(15, 1, 5562, 17, 7, NULL, NULL, NULL, NULL, NULL, 1, 0, NULL, NULL, NULL),
(15, 1, 5563, 18, 7, NULL, NULL, NULL, NULL, NULL, 1, 0, NULL, NULL, NULL),
(15, 1, 5564, 19, 7, NULL, NULL, NULL, NULL, NULL, 1, 0, NULL, NULL, NULL),
(15, 1, 5565, 20, 7, NULL, NULL, NULL, NULL, NULL, 1, 0, NULL, NULL, NULL),
(15, 1, 5566, 21, 7, NULL, NULL, NULL, NULL, NULL, 1, 0, NULL, NULL, NULL),
(15, 1, 5567, 22, 7, NULL, NULL, NULL, NULL, NULL, 1, 0, NULL, NULL, NULL),
(15, 1, 5568, 23, 7, NULL, NULL, NULL, NULL, NULL, 1, 0, NULL, NULL, NULL),
(15, 1, 5569, 0, 8, NULL, NULL, NULL, NULL, NULL, 1, 0, NULL, NULL, NULL),
(15, 1, 5570, 1, 8, NULL, NULL, NULL, NULL, NULL, 1, 0, NULL, NULL, NULL),
(15, 1, 5571, 2, 8, NULL, NULL, NULL, NULL, NULL, 1, 0, NULL, NULL, NULL),
(15, 1, 5572, 3, 8, NULL, NULL, NULL, NULL, NULL, 1, 0, NULL, NULL, NULL),
(15, 1, 5573, 4, 8, NULL, NULL, NULL, NULL, NULL, 1, 0, NULL, NULL, NULL),
(15, 1, 5574, 5, 8, NULL, NULL, NULL, NULL, NULL, 1, 0, NULL, NULL, NULL),
(15, 1, 5575, 6, 8, NULL, NULL, NULL, NULL, NULL, 0, 0, NULL, NULL, NULL),
(15, 1, 5576, 7, 8, NULL, NULL, NULL, NULL, NULL, 1, 0, NULL, NULL, NULL),
(15, 1, 5577, 8, 8, NULL, NULL, NULL, NULL, NULL, 1, 0, NULL, NULL, NULL),
(15, 1, 5578, 9, 8, NULL, NULL, NULL, NULL, NULL, 1, 0, NULL, NULL, NULL),
(15, 1, 5579, 10, 8, NULL, NULL, NULL, NULL, NULL, 1, 0, NULL, NULL, NULL),
(15, 1, 5580, 11, 8, NULL, NULL, NULL, NULL, NULL, 1, 0, NULL, NULL, NULL),
(15, 1, 5581, 12, 8, NULL, NULL, NULL, NULL, NULL, 1, 0, NULL, NULL, NULL),
(15, 1, 5582, 13, 8, NULL, NULL, NULL, NULL, NULL, 1, 0, NULL, NULL, NULL),
(15, 1, 5583, 14, 8, NULL, NULL, NULL, NULL, NULL, 1, 0, NULL, NULL, NULL),
(15, 1, 5584, 15, 8, NULL, NULL, NULL, NULL, NULL, 1, 0, NULL, NULL, NULL),
(15, 1, 5585, 16, 8, NULL, NULL, NULL, NULL, NULL, 0, 0, NULL, NULL, NULL),
(15, 1, 5586, 17, 8, NULL, NULL, NULL, NULL, NULL, 1, 0, NULL, NULL, NULL),
(15, 1, 5587, 18, 8, NULL, NULL, NULL, NULL, NULL, 1, 0, NULL, NULL, NULL),
(15, 1, 5588, 19, 8, NULL, NULL, NULL, NULL, NULL, 1, 0, NULL, NULL, NULL),
(15, 1, 5589, 20, 8, NULL, NULL, NULL, NULL, NULL, 1, 0, NULL, NULL, NULL),
(15, 1, 5590, 21, 8, NULL, NULL, NULL, NULL, NULL, 1, 0, NULL, NULL, NULL),
(15, 1, 5591, 22, 8, NULL, NULL, NULL, NULL, NULL, 1, 0, NULL, NULL, NULL),
(15, 1, 5592, 23, 8, NULL, NULL, NULL, NULL, NULL, 1, 0, NULL, NULL, NULL),
(15, 1, 5593, 0, 9, NULL, NULL, NULL, NULL, NULL, 1, 0, NULL, NULL, NULL),
(15, 1, 5594, 1, 9, NULL, NULL, NULL, NULL, NULL, 1, 0, NULL, NULL, NULL),
(15, 1, 5595, 2, 9, NULL, NULL, NULL, NULL, NULL, 1, 0, NULL, NULL, NULL),
(15, 1, 5596, 3, 9, NULL, NULL, NULL, NULL, NULL, 1, 0, NULL, NULL, NULL),
(15, 1, 5597, 4, 9, NULL, NULL, NULL, NULL, NULL, 1, 0, NULL, NULL, NULL),
(15, 1, 5598, 5, 9, NULL, NULL, NULL, NULL, NULL, 1, 0, NULL, NULL, NULL),
(15, 1, 5599, 6, 9, NULL, NULL, NULL, NULL, NULL, 0, 0, NULL, NULL, NULL),
(15, 1, 5600, 7, 9, NULL, NULL, NULL, NULL, NULL, 0, 0, NULL, NULL, NULL),
(15, 1, 5601, 8, 9, NULL, NULL, NULL, NULL, NULL, 0, 0, NULL, NULL, NULL),
(15, 1, 5602, 9, 9, NULL, NULL, NULL, NULL, NULL, 1, 0, NULL, NULL, NULL),
(15, 1, 5603, 10, 9, NULL, NULL, NULL, NULL, NULL, 1, 0, NULL, NULL, NULL),
(15, 1, 5604, 11, 9, NULL, NULL, NULL, NULL, NULL, 1, 0, NULL, NULL, NULL),
(15, 1, 5605, 12, 9, NULL, NULL, NULL, NULL, NULL, 1, 0, NULL, NULL, NULL),
(15, 1, 5606, 13, 9, NULL, NULL, NULL, NULL, NULL, 1, 0, NULL, NULL, NULL),
(15, 1, 5607, 14, 9, NULL, NULL, NULL, NULL, NULL, 0, 0, NULL, NULL, NULL),
(15, 1, 5608, 15, 9, NULL, NULL, NULL, NULL, NULL, 0, 0, NULL, NULL, NULL),
(15, 1, 5609, 16, 9, NULL, NULL, NULL, NULL, NULL, 0, 0, NULL, NULL, NULL),
(15, 1, 5610, 17, 9, NULL, NULL, NULL, NULL, NULL, 1, 0, NULL, NULL, NULL),
(15, 1, 5611, 18, 9, NULL, NULL, NULL, NULL, NULL, 1, 0, NULL, NULL, NULL),
(15, 1, 5612, 19, 9, NULL, NULL, NULL, NULL, NULL, 1, 0, NULL, NULL, NULL),
(15, 1, 5613, 20, 9, NULL, NULL, NULL, NULL, NULL, 1, 0, NULL, NULL, NULL),
(15, 1, 5614, 21, 9, NULL, NULL, NULL, NULL, NULL, 1, 0, NULL, NULL, NULL),
(15, 1, 5615, 22, 9, NULL, NULL, NULL, NULL, NULL, 1, 0, NULL, NULL, NULL),
(15, 1, 5616, 23, 9, NULL, NULL, NULL, NULL, NULL, 1, 0, NULL, NULL, NULL),
(15, 1, 5617, 0, 10, NULL, NULL, NULL, NULL, NULL, 1, 0, NULL, NULL, NULL),
(15, 1, 5618, 1, 10, NULL, NULL, NULL, NULL, NULL, 1, 0, NULL, NULL, NULL),
(15, 1, 5619, 2, 10, NULL, NULL, NULL, NULL, NULL, 1, 0, NULL, NULL, NULL),
(15, 1, 5620, 3, 10, NULL, NULL, NULL, NULL, NULL, 1, 0, NULL, NULL, NULL),
(15, 1, 5621, 4, 10, NULL, NULL, NULL, NULL, NULL, 1, 0, NULL, NULL, NULL),
(15, 1, 5622, 5, 10, NULL, NULL, NULL, NULL, NULL, 1, 0, NULL, NULL, NULL),
(15, 1, 5623, 6, 10, NULL, NULL, NULL, NULL, NULL, 1, 0, NULL, NULL, NULL),
(15, 1, 5624, 7, 10, NULL, NULL, NULL, NULL, NULL, 1, 0, NULL, NULL, NULL),
(15, 1, 5625, 8, 10, NULL, NULL, NULL, NULL, NULL, 0, 0, NULL, NULL, NULL),
(15, 1, 5626, 9, 10, NULL, NULL, NULL, NULL, NULL, 1, 0, NULL, NULL, NULL),
(15, 1, 5627, 10, 10, NULL, NULL, NULL, NULL, NULL, 1, 0, NULL, NULL, NULL),
(15, 1, 5628, 11, 10, NULL, NULL, NULL, NULL, NULL, 1, 0, NULL, NULL, NULL),
(15, 1, 5629, 12, 10, NULL, NULL, NULL, NULL, NULL, 1, 0, NULL, NULL, NULL),
(15, 1, 5630, 13, 10, NULL, NULL, NULL, NULL, NULL, 1, 0, NULL, NULL, NULL),
(15, 1, 5631, 14, 10, NULL, NULL, NULL, NULL, NULL, 0, 0, NULL, NULL, NULL),
(15, 1, 5632, 15, 10, NULL, NULL, NULL, NULL, NULL, 1, 0, NULL, NULL, NULL),
(15, 1, 5633, 16, 10, NULL, NULL, NULL, NULL, NULL, 1, 0, NULL, NULL, NULL),
(15, 1, 5634, 17, 10, NULL, NULL, NULL, NULL, NULL, 1, 0, NULL, NULL, NULL),
(15, 1, 5635, 18, 10, NULL, NULL, NULL, NULL, NULL, 1, 0, NULL, NULL, NULL),
(15, 1, 5636, 19, 10, NULL, NULL, NULL, NULL, NULL, 1, 0, NULL, NULL, NULL),
(15, 1, 5637, 20, 10, NULL, NULL, NULL, NULL, NULL, 1, 0, NULL, NULL, NULL),
(15, 1, 5638, 21, 10, NULL, NULL, NULL, NULL, NULL, 1, 0, NULL, NULL, NULL),
(15, 1, 5639, 22, 10, NULL, NULL, NULL, NULL, NULL, 1, 0, NULL, NULL, NULL),
(15, 1, 5640, 23, 10, NULL, NULL, NULL, NULL, NULL, 1, 0, NULL, NULL, NULL),
(15, 1, 5641, 0, 11, NULL, NULL, NULL, NULL, NULL, 1, 0, NULL, NULL, NULL),
(15, 1, 5642, 1, 11, NULL, NULL, NULL, NULL, NULL, 1, 0, NULL, NULL, NULL),
(15, 1, 5643, 2, 11, NULL, NULL, NULL, NULL, NULL, 1, 0, NULL, NULL, NULL),
(15, 1, 5644, 3, 11, NULL, NULL, NULL, NULL, NULL, 1, 0, NULL, NULL, NULL),
(15, 1, 5645, 4, 11, NULL, NULL, NULL, NULL, NULL, 1, 0, NULL, NULL, NULL),
(15, 1, 5646, 5, 11, NULL, NULL, NULL, NULL, NULL, 1, 0, NULL, NULL, NULL),
(15, 1, 5647, 6, 11, NULL, NULL, NULL, NULL, NULL, 1, 0, NULL, NULL, NULL),
(15, 1, 5648, 7, 11, NULL, NULL, NULL, NULL, NULL, 1, 0, NULL, NULL, NULL),
(15, 1, 5649, 8, 11, NULL, NULL, NULL, NULL, NULL, 0, 0, NULL, NULL, NULL),
(15, 1, 5650, 9, 11, NULL, NULL, NULL, NULL, NULL, 1, 0, NULL, NULL, NULL),
(15, 1, 5651, 10, 11, NULL, NULL, NULL, NULL, NULL, 1, 0, NULL, NULL, NULL),
(15, 1, 5652, 11, 11, NULL, NULL, NULL, NULL, NULL, 1, 0, NULL, NULL, NULL),
(15, 1, 5653, 12, 11, NULL, NULL, NULL, NULL, NULL, 1, 0, NULL, NULL, NULL),
(15, 1, 5654, 13, 11, NULL, NULL, NULL, NULL, NULL, 1, 0, NULL, NULL, NULL),
(15, 1, 5655, 14, 11, NULL, NULL, NULL, NULL, NULL, 0, 0, NULL, NULL, NULL),
(15, 1, 5656, 15, 11, NULL, NULL, NULL, NULL, NULL, 1, 0, NULL, NULL, NULL),
(15, 1, 5657, 16, 11, NULL, NULL, NULL, NULL, NULL, 1, 0, NULL, NULL, NULL),
(15, 1, 5658, 17, 11, NULL, NULL, NULL, NULL, NULL, 1, 0, NULL, NULL, NULL),
(15, 1, 5659, 18, 11, NULL, NULL, NULL, NULL, NULL, 1, 0, NULL, NULL, NULL),
(15, 1, 5660, 19, 11, NULL, NULL, NULL, NULL, NULL, 1, 0, NULL, NULL, NULL),
(15, 1, 5661, 20, 11, NULL, NULL, NULL, NULL, NULL, 1, 0, NULL, NULL, NULL),
(15, 1, 5662, 21, 11, NULL, NULL, NULL, NULL, NULL, 1, 0, NULL, NULL, NULL),
(15, 1, 5663, 22, 11, NULL, NULL, NULL, NULL, NULL, 1, 0, NULL, NULL, NULL),
(15, 1, 5664, 23, 11, NULL, NULL, NULL, NULL, NULL, 1, 0, NULL, NULL, NULL),
(15, 1, 5665, 0, 12, NULL, NULL, NULL, NULL, NULL, 1, 0, NULL, NULL, NULL),
(15, 1, 5666, 1, 12, NULL, NULL, NULL, NULL, NULL, 1, 0, NULL, NULL, NULL),
(15, 1, 5667, 2, 12, NULL, NULL, NULL, NULL, NULL, 1, 0, NULL, NULL, NULL),
(15, 1, 5668, 3, 12, NULL, NULL, NULL, NULL, NULL, 1, 0, NULL, NULL, NULL),
(15, 1, 5669, 4, 12, NULL, NULL, NULL, NULL, NULL, 1, 0, NULL, NULL, NULL),
(15, 1, 5670, 5, 12, NULL, NULL, NULL, NULL, NULL, 1, 0, NULL, NULL, NULL),
(15, 1, 5671, 6, 12, NULL, NULL, NULL, NULL, NULL, 1, 0, NULL, NULL, NULL),
(15, 1, 5672, 7, 12, NULL, NULL, NULL, NULL, NULL, 1, 0, NULL, NULL, NULL),
(15, 1, 5673, 8, 12, NULL, NULL, NULL, NULL, NULL, 0, 0, NULL, NULL, NULL),
(15, 1, 5674, 9, 12, NULL, NULL, NULL, NULL, NULL, 1, 0, NULL, NULL, NULL),
(15, 1, 5675, 10, 12, NULL, NULL, NULL, NULL, NULL, 1, 0, NULL, NULL, NULL),
(15, 1, 5676, 11, 12, NULL, NULL, NULL, NULL, NULL, 1, 0, NULL, NULL, NULL),
(15, 1, 5677, 12, 12, NULL, NULL, NULL, NULL, NULL, 1, 0, NULL, NULL, NULL),
(15, 1, 5678, 13, 12, NULL, NULL, NULL, NULL, NULL, 1, 0, NULL, NULL, NULL),
(15, 1, 5679, 14, 12, NULL, NULL, NULL, NULL, NULL, 0, 0, NULL, NULL, NULL),
(15, 1, 5680, 15, 12, NULL, NULL, NULL, NULL, NULL, 1, 0, NULL, NULL, NULL),
(15, 1, 5681, 16, 12, NULL, NULL, NULL, NULL, NULL, 1, 0, NULL, NULL, NULL),
(15, 1, 5682, 17, 12, NULL, NULL, NULL, NULL, NULL, 1, 0, NULL, NULL, NULL),
(15, 1, 5683, 18, 12, NULL, NULL, NULL, NULL, NULL, 1, 0, NULL, NULL, NULL),
(15, 1, 5684, 19, 12, NULL, NULL, NULL, NULL, NULL, 1, 0, NULL, NULL, NULL),
(15, 1, 5685, 20, 12, NULL, NULL, NULL, NULL, NULL, 1, 0, NULL, NULL, NULL),
(15, 1, 5686, 21, 12, NULL, NULL, NULL, NULL, NULL, 1, 0, NULL, NULL, NULL),
(15, 1, 5687, 22, 12, NULL, NULL, NULL, NULL, NULL, 1, 0, NULL, NULL, NULL),
(15, 1, 5688, 23, 12, NULL, NULL, NULL, NULL, NULL, 1, 0, NULL, NULL, NULL),
(15, 1, 5689, 0, 13, NULL, NULL, NULL, NULL, NULL, 1, 0, NULL, NULL, NULL),
(15, 1, 5690, 1, 13, NULL, NULL, NULL, NULL, NULL, 1, 0, NULL, NULL, NULL),
(15, 1, 5691, 2, 13, NULL, NULL, NULL, NULL, NULL, 1, 0, NULL, NULL, NULL),
(15, 1, 5692, 3, 13, NULL, NULL, NULL, NULL, NULL, 1, 0, NULL, NULL, NULL),
(15, 1, 5693, 4, 13, NULL, NULL, NULL, NULL, NULL, 1, 0, NULL, NULL, NULL),
(15, 1, 5694, 5, 13, NULL, NULL, NULL, NULL, NULL, 1, 0, NULL, NULL, NULL),
(15, 1, 5695, 6, 13, NULL, NULL, NULL, NULL, NULL, 1, 0, NULL, NULL, NULL),
(15, 1, 5696, 7, 13, NULL, NULL, NULL, NULL, NULL, 1, 0, NULL, NULL, NULL),
(15, 1, 5697, 8, 13, NULL, NULL, NULL, NULL, NULL, 0, 0, NULL, NULL, NULL),
(15, 1, 5698, 9, 13, NULL, NULL, NULL, NULL, NULL, 1, 0, NULL, NULL, NULL),
(15, 1, 5699, 10, 13, NULL, NULL, NULL, NULL, NULL, 1, 0, NULL, NULL, NULL),
(15, 1, 5700, 11, 13, NULL, NULL, NULL, NULL, NULL, 1, 0, NULL, NULL, NULL),
(15, 1, 5701, 12, 13, NULL, NULL, NULL, NULL, NULL, 1, 0, NULL, NULL, NULL),
(15, 1, 5702, 13, 13, NULL, NULL, NULL, NULL, NULL, 1, 0, NULL, NULL, NULL),
(15, 1, 5703, 14, 13, NULL, NULL, NULL, NULL, NULL, 0, 0, NULL, NULL, NULL),
(15, 1, 5704, 15, 13, NULL, NULL, NULL, NULL, NULL, 1, 0, NULL, NULL, NULL),
(15, 1, 5705, 16, 13, NULL, NULL, NULL, NULL, NULL, 1, 0, NULL, NULL, NULL),
(15, 1, 5706, 17, 13, NULL, NULL, NULL, NULL, NULL, 1, 0, NULL, NULL, NULL),
(15, 1, 5707, 18, 13, NULL, NULL, NULL, NULL, NULL, 1, 0, NULL, NULL, NULL),
(15, 1, 5708, 19, 13, NULL, NULL, NULL, NULL, NULL, 1, 0, NULL, NULL, NULL),
(15, 1, 5709, 20, 13, NULL, NULL, NULL, NULL, NULL, 1, 0, NULL, NULL, NULL),
(15, 1, 5710, 21, 13, NULL, NULL, NULL, NULL, NULL, 1, 0, NULL, NULL, NULL),
(15, 1, 5711, 22, 13, NULL, NULL, NULL, NULL, NULL, 1, 0, NULL, NULL, NULL),
(15, 1, 5712, 23, 13, NULL, NULL, NULL, NULL, NULL, 1, 0, NULL, NULL, NULL),
(15, 1, 5713, 0, 14, NULL, NULL, NULL, NULL, NULL, 1, 0, NULL, NULL, NULL),
(15, 1, 5714, 1, 14, NULL, NULL, NULL, NULL, NULL, 1, 0, NULL, NULL, NULL),
(15, 1, 5715, 2, 14, NULL, NULL, NULL, NULL, NULL, 1, 0, NULL, NULL, NULL),
(15, 1, 5716, 3, 14, NULL, NULL, NULL, NULL, NULL, 1, 0, NULL, NULL, NULL),
(15, 1, 5717, 4, 14, NULL, NULL, NULL, NULL, NULL, 1, 0, NULL, NULL, NULL),
(15, 1, 5718, 5, 14, NULL, NULL, NULL, NULL, NULL, 1, 0, NULL, NULL, NULL),
(15, 1, 5719, 6, 14, NULL, NULL, NULL, NULL, NULL, 1, 0, NULL, NULL, NULL),
(15, 1, 5720, 7, 14, NULL, NULL, NULL, NULL, NULL, 1, 0, NULL, NULL, NULL),
(15, 1, 5721, 8, 14, NULL, NULL, NULL, NULL, NULL, 0, 0, NULL, NULL, NULL),
(15, 1, 5722, 9, 14, NULL, NULL, NULL, NULL, NULL, 1, 0, NULL, NULL, NULL),
(15, 1, 5723, 10, 14, NULL, NULL, NULL, NULL, NULL, 1, 0, NULL, NULL, NULL),
(15, 1, 5724, 11, 14, NULL, NULL, NULL, NULL, NULL, 1, 0, NULL, NULL, NULL),
(15, 1, 5725, 12, 14, NULL, NULL, NULL, NULL, NULL, 1, 0, NULL, NULL, NULL),
(15, 1, 5726, 13, 14, NULL, NULL, NULL, NULL, NULL, 1, 0, NULL, NULL, NULL),
(15, 1, 5727, 14, 14, NULL, NULL, NULL, NULL, NULL, 0, 0, NULL, NULL, NULL),
(15, 1, 5728, 15, 14, NULL, NULL, NULL, NULL, NULL, 1, 0, NULL, NULL, NULL),
(15, 1, 5729, 16, 14, NULL, NULL, NULL, NULL, NULL, 1, 0, NULL, NULL, NULL),
(15, 1, 5730, 17, 14, NULL, NULL, NULL, NULL, NULL, 1, 0, NULL, NULL, NULL),
(15, 1, 5731, 18, 14, NULL, NULL, NULL, NULL, NULL, 1, 0, NULL, NULL, NULL),
(15, 1, 5732, 19, 14, NULL, NULL, NULL, NULL, NULL, 1, 0, NULL, NULL, NULL),
(15, 1, 5733, 20, 14, NULL, NULL, NULL, NULL, NULL, 1, 0, NULL, NULL, NULL),
(15, 1, 5734, 21, 14, NULL, NULL, NULL, NULL, NULL, 1, 0, NULL, NULL, NULL),
(15, 1, 5735, 22, 14, NULL, NULL, NULL, NULL, NULL, 1, 0, NULL, NULL, NULL),
(15, 1, 5736, 23, 14, NULL, NULL, NULL, NULL, NULL, 1, 0, NULL, NULL, NULL),
(15, 1, 5737, 0, 15, NULL, NULL, NULL, NULL, NULL, 1, 0, NULL, NULL, NULL),
(15, 1, 5738, 1, 15, NULL, NULL, NULL, NULL, NULL, 1, 0, NULL, NULL, NULL),
(15, 1, 5739, 2, 15, NULL, NULL, NULL, NULL, NULL, 1, 0, NULL, NULL, NULL),
(15, 1, 5740, 3, 15, NULL, NULL, NULL, NULL, NULL, 1, 0, NULL, NULL, NULL),
(15, 1, 5741, 4, 15, NULL, NULL, NULL, NULL, NULL, 1, 0, NULL, NULL, NULL),
(15, 1, 5742, 5, 15, NULL, NULL, NULL, NULL, NULL, 1, 0, NULL, NULL, NULL),
(15, 1, 5743, 6, 15, NULL, NULL, NULL, NULL, NULL, 1, 0, NULL, NULL, NULL),
(15, 1, 5744, 7, 15, NULL, NULL, NULL, NULL, NULL, 1, 0, NULL, NULL, NULL),
(15, 1, 5745, 8, 15, NULL, NULL, NULL, NULL, NULL, 0, 0, NULL, NULL, NULL),
(15, 1, 5746, 9, 15, NULL, NULL, NULL, NULL, NULL, 1, 0, NULL, NULL, NULL),
(15, 1, 5747, 10, 15, NULL, NULL, NULL, NULL, NULL, 0, 0, NULL, NULL, NULL),
(15, 1, 5748, 11, 15, NULL, NULL, 11, NULL, 3924, 0, 1, NULL, NULL, 1),
(15, 1, 5749, 12, 15, NULL, NULL, NULL, NULL, NULL, 0, 0, NULL, NULL, NULL),
(15, 1, 5750, 13, 15, NULL, NULL, NULL, NULL, NULL, 1, 0, NULL, NULL, NULL),
(15, 1, 5751, 14, 15, NULL, NULL, NULL, NULL, NULL, 0, 0, NULL, NULL, NULL),
(15, 1, 5752, 15, 15, NULL, NULL, NULL, NULL, NULL, 1, 0, NULL, NULL, NULL),
(15, 1, 5753, 16, 15, NULL, NULL, NULL, NULL, NULL, 1, 0, NULL, NULL, NULL),
(15, 1, 5754, 17, 15, NULL, NULL, NULL, NULL, NULL, 1, 0, NULL, NULL, NULL),
(15, 1, 5755, 18, 15, NULL, NULL, NULL, NULL, NULL, 1, 0, NULL, NULL, NULL),
(15, 1, 5756, 19, 15, NULL, NULL, NULL, NULL, NULL, 1, 0, NULL, NULL, NULL),
(15, 1, 5757, 20, 15, NULL, NULL, NULL, NULL, NULL, 1, 0, NULL, NULL, NULL),
(15, 1, 5758, 21, 15, NULL, NULL, NULL, NULL, NULL, 1, 0, NULL, NULL, NULL),
(15, 1, 5759, 22, 15, NULL, NULL, NULL, NULL, NULL, 1, 0, NULL, NULL, NULL),
(15, 1, 5760, 23, 15, NULL, NULL, NULL, NULL, NULL, 1, 0, NULL, NULL, NULL);

-- --------------------------------------------------------

--
-- Structure de la table `classe`
--

DROP TABLE IF EXISTS `classe`;
CREATE TABLE IF NOT EXISTS `classe` (
  `id` int(11) NOT NULL AUTO_INCREMENT,
  `nom` varchar(255) COLLATE utf8mb4_unicode_ci NOT NULL,
  PRIMARY KEY (`id`)
) ENGINE=InnoDB AUTO_INCREMENT=6 DEFAULT CHARSET=utf8mb4 COLLATE=utf8mb4_unicode_ci;

--
-- Déchargement des données de la table `classe`
--

INSERT INTO `classe` (`id`, `nom`) VALUES
(1, 'moine'),
(2, 'guerrier'),
(3, 'gueux'),
(4, 'archer'),
(5, 'sorcier');

-- --------------------------------------------------------

--
-- Structure de la table `consommable`
--

DROP TABLE IF EXISTS `consommable`;
CREATE TABLE IF NOT EXISTS `consommable` (
  `id` int(11) NOT NULL AUTO_INCREMENT,
  `nom` varchar(255) COLLATE utf8mb4_unicode_ci NOT NULL,
  `icone` varchar(255) COLLATE utf8mb4_unicode_ci NOT NULL,
  `description` longtext COLLATE utf8mb4_unicode_ci DEFAULT NULL,
  `prix_revente` int(11) NOT NULL,
  `prix_achat` int(11) DEFAULT NULL,
  `cooldown` double NOT NULL,
  `points` int(11) NOT NULL,
  `is_buff` tinyint(1) DEFAULT NULL,
  `type` varchar(255) COLLATE utf8mb4_unicode_ci DEFAULT NULL,
  PRIMARY KEY (`id`)
) ENGINE=InnoDB AUTO_INCREMENT=3 DEFAULT CHARSET=utf8mb4 COLLATE=utf8mb4_unicode_ci;

--
-- Déchargement des données de la table `consommable`
--

INSERT INTO `consommable` (`id`, `nom`, `icone`, `description`, `prix_revente`, `prix_achat`, `cooldown`, `points`, `is_buff`, `type`) VALUES
(1, 'Potion de vie mineure', 'potion-vie-mineure.png', 'Rend 100 points de vie.', 14, 30, 2.5, 100, 0, 'vie'),
(2, 'Potion de mana mineure', 'potion-mana-mineure.png', 'Rend 250 points de mana.', 12, 25, 1, 250, 0, 'mana');

-- --------------------------------------------------------

--
-- Structure de la table `dialogue`
--

DROP TABLE IF EXISTS `dialogue`;
CREATE TABLE IF NOT EXISTS `dialogue` (
  `id` int(11) NOT NULL AUTO_INCREMENT,
  `contenu` varchar(2000) COLLATE utf8mb4_unicode_ci NOT NULL,
  `titre` varchar(255) COLLATE utf8mb4_unicode_ci NOT NULL,
  PRIMARY KEY (`id`)
) ENGINE=InnoDB AUTO_INCREMENT=5 DEFAULT CHARSET=utf8mb4 COLLATE=utf8mb4_unicode_ci;

--
-- Déchargement des données de la table `dialogue`
--

INSERT INTO `dialogue` (`id`, `contenu`, `titre`) VALUES
(1, 'Aller choisit ta classe p\'tit gars et choisit bien ', 'Choix de la classe'),
(2, 'Maintenant tu es prêt à vivre ton aventure, je n\'ai plus rien à te transmettre !', 'fin quête initiale'),
(3, 'Bonjour jeune aventurier, si tu souhaites te reposer dans mon auberge, il faudra me payer d\'avance.', 'Louer une chambre'),
(4, 'Bonjour jeune aventurier, si tu es là j\'imagine que c\'est parce que tu es à la recherche de compagnon de route. \r\nJe suis la bonne personne pour cela, néanmoins il te reste quelques formalités administrative à effectuer.\r\n\r\nTu peux rechercher dans ce registre les guildes qui ont besoins de personnes comme toi ! Une fois que tu auras fait ton choix ce sera au chef de la guilde d\'accepter ta candidature !\r\n', 'Rejoindre une guilde');

-- --------------------------------------------------------

--
-- Structure de la table `equipement`
--

DROP TABLE IF EXISTS `equipement`;
CREATE TABLE IF NOT EXISTS `equipement` (
  `id` int(11) NOT NULL AUTO_INCREMENT,
  `position_equipement_id` int(11) NOT NULL,
  `rarity_id` int(11) NOT NULL,
  `nom` varchar(255) COLLATE utf8mb4_unicode_ci NOT NULL,
  `icone` varchar(255) COLLATE utf8mb4_unicode_ci NOT NULL,
  `prix_revente` int(11) NOT NULL,
  `prix_achat` int(11) NOT NULL,
  `level_min` int(11) NOT NULL,
  `description` longtext COLLATE utf8mb4_unicode_ci DEFAULT NULL,
  PRIMARY KEY (`id`),
  KEY `IDX_B8B4C6F38F66ADB2` (`position_equipement_id`),
  KEY `IDX_B8B4C6F3F3747573` (`rarity_id`)
) ENGINE=InnoDB AUTO_INCREMENT=9 DEFAULT CHARSET=utf8mb4 COLLATE=utf8mb4_unicode_ci;

--
-- Déchargement des données de la table `equipement`
--

INSERT INTO `equipement` (`id`, `position_equipement_id`, `rarity_id`, `nom`, `icone`, `prix_revente`, `prix_achat`, `level_min`, `description`) VALUES
(1, 6, 1, 'Chaussures de l\'archer débutant', 'chaussures-archer-debutant.png', 200, 800, 1, 'Un passage chez le couturier ne serait pas du luxe'),
(2, 1, 1, 'Arc de l\'archer débutant', 'arc-archer-debutant.png', 220, 900, 1, 'Cet arc, bien que rapiécé, sera parfait pour tirer vos premières flèches '),
(3, 3, 1, 'Armure de l\'archer débutant', 'armure-archer-debutant.png', 190, 750, 1, 'Armure légère, parfaite pour exhiber votre amateurisme aux yeux de tous ! '),
(4, 5, 1, 'Pantalon de l\'archer débutant', 'pantalon-archer-debutant.jpg', 100, 400, 1, 'Un passage chez le couturier ne serait pas du luxe !'),
(5, 7, 1, 'Chapeau de l\'archer débutant', 'chapeau-archer-debutant.png', 130, 550, 1, 'C\'est la plume qui fait tout ...'),
(7, 4, 2, 'Amulette d\'agilité', 'amulette-agilite.png', 370, 1500, 15, 'Certain s\'en serve pour marcher en équilibre sur une corde, il paraît ...'),
(8, 2, 1, 'Anneau de fer', 'anneau-fer.png', 125, 500, 15, 'Un simple anneau en fer.');

-- --------------------------------------------------------

--
-- Structure de la table `equipement_caracteristique`
--

DROP TABLE IF EXISTS `equipement_caracteristique`;
CREATE TABLE IF NOT EXISTS `equipement_caracteristique` (
  `id` int(11) NOT NULL AUTO_INCREMENT,
  `equipement_id` int(11) NOT NULL,
  `caracteristique_id` int(11) NOT NULL,
  `valeur` int(11) NOT NULL,
  PRIMARY KEY (`id`),
  KEY `IDX_6C58D354806F0F5C` (`equipement_id`),
  KEY `IDX_6C58D3541704EEB7` (`caracteristique_id`)
) ENGINE=InnoDB AUTO_INCREMENT=25 DEFAULT CHARSET=utf8mb4 COLLATE=utf8mb4_unicode_ci;

--
-- Déchargement des données de la table `equipement_caracteristique`
--

INSERT INTO `equipement_caracteristique` (`id`, `equipement_id`, `caracteristique_id`, `valeur`) VALUES
(1, 1, 7, 5),
(2, 1, 3, 5),
(3, 1, 1, 1),
(4, 1, 2, 2),
(5, 2, 3, 6),
(6, 2, 2, 2),
(7, 2, 1, 1),
(8, 2, 6, 1),
(9, 3, 3, 2),
(10, 3, 2, 2),
(11, 3, 1, 4),
(12, 3, 7, 8),
(13, 4, 3, 5),
(14, 4, 2, 3),
(15, 4, 1, 2),
(16, 4, 7, 3),
(17, 5, 3, 4),
(18, 5, 2, 2),
(19, 5, 1, 1),
(20, 5, 6, 1),
(21, 5, 7, 4),
(22, 7, 3, 8),
(23, 7, 2, 2),
(24, 8, 2, 6);

-- --------------------------------------------------------

--
-- Structure de la table `equipement_classe`
--

DROP TABLE IF EXISTS `equipement_classe`;
CREATE TABLE IF NOT EXISTS `equipement_classe` (
  `equipement_id` int(11) NOT NULL,
  `classe_id` int(11) NOT NULL,
  PRIMARY KEY (`equipement_id`,`classe_id`),
  KEY `IDX_D9124D59806F0F5C` (`equipement_id`),
  KEY `IDX_D9124D598F5EA509` (`classe_id`)
) ENGINE=InnoDB DEFAULT CHARSET=utf8mb4 COLLATE=utf8mb4_unicode_ci;

--
-- Déchargement des données de la table `equipement_classe`
--

INSERT INTO `equipement_classe` (`equipement_id`, `classe_id`) VALUES
(2, 4),
(3, 4),
(4, 4),
(5, 4),
(7, 4),
(8, 4);

-- --------------------------------------------------------

--
-- Structure de la table `friend`
--

DROP TABLE IF EXISTS `friend`;
CREATE TABLE IF NOT EXISTS `friend` (
  `id` int(11) NOT NULL AUTO_INCREMENT,
  `user1_id` int(11) NOT NULL,
  `user2_id` int(11) NOT NULL,
  PRIMARY KEY (`id`),
  KEY `IDX_55EEAC6156AE248B` (`user1_id`),
  KEY `IDX_55EEAC61441B8B65` (`user2_id`)
) ENGINE=InnoDB AUTO_INCREMENT=6 DEFAULT CHARSET=utf8mb4 COLLATE=utf8mb4_unicode_ci;

--
-- Déchargement des données de la table `friend`
--

INSERT INTO `friend` (`id`, `user1_id`, `user2_id`) VALUES
(1, 4, 1),
(5, 4, 11);

-- --------------------------------------------------------

--
-- Structure de la table `grade`
--

DROP TABLE IF EXISTS `grade`;
CREATE TABLE IF NOT EXISTS `grade` (
  `id` int(11) NOT NULL AUTO_INCREMENT,
  `nom` varchar(255) COLLATE utf8mb4_unicode_ci NOT NULL,
  `icone` varchar(255) COLLATE utf8mb4_unicode_ci NOT NULL,
  PRIMARY KEY (`id`)
) ENGINE=InnoDB DEFAULT CHARSET=utf8mb4 COLLATE=utf8mb4_unicode_ci;

-- --------------------------------------------------------

--
-- Structure de la table `guilde`
--

DROP TABLE IF EXISTS `guilde`;
CREATE TABLE IF NOT EXISTS `guilde` (
  `id` int(11) NOT NULL AUTO_INCREMENT,
  `nom` varchar(255) COLLATE utf8mb4_unicode_ci NOT NULL,
  `description` longtext COLLATE utf8mb4_unicode_ci DEFAULT NULL,
  `place_max` int(11) NOT NULL,
  `alignement_id` int(11) DEFAULT NULL,
  `niveau` int(11) NOT NULL,
  `icone` varchar(255) COLLATE utf8mb4_unicode_ci NOT NULL,
  `banner` varchar(255) COLLATE utf8mb4_unicode_ci NOT NULL,
  `nb_joueur_max` int(11) NOT NULL,
  PRIMARY KEY (`id`),
  KEY `IDX_AEAB4047C467684` (`alignement_id`)
) ENGINE=InnoDB AUTO_INCREMENT=5 DEFAULT CHARSET=utf8mb4 COLLATE=utf8mb4_unicode_ci;

--
-- Déchargement des données de la table `guilde`
--

INSERT INTO `guilde` (`id`, `nom`, `description`, `place_max`, `alignement_id`, `niveau`, `icone`, `banner`, `nb_joueur_max`) VALUES
(1, 'Restons Amis Tuons vos Poney', 'RATP', 20, 1, 0, '', '', 0),
(2, 'Les admins', 'Seul les administrateurs du jeu font partis de cette guilde', 3, 2, 20, 'guildeAdmin.png', 'guildeAdminBanner.png', 3),
(3, 'Les schtroumpfs alpins', 'Viens on est bien … viens … viens !', 12, 2, 10, 'lesAlpins.png', 'test', 12),
(4, 'guilde de test', '1, 2, 1, 2 test de micro ', 14, 2, 14, 'test.png', 'test', 14);

-- --------------------------------------------------------

--
-- Structure de la table `historique`
--

DROP TABLE IF EXISTS `historique`;
CREATE TABLE IF NOT EXISTS `historique` (
  `id` int(11) NOT NULL AUTO_INCREMENT,
  `user_id` int(11) NOT NULL,
  `message` varchar(255) COLLATE utf8mb4_unicode_ci NOT NULL,
  `date` datetime NOT NULL,
  `is_external` tinyint(1) NOT NULL,
  PRIMARY KEY (`id`),
  KEY `IDX_EDBFD5ECA76ED395` (`user_id`)
) ENGINE=InnoDB AUTO_INCREMENT=130 DEFAULT CHARSET=utf8mb4 COLLATE=utf8mb4_unicode_ci;

--
-- Déchargement des données de la table `historique`
--

INSERT INTO `historique` (`id`, `user_id`, `message`, `date`, `is_external`) VALUES
(1, 4, 'Le monstre Libellule vous a infligé 151 et vous a tué.', '2022-07-30 09:07:27', 0),
(2, 10, 'Vous soignez neraën, il récupère 51 points de vie et vous gagnez 239 points d\'expériences <br />', '2022-07-30 11:07:57', 0),
(3, 4, 'joHeal vous soigne et vous rend 51 points de vie', '2022-07-30 11:07:57', 0),
(4, 10, 'Vous soignez neraën, il récupère 45 points de vie et vous gagnez 238 points d\'expériences <br />', '2022-07-30 11:07:21', 0),
(5, 4, 'joHeal vous soigne et vous rend 45 points de vie', '2022-07-30 11:07:21', 0),
(6, 10, 'Vous soignez neraën, il récupère 44 points de vie et vous gagnez 228 points d\'expériences <br />', '2022-07-30 11:07:34', 0),
(7, 4, 'joHeal vous soigne et vous rend 44 points de vie', '2022-07-30 11:07:34', 0),
(8, 10, 'Vous soignez neraën, il récupère 45 points de vie et vous gagnez 209 points d\'expériences <br />', '2022-07-30 11:07:53', 0),
(9, 4, 'joHeal vous soigne et vous rend 45 points de vie', '2022-07-30 11:07:53', 0),
(10, 10, 'Vous soignez neraën, il récupère 58 points de vie et vous gagnez 249 points d\'expériences <br />', '2022-07-30 11:07:45', 0),
(11, 4, 'joHeal vous soigne et vous rend 58 points de vie', '2022-07-30 11:07:45', 0),
(12, 10, 'Vous infligez 92 points de dommages à neraën et vous gagnez 191 points d\'expériences <br />', '2022-07-30 11:07:00', 0),
(13, 4, 'joHeal vous attaque avec Frappe celeste et vous inflige 92 points de dommages', '2022-07-30 11:07:00', 0),
(14, 4, 'Vous infligez 122 points de dommages à joHeal et vous gagnez 217 points d\'expériences <br />', '2022-07-30 11:07:30', 0),
(15, 10, 'neraën vous attaque avec Fleche empoisonnée et vous inflige 122 points de dommages', '2022-07-30 11:07:30', 0),
(16, 10, 'Vous soignez neraën, il récupère 52 points de vie et vous gagnez 235 points d\'expériences <br />', '2022-07-30 12:07:23', 0),
(17, 4, 'joHeal vous soigne et vous rend 52 points de vie', '2022-07-30 12:07:23', 0),
(18, 10, 'Vous soignez neraën, il récupère 56 points de vie et vous gagnez 238 points d\'expériences <br />', '2022-07-30 12:07:28', 0),
(19, 4, 'joHeal vous soigne et vous rend 56 points de vie', '2022-07-30 12:07:28', 0),
(20, 4, 'Vous infligez 324 points de dommages à joHeal et vous gagnez 225 points d\'expériences <br />', '2022-07-30 12:07:39', 0),
(21, 10, 'neraën vous attaque avec Fleche destructrice et vous inflige 324 points de dommages', '2022-07-30 12:07:39', 0),
(22, 4, 'Vous infligez 197 points de dommages à joHeal et vous gagnez 230 points d\'expériences <br />Le joueur joHeal meurt, vous gagnez 27 points d\'honneur.', '2022-07-30 12:07:49', 0),
(23, 10, 'neraën vous attaque avec Fleche destructrice et vous inflige 197 points de dommagesneraën vous a tué, vous perdez -10 points d\'honneur.', '2022-07-30 12:07:49', 0),
(24, 10, 'Vous soignez neraën, il récupère 58 points de vie et vous gagnez 201 points d\'expériences <br />', '2022-07-30 12:07:48', 0),
(25, 4, 'joHeal vous soigne et vous rend 58 points de vie', '2022-07-30 12:07:48', 0),
(26, 10, 'Vous soignez neraën, il récupère 94 points de vie et vous gagnez 243 points d\'expériences <br />', '2022-07-30 12:07:23', 0),
(27, 4, 'joHeal vous soigne et vous rend 94 points de vie', '2022-07-30 12:07:23', 0),
(28, 10, 'Vous soignez neraën, il récupère 96 points de vie et vous gagnez 202 points d\'expériences <br />', '2022-07-30 12:07:55', 0),
(29, 4, 'joHeal vous soigne et vous rend 96 points de vie', '2022-07-30 12:07:55', 0),
(30, 10, 'Vous soignez neraën, il récupère 99 points de vie et vous gagnez 199 points d\'expériences <br />', '2022-07-30 12:07:01', 0),
(31, 4, 'joHeal vous soigne et vous rend 99 points de vie', '2022-07-30 12:07:01', 0),
(32, 10, 'Vous soignez neraën, il récupère 95 points de vie et vous gagnez 203 points d\'expériences <br />', '2022-07-30 12:07:10', 0),
(33, 4, 'joHeal vous soigne et vous rend 95 points de vie', '2022-07-30 12:07:10', 0),
(34, 10, 'Vous soignez neraën, il récupère 85 points de vie et vous gagnez 237 points d\'expériences <br />', '2022-07-30 12:07:48', 0),
(35, 4, 'joHeal vous soigne et vous rend 85 points de vie', '2022-07-30 12:07:48', 0),
(36, 10, 'Vous soignez neraën, il récupère 121 points de vie et vous gagnez 217 points d\'expériences <br />', '2022-07-30 12:07:53', 0),
(37, 4, 'joHeal vous soigne et vous rend 121 points de vie', '2022-07-30 12:07:53', 0),
(38, 10, 'Vous soignez neraën, il récupère 77 points de vie et vous gagnez 221 points d\'expériences <br />', '2022-07-30 12:07:58', 0),
(39, 4, 'joHeal vous soigne et vous rend 77 points de vie', '2022-07-30 12:07:58', 0),
(40, 10, 'Vous soignez neraën, il récupère 120 points de vie et vous gagnez 193 points d\'expériences <br />', '2022-07-30 12:07:04', 0),
(41, 4, 'joHeal vous soigne et vous rend 120 points de vie', '2022-07-30 12:07:04', 0),
(42, 10, 'Vous soignez neraën, il récupère 129 points de vie et vous gagnez 244 points d\'expériences <br />', '2022-07-30 12:07:09', 0),
(43, 4, 'joHeal vous soigne et vous rend 129 points de vie', '2022-07-30 12:07:09', 0),
(44, 10, 'Vous soignez neraën, il récupère 78 points de vie et vous gagnez 249 points d\'expériences <br />', '2022-07-30 12:07:14', 0),
(45, 4, 'joHeal vous soigne et vous rend 78 points de vie', '2022-07-30 12:07:14', 0),
(46, 4, 'Vous infligez 129 points de dommages à joHeal et vous gagnez 220 points d\'expériences <br />', '2022-07-31 06:07:10', 0),
(47, 10, 'neraën vous attaque avec Fleche empoisonnée et vous inflige 129 points de dommages', '2022-07-31 06:07:10', 0),
(48, 4, 'Vous infligez 148 points de dommages à joHeal et vous gagnez 230 points d\'expériences <br />', '2022-07-31 06:07:08', 0),
(49, 10, 'neraën vous attaque avec Tir rapide et vous inflige 148 points de dommages', '2022-07-31 06:07:08', 0),
(50, 10, 'Vous infligez 133 points de dommages à neraën et vous gagnez 231 points d\'expériences <br />', '2022-08-01 10:08:23', 0),
(51, 4, 'joHeal vous attaque avec Frappe celeste et vous inflige 133 points de dommages', '2022-08-01 10:08:23', 0),
(52, 10, 'Vous soignez neraën, il récupère 114 points de vie et vous gagnez 255 points d\'expériences <br />', '2022-08-01 10:08:27', 0),
(53, 4, 'joHeal vous soigne et vous rend 114 points de vie', '2022-08-01 10:08:27', 0),
(54, 10, 'Vous soignez neraën, il récupère 96 points de vie et vous gagnez 245 points d\'expériences <br />', '2022-08-01 10:08:32', 0),
(55, 4, 'joHeal vous soigne et vous rend 96 points de vie', '2022-08-01 10:08:32', 0),
(56, 10, 'Vous soignez neraën, il récupère 132 points de vie et vous gagnez 204 points d\'expériences <br />', '2022-08-01 10:08:37', 0),
(57, 4, 'joHeal vous soigne et vous rend 132 points de vie', '2022-08-01 10:08:37', 0),
(58, 10, 'Vous soignez neraën, il récupère 70 points de vie et vous gagnez 255 points d\'expériences <br />', '2022-08-01 10:08:42', 0),
(59, 4, 'joHeal vous soigne et vous rend 70 points de vie', '2022-08-01 10:08:42', 0),
(60, 10, 'Vous infligez 131 points de dommages à neraën et vous gagnez 224 points d\'expériences <br />', '2022-08-01 10:08:47', 0),
(61, 4, 'joHeal vous attaque avec Frappe celeste et vous inflige 131 points de dommages', '2022-08-01 10:08:47', 0),
(62, 4, 'Vous infligez 406 points de dommages à joHeal et vous gagnez 198 points d\'expériences <br />', '2022-08-02 10:08:26', 0),
(63, 10, 'neraën vous attaque avec Fleche destructrice et vous inflige 406 points de dommages', '2022-08-02 10:08:26', 1),
(64, 10, 'Vous soignez neraën, il récupère 123 points de vie et vous gagnez 251 points d\'expériences <br />', '2022-08-02 10:08:29', 0),
(65, 4, 'joHeal vous soigne et vous rend 123 points de vie', '2022-08-02 10:08:29', 1),
(66, 10, 'Vous soignez neraën, il récupère 84 points de vie et vous gagnez 203 points d\'expériences <br />', '2022-08-02 10:08:33', 0),
(67, 4, 'joHeal vous soigne et vous rend 84 points de vie', '2022-08-02 10:08:33', 1),
(68, 10, 'Vous soignez neraën, il récupère 70 points de vie et vous gagnez 230 points d\'expériences <br />', '2022-08-02 10:08:38', 0),
(69, 4, 'joHeal vous soigne et vous rend 70 points de vie', '2022-08-02 10:08:38', 1),
(70, 10, 'Vous soignez neraën, il récupère 0 points de vie et vous gagnez 203 points d\'expériences <br />', '2022-08-02 10:08:43', 0),
(71, 4, 'joHeal vous soigne et vous rend 0 points de vie', '2022-08-02 10:08:43', 1),
(72, 4, 'Vous infligez 436 points de dommages à joHeal et vous gagnez 181 points d\'expériences <br />', '2022-08-02 12:08:07', 0),
(73, 10, 'neraën vous attaque avec Tir rapide et vous inflige 436 points de dommages', '2022-08-02 12:08:07', 1),
(74, 4, 'Vous infligez 548 points de dommages à joHeal et vous gagnez 237 points d\'expériences <br />Le joueur joHeal meurt, vous gagnez 27 points d\'honneur.', '2022-08-02 12:08:16', 0),
(75, 10, 'neraën vous attaque avec Fleche destructrice et vous inflige 548 points de dommagesneraën vous a tué, vous perdez -10 points d\'honneur.', '2022-08-02 12:08:16', 1),
(76, 10, 'Vous soignez neraën, il récupère 89 points de vie et vous gagnez 200 points d\'expériences <br />', '2022-08-02 12:08:51', 0),
(77, 4, 'joHeal vous soigne et vous rend 89 points de vie', '2022-08-02 12:08:51', 1),
(78, 10, 'Vous soignez neraën, il récupère 113 points de vie et vous gagnez 232 points d\'expériences <br />', '2022-08-02 12:08:56', 0),
(79, 4, 'joHeal vous soigne et vous rend 113 points de vie', '2022-08-02 12:08:56', 1),
(80, 10, 'Vous soignez neraën, il récupère 77 points de vie et vous gagnez 197 points d\'expériences <br />', '2022-08-02 12:08:01', 0),
(81, 4, 'joHeal vous soigne et vous rend 77 points de vie', '2022-08-02 12:08:01', 1),
(82, 10, 'Vous soignez neraën, il récupère 128 points de vie et vous gagnez 235 points d\'expériences <br />', '2022-08-02 12:08:06', 0),
(83, 4, 'joHeal vous soigne et vous rend 128 points de vie', '2022-08-02 12:08:06', 1),
(84, 4, 'Vous infligez 338 points de dommages à joHeal et vous gagnez 215 points d\'expériences <br />', '2022-08-02 03:08:39', 0),
(85, 10, 'neraën vous attaque avec Fleche empoisonnée et vous inflige 338 points de dommages', '2022-08-02 03:08:39', 1),
(86, 10, 'Vous soignez neraën, il récupère 76 points de vie et vous gagnez 238 points d\'expériences <br />', '2022-08-02 03:08:37', 0),
(87, 4, 'joHeal vous soigne et vous rend 76 points de vie', '2022-08-02 03:08:37', 1),
(88, 10, 'Vous soignez neraën, il récupère 96 points de vie et vous gagnez 214 points d\'expériences <br />', '2022-08-02 03:08:42', 0),
(89, 4, 'joHeal vous soigne et vous rend 96 points de vie', '2022-08-02 03:08:42', 1),
(90, 10, 'Vous soignez neraën, il récupère 97 points de vie et vous gagnez 200 points d\'expériences <br />', '2022-08-02 03:08:48', 0),
(91, 4, 'joHeal vous soigne et vous rend 97 points de vie', '2022-08-02 03:08:48', 1),
(92, 4, 'Le monstre Libellule vous a infligé 802 et vous a tué.', '2022-08-02 03:08:34', 1),
(93, 4, 'Vous infligez 1857 points de dommages à joHeal et vous gagnez 200 points d\'expériences <br />Le joueur joHeal meurt, vous gagnez 27 points d\'honneur.', '2022-08-02 03:08:10', 0),
(94, 10, 'neraën vous attaque avec Fleche destructrice et vous inflige 1857 points de dommagesneraën vous a tué, vous perdez -10 points d\'honneur.', '2022-08-02 03:08:10', 1),
(95, 11, 'Vous infligez 82 points de dommages à neraën et vous gagnez 215 points d\'expériences <br />', '2022-08-02 03:08:31', 0),
(96, 4, 'joMage vous attaque avec Boule de feu et vous inflige 82 points de dommages', '2022-08-02 03:08:31', 1),
(97, 10, 'Vous soignez neraën, il récupère 130 points de vie et vous gagnez 241 points d\'expériences <br />', '2022-08-02 04:08:42', 0),
(98, 4, 'joHeal vous soigne et vous rend 130 points de vie', '2022-08-02 04:08:42', 1),
(99, 10, 'Vous soignez neraën, il récupère 106 points de vie et vous gagnez 252 points d\'expériences <br />', '2022-08-02 04:08:47', 0),
(100, 4, 'joHeal vous soigne et vous rend 106 points de vie', '2022-08-02 04:08:47', 1),
(101, 4, 'Vous infligez 572 points de dommages à joHeal et vous gagnez 237 points d\'expériences <br />', '2022-08-02 04:08:02', 0),
(102, 10, 'neraën vous attaque avec Fleche destructrice et vous inflige 572 points de dommages', '2022-08-02 04:08:02', 1),
(103, 4, 'Vous infligez 644 points de dommages à joHeal et vous gagnez 192 points d\'expériences <br />Le joueur joHeal meurt, vous gagnez 27 points d\'honneur.', '2022-08-02 04:08:59', 0),
(104, 10, 'neraën vous attaque avec Fleche destructrice et vous inflige 644 points de dommagesneraën vous a tué, vous perdez -10 points d\'honneur.', '2022-08-02 04:08:59', 1),
(105, 11, 'Vous infligez 131 points de dommages à joHeal et vous gagnez 217 points d\'expériences <br />', '2022-08-02 04:08:24', 0),
(106, 10, 'joMage vous attaque avec Projectile démoniaque et vous inflige 131 points de dommages', '2022-08-02 04:08:24', 1),
(107, 11, 'Vous infligez 119 points de dommages à joHeal et vous gagnez 231 points d\'expériences <br />', '2022-08-02 04:08:31', 0),
(108, 10, 'joMage vous attaque avec Projectile démoniaque et vous inflige 119 points de dommages', '2022-08-02 04:08:31', 1),
(109, 11, 'Vous infligez 99 points de dommages à joHeal et vous gagnez 202 points d\'expériences <br />', '2022-08-02 04:08:35', 0),
(110, 10, 'joMage vous attaque avec Souffle de Borghem et vous inflige 99 points de dommages', '2022-08-02 04:08:35', 1),
(111, 11, 'Vous infligez 205 points de dommages à neraën et vous gagnez 228 points d\'expériences <br />', '2022-08-02 04:08:52', 0),
(112, 4, 'joMage vous attaque avec Déflagration incertaine et vous inflige 205 points de dommages', '2022-08-02 04:08:52', 1),
(113, 11, 'Vous infligez 243 points de dommages à neraën et vous gagnez 209 points d\'expériences <br />', '2022-08-02 05:08:41', 0),
(114, 4, 'joMage vous attaque avec Projectile démoniaque et vous inflige 243 points de dommages', '2022-08-02 05:08:41', 1),
(115, 11, 'Vous infligez 296 points de dommages à neraën et vous gagnez 189 points d\'expériences <br />', '2022-08-02 07:08:47', 0),
(116, 4, 'joMage vous attaque avec Souffle de Borghem et vous inflige 296 points de dommages', '2022-08-02 07:08:47', 1),
(117, 4, 'Vous infligez 309 points de dommages à joHeal et vous gagnez 191 points d\'expériences <br />Le joueur joHeal meurt, vous gagnez 27 points d\'honneur.', '2022-08-15 08:08:05', 0),
(118, 10, 'neraën vous attaque avec Tir rapide et vous inflige 309 points de dommagesneraën vous a tué, vous perdez -10 points d\'honneur.', '2022-08-15 08:08:05', 1),
(119, 11, 'Vous infligez 343 points de dommages à neraën et vous gagnez 194 points d\'expériences <br />', '2022-08-17 09:08:57', 0),
(120, 4, 'joMage vous attaque avec Boule de feu et vous inflige 343 points de dommages', '2022-08-17 09:08:57', 1),
(121, 4, 'Vous infligez 376 points de dommages à joMage et vous gagnez 195 points d\'expériences <br />', '2022-08-17 09:08:17', 0),
(122, 11, 'neraën vous attaque avec Fleche destructrice et vous inflige 376 points de dommages', '2022-08-17 09:08:17', 1),
(123, 4, 'Vous infligez 311 points de dommages à joMage et vous gagnez 225 points d\'expériences <br />Le joueur joMage meurt, vous gagnez 27 points d\'honneur.', '2022-08-17 09:08:29', 0),
(124, 11, 'neraën vous attaque avec Tir rapide et vous inflige 311 points de dommagesneraën vous a tué, vous perdez -10 points d\'honneur.', '2022-08-17 09:08:29', 1),
(125, 4, 'Vous infligez 248 points de dommages à joMage et vous gagnez 194 points d\'expériences <br />', '2022-09-14 07:09:46', 0),
(126, 11, 'neraën vous attaque avec Fleche empoisonnée et vous inflige 248 points de dommages', '2022-09-14 07:09:46', 1),
(127, 4, 'Vous infligez 329 points de dommages à joMage et vous gagnez 217 points d\'expériences <br />', '2022-10-26 09:10:04', 0),
(128, 11, 'neraën vous attaque avec Tir rapide et vous inflige 329 points de dommages', '2022-10-26 09:10:04', 1),
(129, 4, 'Le boss Grimbald l\'assoiffé vous a infligé 297 et vous a tué.', '2022-10-26 09:10:57', 1);

-- --------------------------------------------------------

--
-- Structure de la table `inventaire`
--

DROP TABLE IF EXISTS `inventaire`;
CREATE TABLE IF NOT EXISTS `inventaire` (
  `id` int(11) NOT NULL AUTO_INCREMENT,
  `user_id` int(11) NOT NULL,
  `taille_max` int(11) NOT NULL,
  PRIMARY KEY (`id`),
  UNIQUE KEY `UNIQ_338920E0A76ED395` (`user_id`)
) ENGINE=InnoDB AUTO_INCREMENT=5 DEFAULT CHARSET=utf8mb4 COLLATE=utf8mb4_unicode_ci;

--
-- Déchargement des données de la table `inventaire`
--

INSERT INTO `inventaire` (`id`, `user_id`, `taille_max`) VALUES
(1, 4, 100),
(2, 1, 100),
(3, 10, 100),
(4, 11, 100);

-- --------------------------------------------------------

--
-- Structure de la table `inventaire_consommable`
--

DROP TABLE IF EXISTS `inventaire_consommable`;
CREATE TABLE IF NOT EXISTS `inventaire_consommable` (
  `id` int(11) NOT NULL AUTO_INCREMENT,
  `inventaire_id` int(11) NOT NULL,
  `consommable_id` int(11) NOT NULL,
  `quantity` int(11) NOT NULL,
  PRIMARY KEY (`id`),
  KEY `IDX_3D549F50CE430A85` (`inventaire_id`),
  KEY `IDX_3D549F50C9CEB381` (`consommable_id`)
) ENGINE=InnoDB AUTO_INCREMENT=5 DEFAULT CHARSET=utf8mb4 COLLATE=utf8mb4_unicode_ci;

--
-- Déchargement des données de la table `inventaire_consommable`
--

INSERT INTO `inventaire_consommable` (`id`, `inventaire_id`, `consommable_id`, `quantity`) VALUES
(1, 1, 1, 871),
(2, 1, 2, 2),
(3, 4, 1, 78),
(4, 4, 2, 100);

-- --------------------------------------------------------

--
-- Structure de la table `inventaire_equipement`
--

DROP TABLE IF EXISTS `inventaire_equipement`;
CREATE TABLE IF NOT EXISTS `inventaire_equipement` (
  `id` int(11) NOT NULL AUTO_INCREMENT,
  `inventaire_id` int(11) NOT NULL,
  `equipement_id` int(11) NOT NULL,
  `quantity` int(11) NOT NULL,
  PRIMARY KEY (`id`),
  KEY `IDX_72237476CE430A85` (`inventaire_id`),
  KEY `IDX_72237476806F0F5C` (`equipement_id`)
) ENGINE=InnoDB AUTO_INCREMENT=24 DEFAULT CHARSET=utf8mb4 COLLATE=utf8mb4_unicode_ci;

--
-- Déchargement des données de la table `inventaire_equipement`
--

INSERT INTO `inventaire_equipement` (`id`, `inventaire_id`, `equipement_id`, `quantity`) VALUES
(6, 1, 2, 7),
(21, 3, 2, 3);

-- --------------------------------------------------------

--
-- Structure de la table `inventaire_objet`
--

DROP TABLE IF EXISTS `inventaire_objet`;
CREATE TABLE IF NOT EXISTS `inventaire_objet` (
  `id` int(11) NOT NULL AUTO_INCREMENT,
  `inventaire_id` int(11) NOT NULL,
  `objet_id` int(11) NOT NULL,
  `quantity` int(11) NOT NULL,
  PRIMARY KEY (`id`),
  KEY `IDX_AD0C365ACE430A85` (`inventaire_id`),
  KEY `IDX_AD0C365AF520CF5A` (`objet_id`)
) ENGINE=InnoDB AUTO_INCREMENT=8 DEFAULT CHARSET=utf8mb4 COLLATE=utf8mb4_unicode_ci;

--
-- Déchargement des données de la table `inventaire_objet`
--

INSERT INTO `inventaire_objet` (`id`, `inventaire_id`, `objet_id`, `quantity`) VALUES
(1, 1, 1, 28),
(2, 1, 2, 13),
(3, 1, 3, 24),
(4, 1, 4, 88),
(5, 2, 4, 5),
(6, 3, 4, 6),
(7, 4, 4, 3);

-- --------------------------------------------------------

--
-- Structure de la table `joueur_caracteristique`
--

DROP TABLE IF EXISTS `joueur_caracteristique`;
CREATE TABLE IF NOT EXISTS `joueur_caracteristique` (
  `id` int(11) NOT NULL AUTO_INCREMENT,
  `user_id` int(11) DEFAULT NULL,
  `caracteristique_id` int(11) DEFAULT NULL,
  `points` int(11) NOT NULL,
  PRIMARY KEY (`id`),
  KEY `IDX_3EAC2DEBA76ED395` (`user_id`),
  KEY `IDX_3EAC2DEB1704EEB7` (`caracteristique_id`)
) ENGINE=InnoDB AUTO_INCREMENT=33 DEFAULT CHARSET=utf8mb4 COLLATE=utf8mb4_unicode_ci;

--
-- Déchargement des données de la table `joueur_caracteristique`
--

INSERT INTO `joueur_caracteristique` (`id`, `user_id`, `caracteristique_id`, `points`) VALUES
(1, 4, 1, 23),
(2, 4, 2, 18),
(3, 4, 3, 47),
(4, 4, 4, 1),
(5, 4, 5, 1),
(6, 4, 6, 1),
(8, 1, 3, 1),
(9, 1, 2, 1),
(10, 1, 4, 1),
(11, 1, 5, 1),
(12, 1, 6, 1),
(13, 1, 1, 1),
(14, 8, 1, 1),
(15, 9, 1, 1),
(16, 9, 2, 1),
(17, 9, 3, 1),
(18, 9, 4, 1),
(19, 9, 5, 1),
(20, 9, 6, 1),
(21, 10, 1, 15),
(22, 10, 2, 1),
(23, 10, 3, 1),
(24, 10, 4, 20),
(25, 10, 5, 44),
(26, 10, 6, 0),
(27, 11, 1, 25),
(28, 11, 2, 1),
(29, 11, 3, 1),
(30, 11, 4, 87),
(31, 11, 5, 41),
(32, 11, 6, 1);

-- --------------------------------------------------------

--
-- Structure de la table `joueur_caracteristique_bonus`
--

DROP TABLE IF EXISTS `joueur_caracteristique_bonus`;
CREATE TABLE IF NOT EXISTS `joueur_caracteristique_bonus` (
  `id` int(11) NOT NULL AUTO_INCREMENT,
  `joueur_id` int(11) NOT NULL,
  `caracteristique_id` int(11) NOT NULL,
  `points` int(11) NOT NULL,
  PRIMARY KEY (`id`),
  KEY `IDX_793AFD35A9E2D76C` (`joueur_id`),
  KEY `IDX_793AFD351704EEB7` (`caracteristique_id`)
) ENGINE=InnoDB AUTO_INCREMENT=31 DEFAULT CHARSET=utf8mb4 COLLATE=utf8mb4_unicode_ci;

--
-- Déchargement des données de la table `joueur_caracteristique_bonus`
--

INSERT INTO `joueur_caracteristique_bonus` (`id`, `joueur_id`, `caracteristique_id`, `points`) VALUES
(1, 4, 1, 21),
(2, 4, 2, 20),
(3, 4, 3, 43),
(4, 4, 4, 0),
(5, 4, 5, 0),
(6, 4, 6, 8),
(7, 1, 6, 0),
(8, 1, 3, 0),
(9, 1, 2, 0),
(10, 1, 1, 0),
(11, 1, 4, 0),
(12, 1, 5, 0),
(13, 9, 1, 0),
(14, 9, 2, 0),
(15, 9, 3, 0),
(16, 9, 4, 0),
(17, 9, 5, 0),
(18, 9, 6, 0),
(19, 10, 1, 0),
(20, 10, 2, 0),
(21, 10, 3, 0),
(22, 10, 4, 0),
(23, 10, 5, 0),
(24, 10, 6, 0),
(25, 11, 1, 1),
(26, 11, 2, 2),
(27, 11, 3, 6),
(28, 11, 4, 0),
(29, 11, 5, 0),
(30, 11, 6, 1);

-- --------------------------------------------------------

--
-- Structure de la table `joueur_dialogue`
--

DROP TABLE IF EXISTS `joueur_dialogue`;
CREATE TABLE IF NOT EXISTS `joueur_dialogue` (
  `id` int(11) NOT NULL AUTO_INCREMENT,
  `joueur_id` int(11) NOT NULL,
  `dialogue_id` int(11) NOT NULL,
  PRIMARY KEY (`id`),
  KEY `IDX_7B0B32A1A9E2D76C` (`joueur_id`),
  KEY `IDX_7B0B32A1A6E12CBD` (`dialogue_id`)
) ENGINE=InnoDB DEFAULT CHARSET=utf8mb4 COLLATE=utf8mb4_unicode_ci;

-- --------------------------------------------------------

--
-- Structure de la table `joueur_grade`
--

DROP TABLE IF EXISTS `joueur_grade`;
CREATE TABLE IF NOT EXISTS `joueur_grade` (
  `id` int(11) NOT NULL AUTO_INCREMENT,
  `user_id` int(11) NOT NULL,
  `grade_id` int(11) DEFAULT NULL,
  PRIMARY KEY (`id`),
  KEY `IDX_81EF1732A76ED395` (`user_id`),
  KEY `IDX_81EF1732FE19A1A8` (`grade_id`)
) ENGINE=InnoDB DEFAULT CHARSET=utf8mb4 COLLATE=utf8mb4_unicode_ci;

-- --------------------------------------------------------

--
-- Structure de la table `joueur_guilde`
--

DROP TABLE IF EXISTS `joueur_guilde`;
CREATE TABLE IF NOT EXISTS `joueur_guilde` (
  `id` int(11) NOT NULL AUTO_INCREMENT,
  `user_id` int(11) NOT NULL,
  `guilde_id` int(11) NOT NULL,
  `grade` varchar(255) COLLATE utf8mb4_unicode_ci NOT NULL,
  PRIMARY KEY (`id`),
  KEY `IDX_471050CBA76ED395` (`user_id`),
  KEY `IDX_471050CBA2E96BBE` (`guilde_id`)
) ENGINE=InnoDB AUTO_INCREMENT=2 DEFAULT CHARSET=utf8mb4 COLLATE=utf8mb4_unicode_ci;

--
-- Déchargement des données de la table `joueur_guilde`
--

INSERT INTO `joueur_guilde` (`id`, `user_id`, `guilde_id`, `grade`) VALUES
(1, 4, 1, 'Baron');

-- --------------------------------------------------------

--
-- Structure de la table `message`
--

DROP TABLE IF EXISTS `message`;
CREATE TABLE IF NOT EXISTS `message` (
  `id` int(11) NOT NULL AUTO_INCREMENT,
  `expediteur_id` int(11) NOT NULL,
  `destinataire_id` int(11) NOT NULL,
  `contenu` longtext COLLATE utf8mb4_unicode_ci NOT NULL,
  `titre` varchar(255) COLLATE utf8mb4_unicode_ci DEFAULT NULL,
  `date` datetime NOT NULL,
  PRIMARY KEY (`id`),
  KEY `IDX_B6BD307F10335F61` (`expediteur_id`),
  KEY `IDX_B6BD307FA4F84F6E` (`destinataire_id`)
) ENGINE=InnoDB DEFAULT CHARSET=utf8mb4 COLLATE=utf8mb4_unicode_ci;

-- --------------------------------------------------------

--
-- Structure de la table `monstre`
--

DROP TABLE IF EXISTS `monstre`;
CREATE TABLE IF NOT EXISTS `monstre` (
  `id` int(11) NOT NULL AUTO_INCREMENT,
  `carte_carreau_id` int(11) DEFAULT NULL,
  `name` varchar(255) COLLATE utf8mb4_unicode_ci NOT NULL,
  `max_life` int(11) NOT NULL,
  `temps_repop` int(11) NOT NULL,
  `skin` varchar(255) COLLATE utf8mb4_unicode_ci NOT NULL,
  `puissance` int(11) NOT NULL,
  PRIMARY KEY (`id`),
  UNIQUE KEY `UNIQ_A20EC7A5F0CC4EC8` (`carte_carreau_id`)
) ENGINE=InnoDB AUTO_INCREMENT=4 DEFAULT CHARSET=utf8mb4 COLLATE=utf8mb4_unicode_ci;

--
-- Déchargement des données de la table `monstre`
--

INSERT INTO `monstre` (`id`, `carte_carreau_id`, `name`, `max_life`, `temps_repop`, `skin`, `puissance`) VALUES
(1, 550, 'Psilofrost', 500, 120, 'psilofrost_avatar', 20),
(2, NULL, 'fantome', 70, 41, 'test_skin.png', 800),
(3, NULL, 'Libellule', 600, 2, 'libellule_avatar', 28);

-- --------------------------------------------------------

--
-- Structure de la table `monstre_carreau`
--

DROP TABLE IF EXISTS `monstre_carreau`;
CREATE TABLE IF NOT EXISTS `monstre_carreau` (
  `id` int(11) NOT NULL AUTO_INCREMENT,
  `monstre_id` int(11) NOT NULL,
  `quantity` int(11) NOT NULL,
  `current_life` int(11) NOT NULL,
  `quantity_base` int(11) NOT NULL,
  `carte_carreau_id` int(11) NOT NULL,
  PRIMARY KEY (`id`),
  KEY `IDX_1B995CC9DAF13697` (`monstre_id`),
  KEY `IDX_1B995CC9F0CC4EC8` (`carte_carreau_id`)
) ENGINE=InnoDB AUTO_INCREMENT=11 DEFAULT CHARSET=utf8mb4 COLLATE=utf8mb4_unicode_ci;

--
-- Déchargement des données de la table `monstre_carreau`
--

INSERT INTO `monstre_carreau` (`id`, `monstre_id`, `quantity`, `current_life`, `quantity_base`, `carte_carreau_id`) VALUES
(1, 1, 444, 299, 500, 634),
(2, 1, 500, 500, 500, 250),
(3, 1, 500, 500, 500, 277),
(4, 1, 8, 304, 8, 292),
(5, 1, 5, 215, 9, 466),
(6, 1, 9, 500, 9, 682),
(7, 3, -84, 600, 8, 1926),
(8, 3, -6, 600, 8, 2017),
(9, 3, 8, 600, 8, 2033),
(10, 3, 8, 600, 8, 2288);

-- --------------------------------------------------------

--
-- Structure de la table `monstre_objet`
--

DROP TABLE IF EXISTS `monstre_objet`;
CREATE TABLE IF NOT EXISTS `monstre_objet` (
  `id` int(11) NOT NULL AUTO_INCREMENT,
  `monstre_id` int(11) NOT NULL,
  `objet_id` int(11) NOT NULL,
  `taux_drop` int(11) NOT NULL,
  `type_drop` varchar(255) COLLATE utf8mb4_unicode_ci NOT NULL,
  `diviseur_taux_drop` int(11) NOT NULL,
  PRIMARY KEY (`id`),
  KEY `IDX_E432EA0FDAF13697` (`monstre_id`),
  KEY `IDX_E432EA0FF520CF5A` (`objet_id`)
) ENGINE=InnoDB AUTO_INCREMENT=2 DEFAULT CHARSET=utf8mb4 COLLATE=utf8mb4_unicode_ci;

--
-- Déchargement des données de la table `monstre_objet`
--

INSERT INTO `monstre_objet` (`id`, `monstre_id`, `objet_id`, `taux_drop`, `type_drop`, `diviseur_taux_drop`) VALUES
(1, 1, 4, 60, 'objet', 100);

-- --------------------------------------------------------

--
-- Structure de la table `niveau`
--

DROP TABLE IF EXISTS `niveau`;
CREATE TABLE IF NOT EXISTS `niveau` (
  `id` int(11) NOT NULL AUTO_INCREMENT,
  `niveau` int(11) NOT NULL,
  `experience` int(11) NOT NULL,
  PRIMARY KEY (`id`)
) ENGINE=InnoDB AUTO_INCREMENT=301 DEFAULT CHARSET=utf8mb4 COLLATE=utf8mb4_unicode_ci;

--
-- Déchargement des données de la table `niveau`
--

INSERT INTO `niveau` (`id`, `niveau`, `experience`) VALUES
(1, 1, 10000),
(2, 2, 10100),
(3, 3, 10201),
(4, 4, 10303),
(5, 5, 10406),
(6, 6, 10510),
(7, 7, 10615),
(8, 8, 10721),
(9, 9, 10828),
(10, 10, 10936),
(11, 11, 11046),
(12, 12, 11156),
(13, 13, 11268),
(14, 14, 11380),
(15, 15, 11494),
(16, 16, 11609),
(17, 17, 11725),
(18, 18, 11843),
(19, 19, 11961),
(20, 20, 12081),
(21, 21, 12201),
(22, 22, 12323),
(23, 23, 12447),
(24, 24, 12571),
(25, 25, 12697),
(26, 26, 12824),
(27, 27, 12952),
(28, 28, 13082),
(29, 29, 13212),
(30, 30, 13345),
(31, 31, 13478),
(32, 32, 13613),
(33, 33, 13749),
(34, 34, 13886),
(35, 35, 14025),
(36, 36, 14166),
(37, 37, 14307),
(38, 38, 14450),
(39, 39, 14595),
(40, 40, 14741),
(41, 41, 14888),
(42, 42, 15037),
(43, 43, 15187),
(44, 44, 15339),
(45, 45, 15493),
(46, 46, 15648),
(47, 47, 15804),
(48, 48, 15962),
(49, 49, 16122),
(50, 50, 16283),
(51, 51, 16446),
(52, 52, 16610),
(53, 53, 16776),
(54, 54, 16944),
(55, 55, 17114),
(56, 56, 17285),
(57, 57, 17458),
(58, 58, 17632),
(59, 59, 17809),
(60, 60, 17987),
(61, 61, 18166),
(62, 62, 18348),
(63, 63, 18532),
(64, 64, 18717),
(65, 65, 18904),
(66, 66, 19093),
(67, 67, 19284),
(68, 68, 19477),
(69, 69, 19672),
(70, 70, 19868),
(71, 71, 20067),
(72, 72, 20268),
(73, 73, 20470),
(74, 74, 20675),
(75, 75, 20882),
(76, 76, 21091),
(77, 77, 21302),
(78, 78, 21515),
(79, 79, 21730),
(80, 80, 21947),
(81, 81, 22167),
(82, 82, 22388),
(83, 83, 22612),
(84, 84, 22838),
(85, 85, 23067),
(86, 86, 23297),
(87, 87, 23530),
(88, 88, 23766),
(89, 89, 24003),
(90, 90, 24243),
(91, 91, 24486),
(92, 92, 24731),
(93, 93, 24978),
(94, 94, 25228),
(95, 95, 25480),
(96, 96, 25735),
(97, 97, 25992),
(98, 98, 26252),
(99, 99, 26515),
(100, 100, 26780),
(101, 101, 27048),
(102, 102, 27318),
(103, 103, 27591),
(104, 104, 27867),
(105, 105, 28146),
(106, 106, 28427),
(107, 107, 28712),
(108, 108, 28999),
(109, 109, 29289),
(110, 110, 29582),
(111, 111, 29877),
(112, 112, 30176),
(113, 113, 30478),
(114, 114, 30783),
(115, 115, 31091),
(116, 116, 31402),
(117, 117, 31716),
(118, 118, 32033),
(119, 119, 32353),
(120, 120, 32677),
(121, 121, 33003),
(122, 122, 33333),
(123, 123, 33667),
(124, 124, 34003),
(125, 125, 34343),
(126, 126, 34687),
(127, 127, 35034),
(128, 128, 35384),
(129, 129, 35738),
(130, 130, 36095),
(131, 131, 36456),
(132, 132, 36821),
(133, 133, 37189),
(134, 134, 37561),
(135, 135, 37937),
(136, 136, 38316),
(137, 137, 38699),
(138, 138, 39086),
(139, 139, 39477),
(140, 140, 39872),
(141, 141, 40270),
(142, 142, 40673),
(143, 143, 41080),
(144, 144, 41491),
(145, 145, 41906),
(146, 146, 42325),
(147, 147, 42748),
(148, 148, 43175),
(149, 149, 43607),
(150, 150, 44043),
(151, 151, 44484),
(152, 152, 44929),
(153, 153, 45378),
(154, 154, 45832),
(155, 155, 46290),
(156, 156, 46753),
(157, 157, 47220),
(158, 158, 47693),
(159, 159, 48170),
(160, 160, 48651),
(161, 161, 49138),
(162, 162, 49629),
(163, 163, 50125),
(164, 164, 50627),
(165, 165, 51133),
(166, 166, 51644),
(167, 167, 52161),
(168, 168, 52682),
(169, 169, 53209),
(170, 170, 53741),
(171, 171, 54279),
(172, 172, 54822),
(173, 173, 55370),
(174, 174, 55923),
(175, 175, 56483),
(176, 176, 57047),
(177, 177, 57618),
(178, 178, 58194),
(179, 179, 58776),
(180, 180, 59364),
(181, 181, 59958),
(182, 182, 60557),
(183, 183, 61163),
(184, 184, 61774),
(185, 185, 62392),
(186, 186, 63016),
(187, 187, 63646),
(188, 188, 64283),
(189, 189, 64925),
(190, 190, 65575),
(191, 191, 66230),
(192, 192, 66893),
(193, 193, 67562),
(194, 194, 68237),
(195, 195, 68920),
(196, 196, 69609),
(197, 197, 70305),
(198, 198, 71008),
(199, 199, 71718),
(200, 200, 72435),
(201, 201, 73160),
(202, 202, 73891),
(203, 203, 74630),
(204, 204, 75377),
(205, 205, 76130),
(206, 206, 76892),
(207, 207, 77661),
(208, 208, 78437),
(209, 209, 79221),
(210, 210, 80014),
(211, 211, 80814),
(212, 212, 81622),
(213, 213, 82438),
(214, 214, 83263),
(215, 215, 84095),
(216, 216, 84936),
(217, 217, 85786),
(218, 218, 86643),
(219, 219, 87510),
(220, 220, 88385),
(221, 221, 89269),
(222, 222, 90162),
(223, 223, 91063),
(224, 224, 91974),
(225, 225, 92894),
(226, 226, 93822),
(227, 227, 94761),
(228, 228, 95708),
(229, 229, 96665),
(230, 230, 97632),
(231, 231, 98608),
(232, 232, 99594),
(233, 233, 100590),
(234, 234, 101596),
(235, 235, 102612),
(236, 236, 103638),
(237, 237, 104675),
(238, 238, 105722),
(239, 239, 106779),
(240, 240, 107847),
(241, 241, 108925),
(242, 242, 110014),
(243, 243, 111114),
(244, 244, 112226),
(245, 245, 113348),
(246, 246, 114481),
(247, 247, 115626),
(248, 248, 116782),
(249, 249, 117950),
(250, 250, 119130),
(251, 251, 120321),
(252, 252, 121524),
(253, 253, 122740),
(254, 254, 123967),
(255, 255, 125207),
(256, 256, 126459),
(257, 257, 127723),
(258, 258, 129000),
(259, 259, 130291),
(260, 260, 131593),
(261, 261, 132909),
(262, 262, 134238),
(263, 263, 135581),
(264, 264, 136937),
(265, 265, 138306),
(266, 266, 139689),
(267, 267, 141086),
(268, 268, 142497),
(269, 269, 143922),
(270, 270, 145361),
(271, 271, 146815),
(272, 272, 148283),
(273, 273, 149766),
(274, 274, 151263),
(275, 275, 152776),
(276, 276, 154304),
(277, 277, 155847),
(278, 278, 157405),
(279, 279, 158979),
(280, 280, 160569),
(281, 281, 162175),
(282, 282, 163797),
(283, 283, 165435),
(284, 284, 167089),
(285, 285, 168760),
(286, 286, 170447),
(287, 287, 172152),
(288, 288, 173873),
(289, 289, 175612),
(290, 290, 177368),
(291, 291, 179142),
(292, 292, 180933),
(293, 293, 182743),
(294, 294, 184570),
(295, 295, 186416),
(296, 296, 188280),
(297, 297, 190163),
(298, 298, 192064),
(299, 299, 193985),
(300, 300, 195925);

-- --------------------------------------------------------

--
-- Structure de la table `niveau_joueur`
--

DROP TABLE IF EXISTS `niveau_joueur`;
CREATE TABLE IF NOT EXISTS `niveau_joueur` (
  `id` int(11) NOT NULL AUTO_INCREMENT,
  `user_id` int(11) DEFAULT NULL,
  `niveau_id` int(11) DEFAULT NULL,
  `experience` int(11) NOT NULL,
  PRIMARY KEY (`id`),
  UNIQUE KEY `UNIQ_59450A5AA76ED395` (`user_id`),
  KEY `IDX_59450A5AB3E9C81` (`niveau_id`)
) ENGINE=InnoDB AUTO_INCREMENT=10 DEFAULT CHARSET=utf8mb4 COLLATE=utf8mb4_unicode_ci;

--
-- Déchargement des données de la table `niveau_joueur`
--

INSERT INTO `niveau_joueur` (`id`, `user_id`, `niveau_id`, `experience`) VALUES
(1, 1, 1, 4060),
(2, 4, 17, 5411),
(3, 5, 1, 0),
(4, 6, 1, 0),
(5, 7, 1, -900),
(6, 8, 1, -2700),
(7, 9, 1, -900),
(8, 10, 15, 4194),
(9, 11, 30, 8165);

-- --------------------------------------------------------

--
-- Structure de la table `non_player_sortillege`
--

DROP TABLE IF EXISTS `non_player_sortillege`;
CREATE TABLE IF NOT EXISTS `non_player_sortillege` (
  `id` int(11) NOT NULL AUTO_INCREMENT,
  `name` varchar(255) COLLATE utf8mb4_unicode_ci NOT NULL,
  `cooldown` int(11) NOT NULL,
  `degat_base` int(11) NOT NULL,
  `portee` int(11) NOT NULL,
  `coef_principal` double NOT NULL,
  `coef_secondaire` double NOT NULL,
  `type` varchar(255) COLLATE utf8mb4_unicode_ci NOT NULL,
  PRIMARY KEY (`id`)
) ENGINE=InnoDB AUTO_INCREMENT=3 DEFAULT CHARSET=utf8mb4 COLLATE=utf8mb4_unicode_ci;

--
-- Déchargement des données de la table `non_player_sortillege`
--

INSERT INTO `non_player_sortillege` (`id`, `name`, `cooldown`, `degat_base`, `portee`, `coef_principal`, `coef_secondaire`, `type`) VALUES
(1, 'Vita furari morsu', 0, 150, 9, 3.2, 2.4, 'attack'),
(2, 'exacerbare', 0, 230, 9, 3.8, 3.2, 'attack');

-- --------------------------------------------------------

--
-- Structure de la table `objet`
--

DROP TABLE IF EXISTS `objet`;
CREATE TABLE IF NOT EXISTS `objet` (
  `id` int(11) NOT NULL AUTO_INCREMENT,
  `name` varchar(255) COLLATE utf8mb4_unicode_ci NOT NULL,
  `description` varchar(2000) COLLATE utf8mb4_unicode_ci DEFAULT NULL,
  `prix_vente` int(11) DEFAULT NULL,
  `image` varchar(255) COLLATE utf8mb4_unicode_ci DEFAULT NULL,
  PRIMARY KEY (`id`)
) ENGINE=InnoDB AUTO_INCREMENT=5 DEFAULT CHARSET=utf8mb4 COLLATE=utf8mb4_unicode_ci;

--
-- Déchargement des données de la table `objet`
--

INSERT INTO `objet` (`id`, `name`, `description`, `prix_vente`, `image`) VALUES
(1, 'Ailes de libellule', 'Ailes provenant des libellules géantes d\'Alcazan, utiles pour l\'alchimie. ', 24, 'aile_4.png'),
(2, 'Coquille bleu', 'Coquille d\'un redoutable escargot venimeux. A manipuler avec précaution.', 18, 'coquille4.png'),
(3, 'Crinière de hérisson', 'Nombreux sont ceux qui se sont retrouvé les doigts en sang en essayant de la ramasser ...', 46, 'criniere_herisson.png'),
(4, 'Chapeau de champignon bleu', 'Chapi chapo ...', 8, 'chapeau1.png');

-- --------------------------------------------------------

--
-- Structure de la table `pnj`
--

DROP TABLE IF EXISTS `pnj`;
CREATE TABLE IF NOT EXISTS `pnj` (
  `id` int(11) NOT NULL AUTO_INCREMENT,
  `name` varchar(255) COLLATE utf8mb4_unicode_ci NOT NULL,
  `avatar` varchar(255) COLLATE utf8mb4_unicode_ci NOT NULL,
  `skin` varchar(255) COLLATE utf8mb4_unicode_ci NOT NULL,
  `description` varchar(500) COLLATE utf8mb4_unicode_ci NOT NULL,
  `shop_id` int(11) DEFAULT NULL,
  `type` varchar(30) COLLATE utf8mb4_unicode_ci NOT NULL,
  `quete_id` int(11) DEFAULT NULL,
  PRIMARY KEY (`id`),
  KEY `IDX_FDA97F2D4D16C4DD` (`shop_id`),
  KEY `IDX_FDA97F2D7A1B721E` (`quete_id`)
) ENGINE=InnoDB AUTO_INCREMENT=6 DEFAULT CHARSET=utf8mb4 COLLATE=utf8mb4_unicode_ci;

--
-- Déchargement des données de la table `pnj`
--

INSERT INTO `pnj` (`id`, `name`, `avatar`, `skin`, `description`, `shop_id`, `type`, `quete_id`) VALUES
(1, 'Leopold le grand Huvelle', 'pnjTutorialAvatar', 'pnjTutorialSkin3', 'C\'est peut-être l\'occasion de commencer votre première quête ...', NULL, 'quest', 1),
(2, 'Test de pnj', 'test_avatar.png', 'test_skin.png', 'Une description de test', NULL, '', NULL),
(3, 'Armurier de Noobycité', 'armurier', 'armurier', 'Engager la conversation, c\'est repartir sans un sous !', 1, 'shop', NULL),
(4, 'Aubergiste de Noobycité', 'aubergiste', 'aubergiste', 'Si vous avez besoin de vous reposez de vos aventures, c\'est l\'homme qu\'il vous faut.', NULL, 'action', NULL),
(5, 'Maître des guildes', 'maitreGuildeAvatar.png', 'maitreGuildeSkin', 'Viens me voir si tu souhaites rejoindre une guilde.', NULL, 'guilde', NULL);

-- --------------------------------------------------------

--
-- Structure de la table `position_equipement`
--

DROP TABLE IF EXISTS `position_equipement`;
CREATE TABLE IF NOT EXISTS `position_equipement` (
  `id` int(11) NOT NULL AUTO_INCREMENT,
  `name` varchar(255) COLLATE utf8mb4_unicode_ci NOT NULL,
  PRIMARY KEY (`id`)
) ENGINE=InnoDB AUTO_INCREMENT=8 DEFAULT CHARSET=utf8mb4 COLLATE=utf8mb4_unicode_ci;

--
-- Déchargement des données de la table `position_equipement`
--

INSERT INTO `position_equipement` (`id`, `name`) VALUES
(1, 'bras-droit'),
(2, 'bras-gauche'),
(3, 'corps'),
(4, 'cou'),
(5, 'jambes'),
(6, 'pieds'),
(7, 'tete');

-- --------------------------------------------------------

--
-- Structure de la table `quete`
--

DROP TABLE IF EXISTS `quete`;
CREATE TABLE IF NOT EXISTS `quete` (
  `id` int(11) NOT NULL AUTO_INCREMENT,
  `name` varchar(255) COLLATE utf8mb4_unicode_ci NOT NULL,
  PRIMARY KEY (`id`)
) ENGINE=InnoDB AUTO_INCREMENT=2 DEFAULT CHARSET=utf8mb4 COLLATE=utf8mb4_unicode_ci;

--
-- Déchargement des données de la table `quete`
--

INSERT INTO `quete` (`id`, `name`) VALUES
(1, 'Choix de la classe');

-- --------------------------------------------------------

--
-- Structure de la table `rarete`
--

DROP TABLE IF EXISTS `rarete`;
CREATE TABLE IF NOT EXISTS `rarete` (
  `id` int(11) NOT NULL AUTO_INCREMENT,
  `name` varchar(255) COLLATE utf8mb4_unicode_ci NOT NULL,
  `couleur` varchar(255) COLLATE utf8mb4_unicode_ci NOT NULL,
  PRIMARY KEY (`id`)
) ENGINE=InnoDB DEFAULT CHARSET=utf8mb4 COLLATE=utf8mb4_unicode_ci;

-- --------------------------------------------------------

--
-- Structure de la table `rarity`
--

DROP TABLE IF EXISTS `rarity`;
CREATE TABLE IF NOT EXISTS `rarity` (
  `id` int(11) NOT NULL AUTO_INCREMENT,
  `name` varchar(255) COLLATE utf8mb4_unicode_ci NOT NULL,
  PRIMARY KEY (`id`)
) ENGINE=InnoDB AUTO_INCREMENT=7 DEFAULT CHARSET=utf8mb4 COLLATE=utf8mb4_unicode_ci;

--
-- Déchargement des données de la table `rarity`
--

INSERT INTO `rarity` (`id`, `name`) VALUES
(1, 'commun'),
(2, 'peu-commun'),
(3, 'rare'),
(4, 'epique'),
(5, 'legendaire'),
(6, 'heroique');

-- --------------------------------------------------------

--
-- Structure de la table `recompense`
--

DROP TABLE IF EXISTS `recompense`;
CREATE TABLE IF NOT EXISTS `recompense` (
  `id` int(11) NOT NULL AUTO_INCREMENT,
  `sequence_id` int(11) DEFAULT NULL,
  `objet_id` int(11) DEFAULT NULL,
  `equipement_id` int(11) DEFAULT NULL,
  `consommable_id` int(11) DEFAULT NULL,
  `money` int(11) DEFAULT NULL,
  `experience` int(11) DEFAULT NULL,
  `quantity` int(11) DEFAULT NULL,
  PRIMARY KEY (`id`),
  KEY `IDX_1E9BC0DE98FB19AE` (`sequence_id`),
  KEY `IDX_1E9BC0DEF520CF5A` (`objet_id`),
  KEY `IDX_1E9BC0DE806F0F5C` (`equipement_id`),
  KEY `IDX_1E9BC0DEC9CEB381` (`consommable_id`)
) ENGINE=InnoDB AUTO_INCREMENT=4 DEFAULT CHARSET=utf8mb4 COLLATE=utf8mb4_unicode_ci;

--
-- Déchargement des données de la table `recompense`
--

INSERT INTO `recompense` (`id`, `sequence_id`, `objet_id`, `equipement_id`, `consommable_id`, `money`, `experience`, `quantity`) VALUES
(1, 1, NULL, 2, NULL, 1000, 2800, 1),
(2, NULL, NULL, 1, NULL, 2500, 3200, 1),
(3, NULL, NULL, 2, NULL, 3000, 4000, 1);

-- --------------------------------------------------------

--
-- Structure de la table `sequence`
--

DROP TABLE IF EXISTS `sequence`;
CREATE TABLE IF NOT EXISTS `sequence` (
  `id` int(11) NOT NULL AUTO_INCREMENT,
  `pnj_id` int(11) NOT NULL,
  `position` int(11) NOT NULL,
  `is_last` tinyint(1) NOT NULL,
  `dialogue_id` int(11) DEFAULT NULL,
  `quete_id` int(11) DEFAULT NULL,
  `has_action` tinyint(1) DEFAULT NULL,
  PRIMARY KEY (`id`),
  KEY `IDX_5286D72B51796E0B` (`pnj_id`),
  KEY `IDX_5286D72BA6E12CBD` (`dialogue_id`),
  KEY `IDX_5286D72B7A1B721E` (`quete_id`)
) ENGINE=InnoDB AUTO_INCREMENT=5 DEFAULT CHARSET=utf8mb4 COLLATE=utf8mb4_unicode_ci;

--
-- Déchargement des données de la table `sequence`
--

INSERT INTO `sequence` (`id`, `pnj_id`, `position`, `is_last`, `dialogue_id`, `quete_id`, `has_action`) VALUES
(1, 1, 1, 1, 1, 1, 1),
(2, 1, 2, 1, 2, 1, 0),
(3, 4, 1, 1, 3, NULL, 1),
(4, 5, 1, 1, 4, NULL, 1);

-- --------------------------------------------------------

--
-- Structure de la table `sequence_action`
--

DROP TABLE IF EXISTS `sequence_action`;
CREATE TABLE IF NOT EXISTS `sequence_action` (
  `id` int(11) NOT NULL AUTO_INCREMENT,
  `sequence_id` int(11) DEFAULT NULL,
  `action_id` int(11) NOT NULL,
  `position` int(11) NOT NULL,
  PRIMARY KEY (`id`),
  KEY `IDX_23DCA8FB98FB19AE` (`sequence_id`),
  KEY `IDX_23DCA8FB9D32F035` (`action_id`)
) ENGINE=InnoDB AUTO_INCREMENT=6 DEFAULT CHARSET=utf8mb4 COLLATE=utf8mb4_unicode_ci;

--
-- Déchargement des données de la table `sequence_action`
--

INSERT INTO `sequence_action` (`id`, `sequence_id`, `action_id`, `position`) VALUES
(1, 1, 1, 1),
(2, 1, 2, 2),
(3, 1, 3, 3),
(4, 1, 4, 4),
(5, 3, 5, 1);

-- --------------------------------------------------------

--
-- Structure de la table `shop`
--

DROP TABLE IF EXISTS `shop`;
CREATE TABLE IF NOT EXISTS `shop` (
  `id` int(11) NOT NULL AUTO_INCREMENT,
  `name` varchar(255) COLLATE utf8mb4_unicode_ci NOT NULL,
  `type` varchar(30) COLLATE utf8mb4_unicode_ci NOT NULL,
  PRIMARY KEY (`id`)
) ENGINE=InnoDB AUTO_INCREMENT=2 DEFAULT CHARSET=utf8mb4 COLLATE=utf8mb4_unicode_ci;

--
-- Déchargement des données de la table `shop`
--

INSERT INTO `shop` (`id`, `name`, `type`) VALUES
(1, 'Armurier de Noobycité', 'equipement');

-- --------------------------------------------------------

--
-- Structure de la table `shop_equipement`
--

DROP TABLE IF EXISTS `shop_equipement`;
CREATE TABLE IF NOT EXISTS `shop_equipement` (
  `id` int(11) NOT NULL AUTO_INCREMENT,
  `shop_id` int(11) NOT NULL,
  `equipement_id` int(11) NOT NULL,
  PRIMARY KEY (`id`),
  KEY `IDX_C2C72BD54D16C4DD` (`shop_id`),
  KEY `IDX_C2C72BD5806F0F5C` (`equipement_id`)
) ENGINE=InnoDB AUTO_INCREMENT=3 DEFAULT CHARSET=utf8mb4 COLLATE=utf8mb4_unicode_ci;

--
-- Déchargement des données de la table `shop_equipement`
--

INSERT INTO `shop_equipement` (`id`, `shop_id`, `equipement_id`) VALUES
(1, 1, 1),
(2, 1, 2);

-- --------------------------------------------------------

--
-- Structure de la table `shop_objet`
--

DROP TABLE IF EXISTS `shop_objet`;
CREATE TABLE IF NOT EXISTS `shop_objet` (
  `id` int(11) NOT NULL AUTO_INCREMENT,
  `shop_id` int(11) NOT NULL,
  `objet_id` int(11) NOT NULL,
  PRIMARY KEY (`id`),
  KEY `IDX_81DB166A4D16C4DD` (`shop_id`),
  KEY `IDX_81DB166AF520CF5A` (`objet_id`)
) ENGINE=InnoDB DEFAULT CHARSET=utf8mb4 COLLATE=utf8mb4_unicode_ci;

-- --------------------------------------------------------

--
-- Structure de la table `sortilege`
--

DROP TABLE IF EXISTS `sortilege`;
CREATE TABLE IF NOT EXISTS `sortilege` (
  `id` int(11) NOT NULL AUTO_INCREMENT,
  `classe_id` int(11) NOT NULL,
  `nom` varchar(255) COLLATE utf8mb4_unicode_ci NOT NULL,
  `cooldown` double NOT NULL,
  `degat_base` int(11) NOT NULL,
  `icone` varchar(255) COLLATE utf8mb4_unicode_ci NOT NULL,
  `niveau` int(11) NOT NULL,
  `portee` int(11) NOT NULL,
  `caracteristique_degat` int(11) NOT NULL,
  `caracteristique_equilibre` int(11) NOT NULL,
  `coef_principal` double NOT NULL,
  `coef_secondaire` double NOT NULL,
  `type` varchar(255) COLLATE utf8mb4_unicode_ci NOT NULL,
  `point_action` int(11) NOT NULL,
  `buff_id` int(11) DEFAULT NULL,
  `description` longtext COLLATE utf8mb4_unicode_ci DEFAULT NULL,
  PRIMARY KEY (`id`),
  KEY `IDX_7102EB878F5EA509` (`classe_id`),
  KEY `IDX_7102EB874B9528D0` (`buff_id`)
) ENGINE=InnoDB AUTO_INCREMENT=16 DEFAULT CHARSET=utf8mb4 COLLATE=utf8mb4_unicode_ci;

--
-- Déchargement des données de la table `sortilege`
--

INSERT INTO `sortilege` (`id`, `classe_id`, `nom`, `cooldown`, `degat_base`, `icone`, `niveau`, `portee`, `caracteristique_degat`, `caracteristique_equilibre`, `coef_principal`, `coef_secondaire`, `type`, `point_action`, `buff_id`, `description`) VALUES
(1, 4, 'Tir rapide', 5, 45, 'archer/tir-rapide.png', 1, 4, 3, 2, 3.3, 1.8, 'attack', 1, NULL, 'Un tir rapide d\'une puissance modérée.'),
(2, 4, 'Fleche destructrice', 10, 95, 'archer/fleche-destructrice.png', 15, 5, 3, 2, 5, 2.3, 'attack', 2, NULL, 'Une fleche puissante, qui détruit tout sur son passage. Attention toute fois à son irrégularité. '),
(3, 3, 'Patate de forain', 8, 38, 'gueux/poing.png', 1, 1, 2, 3, 2.5, 1.8, 'attack', 1, NULL, 'comme dirait seth ...'),
(4, 2, 'Coup chargé', 8.5, 120, 'guerrier/coupCharge.png', 1, 1, 2, 3, 4.2, 2.4, 'attack', 1, NULL, NULL),
(5, 1, 'Soin mineur', 5, 38, 'moine/soinMineur.png', 1, 3, 5, 4, 2.2, 1.4, 'soin', 1, NULL, NULL),
(6, 1, 'Frappe celeste', 9, 80, 'moine/frappeCeleste.png', 1, 3, 4, 5, 2.86, 1.02, 'attack', 1, NULL, NULL),
(7, 5, 'Boule de feu', 7, 70, 'sorcier/bouleDeFeu.png', 1, 5, 4, 5, 3.85, 2.95, 'attack', 1, NULL, NULL),
(8, 4, 'Fleche empoisonnée', 10, 55, 'archer/fleche-empoisonnee.png', 15, 3, 2, 3, 2.2, 1.8, 'attack', 2, NULL, 'Une flèche peu puissante qui empêche la cible de se soigner pendant un court laps de temps.'),
(9, 4, 'Maîtrise de l\'arc', 0, 0, 'archer/maitrise-arc.png', 15, 0, 0, 0, 0, 0, 'buff', 3, 5, 'Un buff qui confère +40 en dextérité pendant 5 minutes'),
(10, 1, 'Bénédiction des dieux', 5, 0, 'moine/benediction-dieu.png', 1, 2, 0, 0, 0, 0, 'buff', 3, 1, NULL),
(11, 1, 'Méditation', 4, 70, 'moine/meditation.png', 15, 0, 5, 4, 2.3, 1.9, 'soin', 2, NULL, NULL),
(12, 5, 'Souffle de Borghem', 10, 90, 'sorcier/souffle-borghem.png', 1, 2, 4, 5, 3.4, 2.1, 'attack', 3, 2, NULL),
(13, 5, 'Projectile démoniaque', 8, 110, 'sorcier/projectile-demoniaque.png', 1, 4, 4, 5, 3, 1.8, 'attack', 2, 3, NULL),
(14, 5, 'Déflagration incertaine', 30, 180, 'sorcier/deflagration-incertaine.png', 1, 4, 4, 5, 5.8, 2.9, 'attack', 3, NULL, NULL),
(15, 5, 'Equilibre des sages', 0, 0, 'sorcier/equilibre-sages.png', 1, 0, 0, 0, 0, 0, 'buff', 3, 4, NULL);

-- --------------------------------------------------------

--
-- Structure de la table `user`
--

DROP TABLE IF EXISTS `user`;
CREATE TABLE IF NOT EXISTS `user` (
  `id` int(11) NOT NULL AUTO_INCREMENT,
  `guilde_id` int(11) DEFAULT NULL,
  `alignement_id` int(11) DEFAULT NULL,
  `email` varchar(180) COLLATE utf8mb4_unicode_ci NOT NULL,
  `roles` longtext CHARACTER SET utf8mb4 COLLATE utf8mb4_bin NOT NULL CHECK (json_valid(`roles`)),
  `password` varchar(255) COLLATE utf8mb4_unicode_ci NOT NULL,
  `pseudo` varchar(255) COLLATE utf8mb4_unicode_ci NOT NULL,
  `is_active` tinyint(1) NOT NULL,
  `numero` varchar(255) COLLATE utf8mb4_unicode_ci DEFAULT NULL,
  `description` longtext COLLATE utf8mb4_unicode_ci DEFAULT NULL,
  `created` datetime NOT NULL,
  `updated` datetime DEFAULT NULL,
  `last_connexion` datetime DEFAULT NULL,
  `classe_id` int(11) DEFAULT NULL,
  `current_life` int(11) NOT NULL,
  `max_life` int(11) NOT NULL,
  `money` int(11) NOT NULL,
  `action_point` int(11) NOT NULL,
  `mouvement_point` int(11) NOT NULL,
  `current_mana` int(11) NOT NULL,
  `max_mana` int(11) NOT NULL,
  `map_id` int(11) DEFAULT NULL,
  `case_ordonnee` int(11) NOT NULL,
  `case_abscisse` int(11) NOT NULL,
  `sexe` varchar(255) COLLATE utf8mb4_unicode_ci NOT NULL,
  `max_point_carac` int(11) NOT NULL,
  `actual_point_carac` int(11) NOT NULL,
  `reste_point_carac` int(11) NOT NULL,
  `summoning_sickness` datetime DEFAULT NULL,
  `honneur` int(11) DEFAULT NULL,
  `time_auberge` datetime DEFAULT NULL,
  PRIMARY KEY (`id`),
  UNIQUE KEY `UNIQ_8D93D649E7927C74` (`email`),
  KEY `IDX_8D93D649A2E96BBE` (`guilde_id`),
  KEY `IDX_8D93D649C467684` (`alignement_id`),
  KEY `IDX_8D93D6498F5EA509` (`classe_id`),
  KEY `IDX_8D93D64953C55F64` (`map_id`)
) ENGINE=InnoDB AUTO_INCREMENT=12 DEFAULT CHARSET=utf8mb4 COLLATE=utf8mb4_unicode_ci;

--
-- Déchargement des données de la table `user`
--

INSERT INTO `user` (`id`, `guilde_id`, `alignement_id`, `email`, `roles`, `password`, `pseudo`, `is_active`, `numero`, `description`, `created`, `updated`, `last_connexion`, `classe_id`, `current_life`, `max_life`, `money`, `action_point`, `mouvement_point`, `current_mana`, `max_mana`, `map_id`, `case_ordonnee`, `case_abscisse`, `sexe`, `max_point_carac`, `actual_point_carac`, `reste_point_carac`, `summoning_sickness`, `honneur`, `time_auberge`) VALUES
(1, NULL, NULL, 'clement.silvestre31@gmail.com', '[]', '$argon2id$v=19$m=65536,t=4,p=1$Uy9ublBORld4b2lpMTk2aQ$+v/Sim4OVm9WybQvOWNGJ/jnKc0famSv6ThxqKcStC4', 'shrinay', 1, NULL, NULL, '2021-02-20 17:51:14', NULL, NULL, 5, 450, 450, 145523, 0, 0, 80, 80, 12, 10, 11, 'feminin', 0, 0, 0, '2022-06-06 18:40:32', NULL, NULL),
(2, NULL, NULL, 'clement.silvestre32@gmail.com', '[]', '$argon2id$v=19$m=65536,t=4,p=1$V1hwVU5TOVo0MHptb0dyRg$pf/QW5uaisX0EdCyCyC9AYpKbizAPG2BxiBVXcox91A', 'neraën', 1, NULL, NULL, '2021-02-20 22:36:01', NULL, NULL, NULL, 0, 0, 0, 0, 0, 0, 0, 1, 0, 1, '', 0, 0, 0, NULL, NULL, NULL),
(3, NULL, NULL, 'clement.silvestre33@gmail.com', '[]', '$argon2id$v=19$m=65536,t=4,p=1$LkMxOW5hOGwxZkxLQXVDYQ$kvfGvzXqvrSdd3fWGr4zUDhN+uVTwztw+CZr2lfJom0', 'neraën', 1, NULL, NULL, '2021-02-20 22:41:20', NULL, NULL, NULL, 0, 0, 0, 0, 0, 0, 0, 1, 0, 0, '', 0, 0, 0, NULL, NULL, NULL),
(4, 1, 1, 'clement.silvestre34@gmail.com', '[\"ROLE_USER\", \"ROLE_ADMIN\"]', '$argon2id$v=19$m=65536,t=4,p=1$YlF3RlB4S0RwVk9qckcxTg$+k890pnjPqERn5uhQcm2a6jeE2WR6BZowu2wi/GsD+k', 'neraën', 1, NULL, NULL, '2021-02-20 22:42:22', NULL, NULL, 4, 756, 756, 6573, 361, 331, 250, 250, 6, 6, 10, 'feminin', 0, 0, 0, '2022-10-26 21:04:27', 216, '2022-06-11 08:24:33'),
(5, NULL, 3, 'clement.silvestre38@gmail.com', '[]', '$argon2id$v=19$m=65536,t=4,p=1$VFFHM3NHMTNYYUlxWHlaVA$Li86Nc8GawQ/A3+0L6MRCOc9xX9L0IfaIEZA7a4ZApc', 'neraen38', 1, NULL, NULL, '2022-02-08 06:36:12', NULL, NULL, 1, 200, 200, 1000, 600, 800, 100, 100, 1, 10, 10, '', 0, 0, 0, NULL, NULL, NULL),
(6, NULL, NULL, 'clement.silvestre37@gmail.com', '[]', '$argon2id$v=19$m=65536,t=4,p=1$QndWT0JQd1NvSTlqdU55cg$SQQhKQHu4UwWKDI63hHu1k5DNIYGqNPgVygUgvMQgQQ', 'neraen37', 1, NULL, NULL, '2022-02-08 06:37:21', NULL, NULL, 1, 200, 200, 1000, 600, 800, 100, 100, 1, 10, 10, '', 0, 0, 0, NULL, NULL, NULL),
(7, NULL, NULL, 'clement.silvestre39@gmail.com', '[]', '$argon2id$v=19$m=65536,t=4,p=1$YXN0ampYM2lEa1o4TzhsTA$aoYu6aGygNsA+KakXCxmUgj2pX/LvLjbtUEwfJ0qp/c', 'neraen39', 1, NULL, NULL, '2022-02-08 19:33:39', NULL, NULL, 1, 400, 400, 1000, 600, 800, 100, 100, 2, 10, 11, 'masculin', 0, 0, 0, '2022-05-31 18:28:03', NULL, NULL),
(8, NULL, NULL, 'freya@gmail.com', '[]', '$argon2id$v=19$m=65536,t=4,p=1$TFkwS0ZuT3QubWpGUWd4ag$Wo9MNIgcBJvwfdKyhYEGU5mfz0N4O0a/prHMKIbuaJg', 'Freya', 1, NULL, NULL, '2022-06-02 21:46:52', NULL, NULL, 3, 400, 400, 10, 600, 800, 100, 100, 12, 10, 11, 'feminin', 0, 0, 0, '2022-06-03 14:26:10', NULL, NULL),
(9, NULL, NULL, 'clement.silvestre40@gmail.com', '[]', '$argon2id$v=19$m=65536,t=4,p=1$YVBDRjNzQ3k4MnZvQ0hKbg$MUmiJBdEe1iKmt+lFer9KWg1+JUvxxeHCt5czKo+dqs', 'Shrinay', 1, NULL, NULL, '2022-06-02 21:49:08', NULL, NULL, 3, 400, 400, 10, 600, 800, 100, 100, 12, 10, 11, 'masculin', 0, 0, 0, '2022-06-10 18:28:37', NULL, NULL),
(10, NULL, 2, 'joh@gmail.com', '[]', '$argon2id$v=19$m=65536,t=4,p=1$QUh1ai5XRk9KZVBldTBnbA$k/t8SK73Mv1qZkNCS//zi7bpEK5p29WuX+sHwvglr/k', 'joHeal', 1, NULL, NULL, '2022-06-12 13:58:11', NULL, NULL, 1, 595, 595, 3010, 600, 652, 100, 100, 12, 10, 11, 'masculin', 0, 0, 0, '2022-08-15 20:38:35', -26, NULL),
(11, NULL, 3, 'jom@gmail.com', '[]', '$2y$13$SS7L7iHwzkVRN/.WZZ3YkuQmLqW9KsVwTSa5DUnXSYcdtWet3Jf8q', 'joMage', 1, NULL, NULL, '2022-06-12 16:59:45', NULL, NULL, 5, 188, 765, 1010, 525, 757, 100, 100, 6, 3, 8, 'feminin', 0, 0, 0, '2022-08-17 21:20:59', -3, NULL);

-- --------------------------------------------------------

--
-- Structure de la table `user_boss`
--

DROP TABLE IF EXISTS `user_boss`;
CREATE TABLE IF NOT EXISTS `user_boss` (
  `id` int(11) NOT NULL AUTO_INCREMENT,
  `user_id` int(11) NOT NULL,
  `boss_id` int(11) NOT NULL,
  `last_kill` datetime NOT NULL,
  `number_kill` int(11) NOT NULL,
  PRIMARY KEY (`id`),
  KEY `IDX_447F2AF3A76ED395` (`user_id`),
  KEY `IDX_447F2AF3261FB672` (`boss_id`)
) ENGINE=InnoDB AUTO_INCREMENT=2 DEFAULT CHARSET=utf8mb4 COLLATE=utf8mb4_unicode_ci;

--
-- Déchargement des données de la table `user_boss`
--

INSERT INTO `user_boss` (`id`, `user_id`, `boss_id`, `last_kill`, `number_kill`) VALUES
(1, 4, 1, '2022-10-26 21:03:57', 4);

-- --------------------------------------------------------

--
-- Structure de la table `user_buff`
--

DROP TABLE IF EXISTS `user_buff`;
CREATE TABLE IF NOT EXISTS `user_buff` (
  `id` int(11) NOT NULL AUTO_INCREMENT,
  `buff_id` int(11) DEFAULT NULL,
  `user_id` int(11) NOT NULL,
  `date_debut` datetime NOT NULL,
  `date_fin` datetime NOT NULL,
  PRIMARY KEY (`id`),
  KEY `IDX_FA60EAA4B9528D0` (`buff_id`),
  KEY `IDX_FA60EAAA76ED395` (`user_id`)
) ENGINE=InnoDB AUTO_INCREMENT=22 DEFAULT CHARSET=utf8mb4 COLLATE=utf8mb4_unicode_ci;

--
-- Déchargement des données de la table `user_buff`
--

INSERT INTO `user_buff` (`id`, `buff_id`, `user_id`, `date_debut`, `date_fin`) VALUES
(10, 1, 4, '2022-08-02 16:01:45', '0000-00-00 00:00:00'),
(13, 4, 11, '2022-08-02 19:41:52', '0000-00-00 00:00:00'),
(14, 2, 4, '2022-08-02 19:45:47', '0000-00-00 00:00:00'),
(21, 5, 4, '2022-10-16 16:47:28', '2022-10-16 16:52:28');

-- --------------------------------------------------------

--
-- Structure de la table `user_consommable`
--

DROP TABLE IF EXISTS `user_consommable`;
CREATE TABLE IF NOT EXISTS `user_consommable` (
  `id` int(11) NOT NULL AUTO_INCREMENT,
  `user_id` int(11) NOT NULL,
  `consommable_id` int(11) NOT NULL,
  `position` int(11) NOT NULL,
  `quantity` int(11) DEFAULT NULL,
  PRIMARY KEY (`id`),
  KEY `IDX_957B6D8A76ED395` (`user_id`),
  KEY `IDX_957B6D8C9CEB381` (`consommable_id`)
) ENGINE=InnoDB AUTO_INCREMENT=5 DEFAULT CHARSET=utf8mb4 COLLATE=utf8mb4_unicode_ci;

--
-- Déchargement des données de la table `user_consommable`
--

INSERT INTO `user_consommable` (`id`, `user_id`, `consommable_id`, `position`, `quantity`) VALUES
(1, 4, 1, 1, 50),
(2, 4, 2, 2, 50),
(3, 11, 1, 1, 100),
(4, 11, 2, 2, 100);

-- --------------------------------------------------------

--
-- Structure de la table `user_equipement`
--

DROP TABLE IF EXISTS `user_equipement`;
CREATE TABLE IF NOT EXISTS `user_equipement` (
  `id` int(11) NOT NULL AUTO_INCREMENT,
  `user_id` int(11) NOT NULL,
  `equipement_id` int(11) NOT NULL,
  PRIMARY KEY (`id`),
  KEY `IDX_1FD3001FA76ED395` (`user_id`),
  KEY `IDX_1FD3001F806F0F5C` (`equipement_id`)
) ENGINE=InnoDB AUTO_INCREMENT=31 DEFAULT CHARSET=utf8mb4 COLLATE=utf8mb4_unicode_ci;

--
-- Déchargement des données de la table `user_equipement`
--

INSERT INTO `user_equipement` (`id`, `user_id`, `equipement_id`) VALUES
(22, 4, 1),
(23, 4, 2),
(24, 4, 3),
(25, 4, 4),
(26, 4, 5),
(27, 4, 7),
(28, 4, 8),
(30, 11, 2);

-- --------------------------------------------------------

--
-- Structure de la table `user_quete`
--

DROP TABLE IF EXISTS `user_quete`;
CREATE TABLE IF NOT EXISTS `user_quete` (
  `id` int(11) NOT NULL AUTO_INCREMENT,
  `user_id` int(11) NOT NULL,
  `quete_id` int(11) NOT NULL,
  `is_done` tinyint(1) NOT NULL,
  `sequence_id` int(11) DEFAULT NULL,
  PRIMARY KEY (`id`),
  KEY `IDX_8424B57AA76ED395` (`user_id`),
  KEY `IDX_8424B57A7A1B721E` (`quete_id`),
  KEY `IDX_8424B57A98FB19AE` (`sequence_id`)
) ENGINE=InnoDB AUTO_INCREMENT=4 DEFAULT CHARSET=utf8mb4 COLLATE=utf8mb4_unicode_ci;

--
-- Déchargement des données de la table `user_quete`
--

INSERT INTO `user_quete` (`id`, `user_id`, `quete_id`, `is_done`, `sequence_id`) VALUES
(1, 4, 1, 1, 2),
(2, 10, 1, 1, 1),
(3, 11, 1, 1, 1);

-- --------------------------------------------------------

--
-- Structure de la table `user_sequence`
--

DROP TABLE IF EXISTS `user_sequence`;
CREATE TABLE IF NOT EXISTS `user_sequence` (
  `id` int(11) NOT NULL AUTO_INCREMENT,
  `user_id` int(11) NOT NULL,
  `sequence_id` int(11) NOT NULL,
  PRIMARY KEY (`id`),
  KEY `IDX_B20B332BA76ED395` (`user_id`),
  KEY `IDX_B20B332B98FB19AE` (`sequence_id`)
) ENGINE=InnoDB AUTO_INCREMENT=3 DEFAULT CHARSET=utf8mb4 COLLATE=utf8mb4_unicode_ci;

--
-- Déchargement des données de la table `user_sequence`
--

INSERT INTO `user_sequence` (`id`, `user_id`, `sequence_id`) VALUES
(2, 4, 1);

-- --------------------------------------------------------

--
-- Structure de la table `user_sortilege`
--

DROP TABLE IF EXISTS `user_sortilege`;
CREATE TABLE IF NOT EXISTS `user_sortilege` (
  `id` int(11) NOT NULL AUTO_INCREMENT,
  `user_id` int(11) NOT NULL,
  `sortilege_id` int(11) NOT NULL,
  `ordre` int(11) NOT NULL,
  PRIMARY KEY (`id`),
  KEY `IDX_71E26663A76ED395` (`user_id`),
  KEY `IDX_71E26663D1BF834F` (`sortilege_id`)
) ENGINE=InnoDB AUTO_INCREMENT=5 DEFAULT CHARSET=utf8mb4 COLLATE=utf8mb4_unicode_ci;

--
-- Déchargement des données de la table `user_sortilege`
--

INSERT INTO `user_sortilege` (`id`, `user_id`, `sortilege_id`, `ordre`) VALUES
(1, 4, 1, 1),
(2, 4, 2, 2),
(3, 4, 8, 3),
(4, 4, 9, 4);

-- --------------------------------------------------------

--
-- Structure de la table `wrap`
--

DROP TABLE IF EXISTS `wrap`;
CREATE TABLE IF NOT EXISTS `wrap` (
  `id` int(11) NOT NULL AUTO_INCREMENT,
  `value` int(11) DEFAULT NULL,
  `map_condition` varchar(255) COLLATE utf8mb4_unicode_ci DEFAULT NULL,
  PRIMARY KEY (`id`)
) ENGINE=InnoDB AUTO_INCREMENT=5 DEFAULT CHARSET=utf8mb4 COLLATE=utf8mb4_unicode_ci;

--
-- Déchargement des données de la table `wrap`
--

INSERT INTO `wrap` (`id`, `value`, `map_condition`) VALUES
(1, NULL, NULL),
(2, 1, 'boss'),
(3, 15, 'level'),
(4, 1, 'alignement');

--
-- Contraintes pour les tables déchargées
--

--
-- Contraintes pour la table `alignement`
--
ALTER TABLE `alignement`
  ADD CONSTRAINT `FK_AE27FF7DC9C7CEB6` FOREIGN KEY (`carte_id`) REFERENCES `carte` (`id`);

--
-- Contraintes pour la table `boss_equipement`
--
ALTER TABLE `boss_equipement`
  ADD CONSTRAINT `FK_3B00863261FB672` FOREIGN KEY (`boss_id`) REFERENCES `boss` (`id`),
  ADD CONSTRAINT `FK_3B00863806F0F5C` FOREIGN KEY (`equipement_id`) REFERENCES `equipement` (`id`);

--
-- Contraintes pour la table `boss_objet`
--
ALTER TABLE `boss_objet`
  ADD CONSTRAINT `FK_372AAF8C261FB672` FOREIGN KEY (`boss_id`) REFERENCES `boss` (`id`),
  ADD CONSTRAINT `FK_372AAF8CF520CF5A` FOREIGN KEY (`objet_id`) REFERENCES `objet` (`id`);

--
-- Contraintes pour la table `boss_recompense`
--
ALTER TABLE `boss_recompense`
  ADD CONSTRAINT `FK_A59F0E4E261FB672` FOREIGN KEY (`boss_id`) REFERENCES `boss` (`id`),
  ADD CONSTRAINT `FK_A59F0E4E4D714096` FOREIGN KEY (`recompense_id`) REFERENCES `recompense` (`id`);

--
-- Contraintes pour la table `boss_sortilege`
--
ALTER TABLE `boss_sortilege`
  ADD CONSTRAINT `FK_7E8B7832261FB672` FOREIGN KEY (`boss_id`) REFERENCES `boss` (`id`),
  ADD CONSTRAINT `FK_7E8B7832947AAC7D` FOREIGN KEY (`non_player_sortilege_id`) REFERENCES `non_player_sortillege` (`id`);

--
-- Contraintes pour la table `buff_caracteristique`
--
ALTER TABLE `buff_caracteristique`
  ADD CONSTRAINT `FK_D112B7711704EEB7` FOREIGN KEY (`caracteristique_id`) REFERENCES `caracteristique` (`id`),
  ADD CONSTRAINT `FK_D112B7714B9528D0` FOREIGN KEY (`buff_id`) REFERENCES `buff` (`id`);

--
-- Contraintes pour la table `carte_carreau`
--
ALTER TABLE `carte_carreau`
  ADD CONSTRAINT `FK_E5E3BC85261FB672` FOREIGN KEY (`boss_id`) REFERENCES `boss` (`id`),
  ADD CONSTRAINT `FK_E5E3BC853E4A9995` FOREIGN KEY (`carreau_id`) REFERENCES `carreau` (`id`),
  ADD CONSTRAINT `FK_E5E3BC8551796E0B` FOREIGN KEY (`pnj_id`) REFERENCES `pnj` (`id`),
  ADD CONSTRAINT `FK_E5E3BC8567E2515C` FOREIGN KEY (`monstre_carreau_id`) REFERENCES `monstre_carreau` (`id`),
  ADD CONSTRAINT `FK_E5E3BC859D32F035` FOREIGN KEY (`action_id`) REFERENCES `action` (`id`),
  ADD CONSTRAINT `FK_E5E3BC85A4247F52` FOREIGN KEY (`wrap_id`) REFERENCES `wrap` (`id`),
  ADD CONSTRAINT `FK_E5E3BC85A9E2D76C` FOREIGN KEY (`joueur_id`) REFERENCES `user` (`id`),
  ADD CONSTRAINT `FK_E5E3BC85C9C7CEB6` FOREIGN KEY (`carte_id`) REFERENCES `carte` (`id`);

--
-- Contraintes pour la table `equipement`
--
ALTER TABLE `equipement`
  ADD CONSTRAINT `FK_B8B4C6F38F66ADB2` FOREIGN KEY (`position_equipement_id`) REFERENCES `position_equipement` (`id`),
  ADD CONSTRAINT `FK_B8B4C6F3F3747573` FOREIGN KEY (`rarity_id`) REFERENCES `rarity` (`id`);

--
-- Contraintes pour la table `equipement_caracteristique`
--
ALTER TABLE `equipement_caracteristique`
  ADD CONSTRAINT `FK_6C58D3541704EEB7` FOREIGN KEY (`caracteristique_id`) REFERENCES `caracteristique` (`id`),
  ADD CONSTRAINT `FK_6C58D354806F0F5C` FOREIGN KEY (`equipement_id`) REFERENCES `equipement` (`id`);

--
-- Contraintes pour la table `equipement_classe`
--
ALTER TABLE `equipement_classe`
  ADD CONSTRAINT `FK_D9124D59806F0F5C` FOREIGN KEY (`equipement_id`) REFERENCES `equipement` (`id`) ON DELETE CASCADE,
  ADD CONSTRAINT `FK_D9124D598F5EA509` FOREIGN KEY (`classe_id`) REFERENCES `classe` (`id`) ON DELETE CASCADE;

--
-- Contraintes pour la table `friend`
--
ALTER TABLE `friend`
  ADD CONSTRAINT `FK_55EEAC61441B8B65` FOREIGN KEY (`user2_id`) REFERENCES `user` (`id`),
  ADD CONSTRAINT `FK_55EEAC6156AE248B` FOREIGN KEY (`user1_id`) REFERENCES `user` (`id`);

--
-- Contraintes pour la table `guilde`
--
ALTER TABLE `guilde`
  ADD CONSTRAINT `FK_AEAB4047C467684` FOREIGN KEY (`alignement_id`) REFERENCES `alignement` (`id`);

--
-- Contraintes pour la table `historique`
--
ALTER TABLE `historique`
  ADD CONSTRAINT `FK_EDBFD5ECA76ED395` FOREIGN KEY (`user_id`) REFERENCES `user` (`id`);

--
-- Contraintes pour la table `inventaire`
--
ALTER TABLE `inventaire`
  ADD CONSTRAINT `FK_338920E0A76ED395` FOREIGN KEY (`user_id`) REFERENCES `user` (`id`);

--
-- Contraintes pour la table `inventaire_consommable`
--
ALTER TABLE `inventaire_consommable`
  ADD CONSTRAINT `FK_3D549F50C9CEB381` FOREIGN KEY (`consommable_id`) REFERENCES `consommable` (`id`),
  ADD CONSTRAINT `FK_3D549F50CE430A85` FOREIGN KEY (`inventaire_id`) REFERENCES `inventaire` (`id`);

--
-- Contraintes pour la table `inventaire_equipement`
--
ALTER TABLE `inventaire_equipement`
  ADD CONSTRAINT `FK_72237476806F0F5C` FOREIGN KEY (`equipement_id`) REFERENCES `equipement` (`id`),
  ADD CONSTRAINT `FK_72237476CE430A85` FOREIGN KEY (`inventaire_id`) REFERENCES `inventaire` (`id`);

--
-- Contraintes pour la table `inventaire_objet`
--
ALTER TABLE `inventaire_objet`
  ADD CONSTRAINT `FK_AD0C365ACE430A85` FOREIGN KEY (`inventaire_id`) REFERENCES `inventaire` (`id`),
  ADD CONSTRAINT `FK_AD0C365AF520CF5A` FOREIGN KEY (`objet_id`) REFERENCES `objet` (`id`);

--
-- Contraintes pour la table `joueur_caracteristique`
--
ALTER TABLE `joueur_caracteristique`
  ADD CONSTRAINT `FK_3EAC2DEB1704EEB7` FOREIGN KEY (`caracteristique_id`) REFERENCES `caracteristique` (`id`),
  ADD CONSTRAINT `FK_3EAC2DEBA76ED395` FOREIGN KEY (`user_id`) REFERENCES `user` (`id`);

--
-- Contraintes pour la table `joueur_caracteristique_bonus`
--
ALTER TABLE `joueur_caracteristique_bonus`
  ADD CONSTRAINT `FK_793AFD351704EEB7` FOREIGN KEY (`caracteristique_id`) REFERENCES `caracteristique` (`id`),
  ADD CONSTRAINT `FK_793AFD35A9E2D76C` FOREIGN KEY (`joueur_id`) REFERENCES `user` (`id`);

--
-- Contraintes pour la table `joueur_dialogue`
--
ALTER TABLE `joueur_dialogue`
  ADD CONSTRAINT `FK_7B0B32A1A6E12CBD` FOREIGN KEY (`dialogue_id`) REFERENCES `dialogue` (`id`),
  ADD CONSTRAINT `FK_7B0B32A1A9E2D76C` FOREIGN KEY (`joueur_id`) REFERENCES `user` (`id`);

--
-- Contraintes pour la table `joueur_grade`
--
ALTER TABLE `joueur_grade`
  ADD CONSTRAINT `FK_81EF1732A76ED395` FOREIGN KEY (`user_id`) REFERENCES `user` (`id`),
  ADD CONSTRAINT `FK_81EF1732FE19A1A8` FOREIGN KEY (`grade_id`) REFERENCES `grade` (`id`);

--
-- Contraintes pour la table `joueur_guilde`
--
ALTER TABLE `joueur_guilde`
  ADD CONSTRAINT `FK_471050CBA2E96BBE` FOREIGN KEY (`guilde_id`) REFERENCES `guilde` (`id`),
  ADD CONSTRAINT `FK_471050CBA76ED395` FOREIGN KEY (`user_id`) REFERENCES `user` (`id`);

--
-- Contraintes pour la table `message`
--
ALTER TABLE `message`
  ADD CONSTRAINT `FK_B6BD307F10335F61` FOREIGN KEY (`expediteur_id`) REFERENCES `user` (`id`),
  ADD CONSTRAINT `FK_B6BD307FA4F84F6E` FOREIGN KEY (`destinataire_id`) REFERENCES `user` (`id`);

--
-- Contraintes pour la table `monstre`
--
ALTER TABLE `monstre`
  ADD CONSTRAINT `FK_A20EC7A5F0CC4EC8` FOREIGN KEY (`carte_carreau_id`) REFERENCES `carte_carreau` (`id`);

--
-- Contraintes pour la table `monstre_carreau`
--
ALTER TABLE `monstre_carreau`
  ADD CONSTRAINT `FK_1B995CC9DAF13697` FOREIGN KEY (`monstre_id`) REFERENCES `monstre` (`id`),
  ADD CONSTRAINT `FK_1B995CC9F0CC4EC8` FOREIGN KEY (`carte_carreau_id`) REFERENCES `carte_carreau` (`id`);

--
-- Contraintes pour la table `monstre_objet`
--
ALTER TABLE `monstre_objet`
  ADD CONSTRAINT `FK_E432EA0FDAF13697` FOREIGN KEY (`monstre_id`) REFERENCES `monstre` (`id`),
  ADD CONSTRAINT `FK_E432EA0FF520CF5A` FOREIGN KEY (`objet_id`) REFERENCES `objet` (`id`);

--
-- Contraintes pour la table `niveau_joueur`
--
ALTER TABLE `niveau_joueur`
  ADD CONSTRAINT `FK_59450A5AA76ED395` FOREIGN KEY (`user_id`) REFERENCES `user` (`id`),
  ADD CONSTRAINT `FK_59450A5AB3E9C81` FOREIGN KEY (`niveau_id`) REFERENCES `niveau` (`id`);

--
-- Contraintes pour la table `pnj`
--
ALTER TABLE `pnj`
  ADD CONSTRAINT `FK_FDA97F2D4D16C4DD` FOREIGN KEY (`shop_id`) REFERENCES `shop` (`id`),
  ADD CONSTRAINT `FK_FDA97F2D7A1B721E` FOREIGN KEY (`quete_id`) REFERENCES `quete` (`id`);

--
-- Contraintes pour la table `recompense`
--
ALTER TABLE `recompense`
  ADD CONSTRAINT `FK_1E9BC0DE806F0F5C` FOREIGN KEY (`equipement_id`) REFERENCES `equipement` (`id`),
  ADD CONSTRAINT `FK_1E9BC0DE98FB19AE` FOREIGN KEY (`sequence_id`) REFERENCES `sequence` (`id`),
  ADD CONSTRAINT `FK_1E9BC0DEC9CEB381` FOREIGN KEY (`consommable_id`) REFERENCES `consommable` (`id`),
  ADD CONSTRAINT `FK_1E9BC0DEF520CF5A` FOREIGN KEY (`objet_id`) REFERENCES `objet` (`id`);

--
-- Contraintes pour la table `sequence`
--
ALTER TABLE `sequence`
  ADD CONSTRAINT `FK_5286D72B51796E0B` FOREIGN KEY (`pnj_id`) REFERENCES `pnj` (`id`),
  ADD CONSTRAINT `FK_5286D72B7A1B721E` FOREIGN KEY (`quete_id`) REFERENCES `quete` (`id`),
  ADD CONSTRAINT `FK_5286D72BA6E12CBD` FOREIGN KEY (`dialogue_id`) REFERENCES `dialogue` (`id`);

--
-- Contraintes pour la table `sequence_action`
--
ALTER TABLE `sequence_action`
  ADD CONSTRAINT `FK_23DCA8FB98FB19AE` FOREIGN KEY (`sequence_id`) REFERENCES `sequence` (`id`),
  ADD CONSTRAINT `FK_23DCA8FB9D32F035` FOREIGN KEY (`action_id`) REFERENCES `action` (`id`);

--
-- Contraintes pour la table `shop_equipement`
--
ALTER TABLE `shop_equipement`
  ADD CONSTRAINT `FK_C2C72BD54D16C4DD` FOREIGN KEY (`shop_id`) REFERENCES `shop` (`id`),
  ADD CONSTRAINT `FK_C2C72BD5806F0F5C` FOREIGN KEY (`equipement_id`) REFERENCES `equipement` (`id`);

--
-- Contraintes pour la table `shop_objet`
--
ALTER TABLE `shop_objet`
  ADD CONSTRAINT `FK_81DB166A4D16C4DD` FOREIGN KEY (`shop_id`) REFERENCES `shop` (`id`),
  ADD CONSTRAINT `FK_81DB166AF520CF5A` FOREIGN KEY (`objet_id`) REFERENCES `objet` (`id`);

--
-- Contraintes pour la table `sortilege`
--
ALTER TABLE `sortilege`
  ADD CONSTRAINT `FK_7102EB874B9528D0` FOREIGN KEY (`buff_id`) REFERENCES `buff` (`id`),
  ADD CONSTRAINT `FK_7102EB878F5EA509` FOREIGN KEY (`classe_id`) REFERENCES `classe` (`id`);

--
-- Contraintes pour la table `user`
--
ALTER TABLE `user`
  ADD CONSTRAINT `FK_8D93D64953C55F64` FOREIGN KEY (`map_id`) REFERENCES `carte` (`id`),
  ADD CONSTRAINT `FK_8D93D6498F5EA509` FOREIGN KEY (`classe_id`) REFERENCES `classe` (`id`),
  ADD CONSTRAINT `FK_8D93D649A2E96BBE` FOREIGN KEY (`guilde_id`) REFERENCES `guilde` (`id`),
  ADD CONSTRAINT `FK_8D93D649C467684` FOREIGN KEY (`alignement_id`) REFERENCES `alignement` (`id`);

--
-- Contraintes pour la table `user_boss`
--
ALTER TABLE `user_boss`
  ADD CONSTRAINT `FK_447F2AF3261FB672` FOREIGN KEY (`boss_id`) REFERENCES `boss` (`id`),
  ADD CONSTRAINT `FK_447F2AF3A76ED395` FOREIGN KEY (`user_id`) REFERENCES `user` (`id`);

--
-- Contraintes pour la table `user_buff`
--
ALTER TABLE `user_buff`
  ADD CONSTRAINT `FK_FA60EAA4B9528D0` FOREIGN KEY (`buff_id`) REFERENCES `buff` (`id`),
  ADD CONSTRAINT `FK_FA60EAAA76ED395` FOREIGN KEY (`user_id`) REFERENCES `user` (`id`);

--
-- Contraintes pour la table `user_consommable`
--
ALTER TABLE `user_consommable`
  ADD CONSTRAINT `FK_957B6D8A76ED395` FOREIGN KEY (`user_id`) REFERENCES `user` (`id`),
  ADD CONSTRAINT `FK_957B6D8C9CEB381` FOREIGN KEY (`consommable_id`) REFERENCES `consommable` (`id`);

--
-- Contraintes pour la table `user_equipement`
--
ALTER TABLE `user_equipement`
  ADD CONSTRAINT `FK_1FD3001F806F0F5C` FOREIGN KEY (`equipement_id`) REFERENCES `equipement` (`id`),
  ADD CONSTRAINT `FK_1FD3001FA76ED395` FOREIGN KEY (`user_id`) REFERENCES `user` (`id`);

--
-- Contraintes pour la table `user_quete`
--
ALTER TABLE `user_quete`
  ADD CONSTRAINT `FK_8424B57A7A1B721E` FOREIGN KEY (`quete_id`) REFERENCES `quete` (`id`),
  ADD CONSTRAINT `FK_8424B57A98FB19AE` FOREIGN KEY (`sequence_id`) REFERENCES `sequence` (`id`),
  ADD CONSTRAINT `FK_8424B57AA76ED395` FOREIGN KEY (`user_id`) REFERENCES `user` (`id`);

--
-- Contraintes pour la table `user_sequence`
--
ALTER TABLE `user_sequence`
  ADD CONSTRAINT `FK_B20B332B98FB19AE` FOREIGN KEY (`sequence_id`) REFERENCES `sequence` (`id`),
  ADD CONSTRAINT `FK_B20B332BA76ED395` FOREIGN KEY (`user_id`) REFERENCES `user` (`id`);

--
-- Contraintes pour la table `user_sortilege`
--
ALTER TABLE `user_sortilege`
  ADD CONSTRAINT `FK_71E26663A76ED395` FOREIGN KEY (`user_id`) REFERENCES `user` (`id`),
  ADD CONSTRAINT `FK_71E26663D1BF834F` FOREIGN KEY (`sortilege_id`) REFERENCES `sortilege` (`id`);
COMMIT;

/*!40101 SET CHARACTER_SET_CLIENT=@OLD_CHARACTER_SET_CLIENT */;
/*!40101 SET CHARACTER_SET_RESULTS=@OLD_CHARACTER_SET_RESULTS */;
/*!40101 SET COLLATION_CONNECTION=@OLD_COLLATION_CONNECTION */;
